Subject	Object
BFO:0000002	BFO:0000001
BFO:0000003	BFO:0000001
BFO:0000004	BFO:0000002
BFO:0000006	BFO:0000141
BFO:0000015	BFO:0000003
BFO:0000016	BFO:0000017
BFO:0000017	BFO:0000020
BFO:0000017	COB:0000502
BFO:0000019	BFO:0000020
BFO:0000020	BFO:0000002
BFO:0000023	BFO:0000017
BFO:0000031	BFO:0000002
BFO:0000034	BFO:0000016
BFO:0000040	BFO:0000004
BFO:0000141	BFO:0000004
BSPO:0000000	BSPO:0000054
BSPO:0000007	BSPO:0000054
BSPO:0000010	CARO:0000008
BSPO:0000013	BSPO:0000010
BSPO:0000016	BSPO:0000010
BSPO:0000017	BSPO:0000010
BSPO:0000018	BSPO:0000400
BSPO:0000019	BSPO:0000400
BSPO:0000054	BSPO:0000070
BSPO:0000070	CARO:0000003
BSPO:0000400	CARO:0000010
BSPO:0000417	BSPO:0000010
BSPO:0000417	BSPO:0000400
CARO:0000003	CARO:0000006
CARO:0000006	CARO:0000000
CARO:0000007	CARO:0000000
CARO:0000008	CARO:0000007
CARO:0000010	CARO:0000007
CHEBI:10545	CHEBI:36338
CHEBI:131565	CHEBI:17478
CHEBI:131565	CHEBI:35341
CHEBI:131604	CHEBI:76969
CHEBI:131621	CHEBI:35341
CHEBI:131927	CHEBI:36586
CHEBI:132153	CHEBI:61469
CHEBI:132153	CHEBI:63551
CHEBI:133294	CHEBI:28965
CHEBI:133294	CHEBI:35903
CHEBI:134179	CHEBI:72695
CHEBI:136849	CHEBI:33247
CHEBI:136889	CHEBI:35341
CHEBI:138103	CHEBI:39141
CHEBI:138366	CHEBI:25384
CHEBI:138366	CHEBI:35350
CHEBI:138366	CHEBI:36078
CHEBI:13850	BFO:0000004
CHEBI:13850	CHEBI:38560
CHEBI:138675	CHEBI:33579
CHEBI:139120	CHEBI:23044
CHEBI:13941	CHEBI:37022
CHEBI:139588	CHEBI:17087
CHEBI:139588	CHEBI:33822
CHEBI:139590	CHEBI:139588
CHEBI:139590	CHEBI:15734
CHEBI:140325	CHEBI:37622
CHEBI:140601	CHEBI:26666
CHEBI:141668	CHEBI:65296
CHEBI:142163	BFO:0000004
CHEBI:142163	CHEBI:24433
CHEBI:142355	CHEBI:26399
CHEBI:14321	BFO:0000004
CHEBI:14321	CHEBI:33558
CHEBI:15339	CHEBI:51086
CHEBI:15354	BFO:0000004
CHEBI:15354	CHEBI:23217
CHEBI:15355	BFO:0000004
CHEBI:15355	CHEBI:35287
CHEBI:15355	CHEBI:47622
CHEBI:15366	CHEBI:25384
CHEBI:15377	BFO:0000004
CHEBI:15377	CHEBI:33693
CHEBI:15377	CHEBI:37176
CHEBI:15377	CHEBI:52625
CHEBI:15378	CHEBI:25414
CHEBI:15378	CHEBI:33251
CHEBI:15378	CHEBI:33252
CHEBI:15378	CHEBI:60242
CHEBI:15379	BFO:0000004
CHEBI:15379	CHEBI:138675
CHEBI:15379	CHEBI:25362
CHEBI:15379	CHEBI:33263
CHEBI:15422	CHEBI:37045
CHEBI:15422	CHEBI:37096
CHEBI:15440	BFO:0000004
CHEBI:15440	CHEBI:35191
CHEBI:15693	CHEBI:35381
CHEBI:15705	CHEBI:33704
CHEBI:15734	CHEBI:30879
CHEBI:15740	BFO:0000004
CHEBI:15740	CHEBI:35757
CHEBI:15841	CHEBI:16670
CHEBI:15841	CHEBI:33839
CHEBI:15966	CHEBI:16733
CHEBI:15966	CHEBI:18237
CHEBI:15986	CHEBI:33695
CHEBI:15986	CHEBI:61120
CHEBI:16015	CHEBI:18237
CHEBI:16015	CHEBI:24318
CHEBI:16134	BFO:0000004
CHEBI:16134	CHEBI:138675
CHEBI:16134	CHEBI:35107
CHEBI:16134	CHEBI:37176
CHEBI:16137	BFO:0000004
CHEBI:16137	CHEBI:37395
CHEBI:16189	BFO:0000004
CHEBI:16189	CHEBI:33482
CHEBI:16189	CHEBI:48154
CHEBI:16189	CHEBI:79388
CHEBI:16234	BFO:0000004
CHEBI:16234	CHEBI:33693
CHEBI:16247	CHEBI:18059
CHEBI:16247	CHEBI:25703
CHEBI:16247	CHEBI:37734
CHEBI:16335	BFO:0000004
CHEBI:16335	CHEBI:142355
CHEBI:16335	CHEBI:22260
CHEBI:16336	BFO:0000004
CHEBI:16336	CHEBI:37395
CHEBI:16336	CHEBI:72813
CHEBI:16526	BFO:0000004
CHEBI:16526	CHEBI:138675
CHEBI:16526	CHEBI:23014
CHEBI:16526	CHEBI:64708
CHEBI:16541	CHEBI:15841
CHEBI:16646	CHEBI:78616
CHEBI:16666	CHEBI:36145
CHEBI:16670	CHEBI:37622
CHEBI:16670	CHEBI:50047
CHEBI:166902	CHEBI:25697
CHEBI:166902	CHEBI:35274
CHEBI:16701	CHEBI:29075
CHEBI:16708	BFO:0000004
CHEBI:16708	CHEBI:20706
CHEBI:16708	CHEBI:26386
CHEBI:16716	BFO:0000004
CHEBI:16716	CHEBI:134179
CHEBI:16716	CHEBI:22712
CHEBI:16716	CHEBI:33842
CHEBI:167164	BFO:0000004
CHEBI:167164	CHEBI:46662
CHEBI:16733	CHEBI:83925
CHEBI:167559	CHEBI:78616
CHEBI:16761	CHEBI:37038
CHEBI:16761	CHEBI:37096
CHEBI:16765	CHEBI:27162
CHEBI:16765	CHEBI:38631
CHEBI:16765	CHEBI:38958
CHEBI:16765	CHEBI:64365
CHEBI:16796	BFO:0000004
CHEBI:16796	CHEBI:22160
CHEBI:16796	CHEBI:27162
CHEBI:16862	BFO:0000004
CHEBI:16862	CHEBI:25608
CHEBI:16865	CHEBI:25384
CHEBI:16865	CHEBI:33707
CHEBI:16988	BFO:0000004
CHEBI:16988	CHEBI:33942
CHEBI:16990	CHEBI:35692
CHEBI:16990	CHEBI:36735
CHEBI:16991	BFO:0000004
CHEBI:16991	CHEBI:33696
CHEBI:16998	CHEBI:16733
CHEBI:16998	CHEBI:28044
CHEBI:17026	CHEBI:36885
CHEBI:17026	CHEBI:47909
CHEBI:17026	CHEBI:64600
CHEBI:17029	BFO:0000004
CHEBI:17029	CHEBI:21638
CHEBI:17029	CHEBI:22506
CHEBI:17087	CHEBI:36586
CHEBI:17089	CHEBI:33837
CHEBI:17089	CHEBI:63299
CHEBI:17234	BFO:0000004
CHEBI:17234	CHEBI:33917
CHEBI:17258	CHEBI:35584
CHEBI:17272	BFO:0000004
CHEBI:17272	CHEBI:78113
CHEBI:17295	CHEBI:28044
CHEBI:17295	CHEBI:73690
CHEBI:173084	CHEBI:35222
CHEBI:173084	CHEBI:52206
CHEBI:173085	CHEBI:52206
CHEBI:17326	BFO:0000004
CHEBI:17326	CHEBI:25608
CHEBI:17347	BFO:0000004
CHEBI:17347	CHEBI:131621
CHEBI:17347	CHEBI:35343
CHEBI:17347	CHEBI:47909
CHEBI:17347	CHEBI:50402
CHEBI:17478	CHEBI:36586
CHEBI:17544	BFO:0000004
CHEBI:17544	CHEBI:35604
CHEBI:17578	BFO:0000004
CHEBI:17578	CHEBI:134179
CHEBI:17578	CHEBI:27024
CHEBI:17578	CHEBI:38975
CHEBI:17579	BFO:0000004
CHEBI:17579	CHEBI:139120
CHEBI:17579	CHEBI:35163
CHEBI:17608	CHEBI:33917
CHEBI:17608	CHEBI:4194
CHEBI:17634	CHEBI:17234
CHEBI:17634	CHEBI:17608
CHEBI:176497	CHEBI:50267
CHEBI:17668	CHEBI:16862
CHEBI:17761	CHEBI:26739
CHEBI:17761	CHEBI:37622
CHEBI:17843	CHEBI:33697
CHEBI:17891	CHEBI:51086
CHEBI:17895	CHEBI:18186
CHEBI:17895	CHEBI:73690
CHEBI:17968	BFO:0000004
CHEBI:17968	CHEBI:78115
CHEBI:17972	CHEBI:17326
CHEBI:18059	CHEBI:50860
CHEBI:18085	CHEBI:22506
CHEBI:18133	CHEBI:35381
CHEBI:18154	CHEBI:16646
CHEBI:18154	CHEBI:167559
CHEBI:18154	CHEBI:33694
CHEBI:18186	CHEBI:26167
CHEBI:18186	CHEBI:33704
CHEBI:18186	CHEBI:33856
CHEBI:18237	CHEBI:26167
CHEBI:18237	CHEBI:33704
CHEBI:18243	CHEBI:33567
CHEBI:18246	CHEBI:28793
CHEBI:18248	BFO:0000004
CHEBI:18248	CHEBI:33356
CHEBI:18254	CHEBI:33838
CHEBI:18254	CHEBI:47019
CHEBI:18282	CHEBI:38101
CHEBI:18295	CHEBI:24780
CHEBI:18295	CHEBI:64365
CHEBI:18310	CHEBI:24632
CHEBI:18310	CHEBI:33653
CHEBI:18357	CHEBI:33569
CHEBI:18367	CHEBI:35780
CHEBI:18367	CHEBI:79387
CHEBI:190295	CHEBI:167164
CHEBI:190295	CHEBI:24839
CHEBI:194548	CHEBI:33567
CHEBI:20664	CHEBI:35519
CHEBI:20706	CHEBI:22527
CHEBI:21638	CHEBI:21656
CHEBI:21638	CHEBI:24271
CHEBI:21656	CHEBI:24586
CHEBI:21731	CHEBI:35352
CHEBI:21731	CHEBI:63161
CHEBI:21968	CHEBI:25703
CHEBI:21968	CHEBI:26051
CHEBI:21968	CHEBI:37734
CHEBI:22160	CHEBI:37622
CHEBI:22221	CHEBI:33247
CHEBI:22256	CHEBI:61296
CHEBI:22260	CHEBI:26399
CHEBI:22313	CHEBI:33318
CHEBI:22313	CHEBI:33521
CHEBI:22313	CHEBI:33559
CHEBI:22314	CHEBI:33318
CHEBI:22314	CHEBI:33521
CHEBI:22314	CHEBI:33559
CHEBI:22315	BFO:0000004
CHEBI:22315	CHEBI:35352
CHEBI:22492	CHEBI:17478
CHEBI:22506	CHEBI:35352
CHEBI:22506	CHEBI:65212
CHEBI:22527	CHEBI:26401
CHEBI:22563	CHEBI:24870
CHEBI:22586	CHEBI:51086
CHEBI:22695	CHEBI:51086
CHEBI:22712	CHEBI:33836
CHEBI:22728	CHEBI:27171
CHEBI:22728	CHEBI:38101
CHEBI:22728	CHEBI:38180
CHEBI:22744	CHEBI:33452
CHEBI:22744	CHEBI:50325
CHEBI:228364	CHEBI:33232
CHEBI:228364	CHEBI:51086
CHEBI:22868	CHEBI:36078
CHEBI:22868	CHEBI:38700
CHEBI:22984	BFO:0000004
CHEBI:22984	CHEBI:22313
CHEBI:22985	CHEBI:33299
CHEBI:23004	CHEBI:27207
CHEBI:23014	CHEBI:25701
CHEBI:23014	CHEBI:36963
CHEBI:23016	CHEBI:36963
CHEBI:23019	CHEBI:51422
CHEBI:23042	CHEBI:35193
CHEBI:23044	CHEBI:26935
CHEBI:23045	CHEBI:27325
CHEBI:23079	CHEBI:17761
CHEBI:23079	CHEBI:25513
CHEBI:23213	CHEBI:35701
CHEBI:23217	CHEBI:35267
CHEBI:23357	CHEBI:52206
CHEBI:23367	CHEBI:24431
CHEBI:234420	CHEBI:166902
CHEBI:23449	CHEBI:16670
CHEBI:23677	CHEBI:68452
CHEBI:237958	CHEBI:37045
CHEBI:237958	CHEBI:37096
CHEBI:23888	CHEBI:52217
CHEBI:23906	CHEBI:24867
CHEBI:23906	CHEBI:36916
CHEBI:23924	CHEBI:35222
CHEBI:23924	CHEBI:52206
CHEBI:24261	CHEBI:36699
CHEBI:24271	CHEBI:24586
CHEBI:24318	CHEBI:15705
CHEBI:24318	CHEBI:83813
CHEBI:24319	CHEBI:76823
CHEBI:24384	CHEBI:37163
CHEBI:24402	CHEBI:26739
CHEBI:24402	CHEBI:33563
CHEBI:24432	CHEBI:50906
CHEBI:24433	CHEBI:24431
CHEBI:24532	CHEBI:33285
CHEBI:24532	CHEBI:33832
CHEBI:24532	CHEBI:5686
CHEBI:24533	CHEBI:23449
CHEBI:24586	CHEBI:60926
CHEBI:24621	CHEBI:33280
CHEBI:24621	CHEBI:48705
CHEBI:24632	CHEBI:33245
CHEBI:24636	CHEBI:15378
CHEBI:24636	CHEBI:33253
CHEBI:24651	CHEBI:25806
CHEBI:24651	CHEBI:33608
CHEBI:24651	CHEBI:37577
CHEBI:24663	CHEBI:33822
CHEBI:24663	CHEBI:36248
CHEBI:24780	CHEBI:23677
CHEBI:24828	CHEBI:22728
CHEBI:24833	BFO:0000004
CHEBI:24833	CHEBI:24651
CHEBI:24834	CHEBI:22563
CHEBI:24834	CHEBI:36914
CHEBI:24835	CHEBI:23367
CHEBI:24836	CHEBI:24835
CHEBI:24836	CHEBI:25741
CHEBI:24839	CHEBI:24835
CHEBI:24839	CHEBI:24866
CHEBI:24866	CHEBI:37577
CHEBI:24867	CHEBI:24870
CHEBI:24867	CHEBI:33238
CHEBI:24868	CHEBI:24866
CHEBI:24870	CHEBI:23367
CHEBI:24873	CHEBI:33744
CHEBI:24875	BFO:0000004
CHEBI:24875	CHEBI:33515
CHEBI:24875	CHEBI:82663
CHEBI:24913	CHEBI:18059
CHEBI:24943	BFO:0000004
CHEBI:24943	CHEBI:36757
CHEBI:25046	CHEBI:26932
CHEBI:25212	CHEBI:52206
CHEBI:25213	CHEBI:23906
CHEBI:25213	CHEBI:36915
CHEBI:25354	CHEBI:36699
CHEBI:25362	CHEBI:25367
CHEBI:25362	CHEBI:33259
CHEBI:25367	CHEBI:36357
CHEBI:25375	CHEBI:63534
CHEBI:25384	CHEBI:33575
CHEBI:25414	CHEBI:23906
CHEBI:25512	CHEBI:33280
CHEBI:25513	CHEBI:24402
CHEBI:25555	BFO:0000004
CHEBI:25555	CHEBI:25585
CHEBI:25555	CHEBI:33300
CHEBI:25585	CHEBI:33250
CHEBI:25608	CHEBI:25703
CHEBI:25608	CHEBI:37734
CHEBI:25608	CHEBI:61120
CHEBI:25693	CHEBI:24532
CHEBI:25693	CHEBI:33670
CHEBI:25696	CHEBI:22563
CHEBI:25696	CHEBI:25699
CHEBI:25697	CHEBI:25699
CHEBI:25697	CHEBI:36916
CHEBI:25699	CHEBI:24870
CHEBI:25699	CHEBI:50860
CHEBI:25701	CHEBI:25741
CHEBI:25701	CHEBI:72695
CHEBI:25703	CHEBI:25710
CHEBI:25703	CHEBI:26020
CHEBI:25704	CHEBI:26820
CHEBI:25710	CHEBI:26082
CHEBI:25710	CHEBI:33285
CHEBI:25741	CHEBI:25806
CHEBI:25741	CHEBI:37577
CHEBI:25754	CHEBI:33575
CHEBI:25805	BFO:0000004
CHEBI:25805	CHEBI:25585
CHEBI:25805	CHEBI:33303
CHEBI:25806	CHEBI:33304
CHEBI:25900	CHEBI:35131
CHEBI:25900	CHEBI:84055
CHEBI:25901	CHEBI:35381
CHEBI:25905	CHEBI:16670
CHEBI:25985	CHEBI:83821
CHEBI:26020	CHEBI:26079
CHEBI:26051	CHEBI:83821
CHEBI:26078	CHEBI:59698
CHEBI:26079	CHEBI:36359
CHEBI:26082	CHEBI:33302
CHEBI:26130	CHEBI:52208
CHEBI:26167	CHEBI:33709
CHEBI:26214	BFO:0000004
CHEBI:26214	CHEBI:36309
CHEBI:26216	BFO:0000004
CHEBI:26216	CHEBI:22314
CHEBI:26217	CHEBI:33296
CHEBI:26386	CHEBI:18282
CHEBI:26386	CHEBI:26401
CHEBI:26391	CHEBI:16862
CHEBI:26393	CHEBI:17326
CHEBI:26394	CHEBI:26401
CHEBI:26394	CHEBI:33838
CHEBI:26395	CHEBI:26401
CHEBI:26395	CHEBI:36976
CHEBI:26396	CHEBI:17668
CHEBI:26396	CHEBI:26391
CHEBI:26398	CHEBI:17972
CHEBI:26398	CHEBI:26393
CHEBI:26399	CHEBI:18254
CHEBI:26399	CHEBI:26394
CHEBI:26400	CHEBI:26395
CHEBI:26400	CHEBI:26561
CHEBI:26401	CHEBI:35875
CHEBI:26469	CHEBI:35352
CHEBI:26561	CHEBI:26562
CHEBI:26561	CHEBI:36976
CHEBI:26562	CHEBI:25900
CHEBI:26607	CHEBI:35366
CHEBI:26658	CHEBI:26873
CHEBI:26666	CHEBI:35366
CHEBI:26708	BFO:0000004
CHEBI:26708	CHEBI:22314
CHEBI:26712	CHEBI:33296
CHEBI:26714	CHEBI:26712
CHEBI:26714	CHEBI:35479
CHEBI:26739	CHEBI:18059
CHEBI:26739	CHEBI:35352
CHEBI:26739	CHEBI:36963
CHEBI:26764	BFO:0000004
CHEBI:26764	CHEBI:35341
CHEBI:26816	CHEBI:25703
CHEBI:26816	CHEBI:37734
CHEBI:26816	CHEBI:63299
CHEBI:26819	CHEBI:35701
CHEBI:26819	CHEBI:37826
CHEBI:26820	CHEBI:37826
CHEBI:26833	BFO:0000004
CHEBI:26833	CHEBI:25585
CHEBI:26833	CHEBI:33303
CHEBI:26835	CHEBI:33304
CHEBI:26836	CHEBI:33402
CHEBI:26873	CHEBI:24913
CHEBI:26912	CHEBI:25693
CHEBI:26912	CHEBI:38104
CHEBI:26932	CHEBI:33833
CHEBI:26932	CHEBI:38077
CHEBI:26935	CHEBI:26873
CHEBI:27024	CHEBI:22712
CHEBI:27027	CHEBI:33284
CHEBI:27081	CHEBI:33521
CHEBI:27162	CHEBI:24828
CHEBI:27171	CHEBI:33672
CHEBI:27171	CHEBI:38166
CHEBI:27177	CHEBI:62761
CHEBI:27177	CHEBI:84144
CHEBI:27207	CHEBI:37838
CHEBI:27325	CHEBI:23044
CHEBI:27369	CHEBI:51151
CHEBI:27547	BFO:0000004
CHEBI:27547	CHEBI:23045
CHEBI:27584	CHEBI:131565
CHEBI:27584	CHEBI:139590
CHEBI:27584	CHEBI:25354
CHEBI:27584	CHEBI:35344
CHEBI:27584	CHEBI:35346
CHEBI:27584	CHEBI:36885
CHEBI:27584	CHEBI:36887
CHEBI:27584	CHEBI:47909
CHEBI:27584	CHEBI:64600
CHEBI:27594	BFO:0000004
CHEBI:27594	CHEBI:25585
CHEBI:27594	CHEBI:33306
CHEBI:28017	BFO:0000004
CHEBI:28017	CHEBI:37163
CHEBI:28044	CHEBI:33704
CHEBI:28044	CHEBI:33856
CHEBI:28057	CHEBI:65212
CHEBI:28087	BFO:0000004
CHEBI:28087	CHEBI:24384
CHEBI:28102	BFO:0000004
CHEBI:28102	CHEBI:37163
CHEBI:28425	BFO:0000004
CHEBI:28425	CHEBI:139120
CHEBI:28425	CHEBI:35163
CHEBI:28479	CHEBI:16733
CHEBI:28479	CHEBI:18186
CHEBI:28616	CHEBI:35352
CHEBI:28616	CHEBI:35605
CHEBI:28616	CHEBI:64708
CHEBI:28659	BFO:0000004
CHEBI:28659	CHEBI:25585
CHEBI:28659	CHEBI:33300
CHEBI:28790	CHEBI:25375
CHEBI:28790	CHEBI:27162
CHEBI:28790	CHEBI:33853
CHEBI:28790	CHEBI:50994
CHEBI:28790	CHEBI:84729
CHEBI:28793	CHEBI:37163
CHEBI:28838	BFO:0000004
CHEBI:28838	CHEBI:23045
CHEBI:28868	CHEBI:18059
CHEBI:28868	CHEBI:35757
CHEBI:28918	CHEBI:194548
CHEBI:28938	BFO:0000004
CHEBI:28938	CHEBI:35106
CHEBI:28938	CHEBI:50313
CHEBI:28938	CHEBI:60242
CHEBI:28963	CHEBI:63299
CHEBI:28965	CHEBI:35693
CHEBI:28965	CHEBI:38716
CHEBI:28976	CHEBI:35605
CHEBI:28976	CHEBI:36961
CHEBI:29057	CHEBI:18085
CHEBI:29067	CHEBI:25696
CHEBI:29067	CHEBI:35406
CHEBI:29075	CHEBI:36976
CHEBI:29101	BFO:0000004
CHEBI:29101	CHEBI:25414
CHEBI:29101	CHEBI:33504
CHEBI:29101	CHEBI:37246
CHEBI:29101	CHEBI:60242
CHEBI:29103	BFO:0000004
CHEBI:29103	CHEBI:25414
CHEBI:29103	CHEBI:33504
CHEBI:29103	CHEBI:37247
CHEBI:29103	CHEBI:60242
CHEBI:29108	BFO:0000004
CHEBI:29108	CHEBI:30412
CHEBI:29108	CHEBI:39123
CHEBI:29108	CHEBI:60240
CHEBI:29337	CHEBI:35106
CHEBI:29337	CHEBI:79389
CHEBI:29340	CHEBI:35106
CHEBI:29340	CHEBI:79388
CHEBI:29412	CHEBI:33693
CHEBI:29412	CHEBI:50313
CHEBI:29793	CHEBI:33693
CHEBI:29934	CHEBI:57852
CHEBI:29976	CHEBI:32789
CHEBI:29985	CHEBI:14321
CHEBI:29986	CHEBI:14321
CHEBI:29987	BFO:0000004
CHEBI:29987	CHEBI:28965
CHEBI:29988	CHEBI:29987
CHEBI:29988	CHEBI:59814
CHEBI:29989	CHEBI:29987
CHEBI:30089	BFO:0000004
CHEBI:30089	CHEBI:35757
CHEBI:30212	CHEBI:36341
CHEBI:30412	CHEBI:23906
CHEBI:30566	BFO:0000004
CHEBI:30566	CHEBI:71666
CHEBI:30616	BFO:0000004
CHEBI:30616	CHEBI:61557
CHEBI:30751	CHEBI:25384
CHEBI:30768	CHEBI:26607
CHEBI:30768	CHEBI:26666
CHEBI:30772	CHEBI:140601
CHEBI:30772	CHEBI:39418
CHEBI:30879	CHEBI:33822
CHEBI:3098	CHEBI:138366
CHEBI:3098	CHEBI:24663
CHEBI:32486	BFO:0000004
CHEBI:32486	CHEBI:32504
CHEBI:32486	CHEBI:59814
CHEBI:32487	BFO:0000004
CHEBI:32487	CHEBI:32505
CHEBI:32494	CHEBI:32504
CHEBI:32495	CHEBI:32505
CHEBI:32504	CHEBI:33558
CHEBI:32504	CHEBI:63473
CHEBI:32505	CHEBI:33719
CHEBI:32760	BFO:0000004
CHEBI:32760	CHEBI:32784
CHEBI:32760	CHEBI:59814
CHEBI:32761	BFO:0000004
CHEBI:32761	CHEBI:32785
CHEBI:32762	BFO:0000004
CHEBI:32762	CHEBI:32786
CHEBI:32773	BFO:0000004
CHEBI:32773	CHEBI:32784
CHEBI:32774	BFO:0000004
CHEBI:32774	CHEBI:32785
CHEBI:32775	BFO:0000004
CHEBI:32775	CHEBI:32786
CHEBI:32784	CHEBI:33558
CHEBI:32785	CHEBI:33558
CHEBI:32786	CHEBI:33719
CHEBI:32789	CHEBI:33710
CHEBI:32952	CHEBI:50047
CHEBI:32988	CHEBI:51143
CHEBI:3306	CHEBI:15841
CHEBI:3306	CHEBI:24533
CHEBI:3306	CHEBI:25905
CHEBI:3311	CHEBI:190295
CHEBI:3311	CHEBI:35156
CHEBI:3311	CHEBI:46721
CHEBI:3311	CHEBI:64708
CHEBI:33232	CHEBI:50906
CHEBI:33233	CHEBI:36342
CHEBI:33238	CHEBI:33259
CHEBI:33241	CHEBI:37577
CHEBI:33242	CHEBI:24835
CHEBI:33242	CHEBI:33692
CHEBI:33245	CHEBI:37175
CHEBI:33245	CHEBI:50860
CHEBI:33246	CHEBI:24433
CHEBI:33247	CHEBI:24433
CHEBI:33249	CHEBI:51447
CHEBI:33250	CHEBI:24431
CHEBI:33251	CHEBI:33238
CHEBI:33251	CHEBI:33260
CHEBI:33252	CHEBI:36347
CHEBI:33253	CHEBI:36339
CHEBI:33253	CHEBI:36347
CHEBI:33256	CHEBI:32988
CHEBI:33259	CHEBI:23367
CHEBI:33260	CHEBI:24835
CHEBI:33260	CHEBI:33259
CHEBI:33260	CHEBI:33608
CHEBI:33262	CHEBI:24835
CHEBI:33262	CHEBI:25806
CHEBI:33262	CHEBI:33259
CHEBI:33263	CHEBI:33262
CHEBI:33273	CHEBI:22563
CHEBI:33273	CHEBI:36358
CHEBI:33280	CHEBI:24432
CHEBI:33281	CHEBI:24432
CHEBI:33282	CHEBI:33281
CHEBI:33284	CHEBI:78295
CHEBI:33285	CHEBI:50860
CHEBI:33286	CHEBI:33232
CHEBI:33287	CHEBI:33286
CHEBI:33290	CHEBI:52211
CHEBI:33295	CHEBI:52217
CHEBI:33296	CHEBI:33674
CHEBI:33299	CHEBI:33674
CHEBI:33300	CHEBI:33560
CHEBI:33302	CHEBI:33675
CHEBI:33303	CHEBI:33560
CHEBI:33304	CHEBI:33675
CHEBI:33306	CHEBI:33560
CHEBI:33308	CHEBI:35701
CHEBI:33308	CHEBI:36586
CHEBI:33318	CHEBI:33250
CHEBI:33356	CHEBI:33561
CHEBI:33402	CHEBI:26835
CHEBI:33402	CHEBI:33484
CHEBI:33408	CHEBI:24833
CHEBI:33408	CHEBI:33302
CHEBI:33424	CHEBI:26835
CHEBI:33424	CHEBI:33241
CHEBI:33447	CHEBI:26816
CHEBI:33447	CHEBI:63367
CHEBI:33452	CHEBI:33249
CHEBI:33457	CHEBI:33408
CHEBI:33457	CHEBI:36360
CHEBI:33459	CHEBI:33302
CHEBI:33459	CHEBI:35406
CHEBI:33461	CHEBI:24834
CHEBI:33461	CHEBI:26082
CHEBI:33461	CHEBI:33459
CHEBI:33482	CHEBI:26835
CHEBI:33482	CHEBI:33485
CHEBI:33484	CHEBI:24833
CHEBI:33485	CHEBI:35406
CHEBI:33497	CHEBI:23367
CHEBI:33504	CHEBI:25213
CHEBI:33513	CHEBI:25213
CHEBI:33513	CHEBI:33299
CHEBI:33515	CHEBI:25213
CHEBI:33521	CHEBI:33250
CHEBI:33558	CHEBI:37022
CHEBI:33559	CHEBI:33250
CHEBI:33560	CHEBI:33318
CHEBI:33561	CHEBI:27081
CHEBI:33563	CHEBI:35740
CHEBI:33566	CHEBI:33570
CHEBI:33567	CHEBI:25375
CHEBI:33567	CHEBI:33566
CHEBI:33569	CHEBI:33567
CHEBI:33570	CHEBI:33853
CHEBI:33571	CHEBI:33569
CHEBI:33575	CHEBI:35605
CHEBI:33575	CHEBI:36586
CHEBI:33575	CHEBI:64709
CHEBI:33579	CHEBI:23367
CHEBI:33582	CHEBI:33675
CHEBI:33595	CHEBI:25367
CHEBI:33597	CHEBI:33595
CHEBI:33598	CHEBI:33597
CHEBI:33598	CHEBI:33832
CHEBI:33608	CHEBI:33674
CHEBI:33635	CHEBI:33595
CHEBI:33636	CHEBI:33595
CHEBI:33653	CHEBI:50860
CHEBI:33655	CHEBI:33595
CHEBI:33658	CHEBI:33659
CHEBI:33658	CHEBI:33663
CHEBI:33659	CHEBI:33655
CHEBI:33659	CHEBI:33832
CHEBI:33661	CHEBI:33595
CHEBI:33662	CHEBI:33664
CHEBI:33663	CHEBI:24632
CHEBI:33663	CHEBI:33598
CHEBI:33664	CHEBI:33663
CHEBI:33670	CHEBI:33661
CHEBI:33670	CHEBI:5686
CHEBI:33671	CHEBI:33635
CHEBI:33671	CHEBI:5686
CHEBI:33672	CHEBI:33636
CHEBI:33672	CHEBI:5686
CHEBI:33674	CHEBI:33579
CHEBI:33675	CHEBI:33579
CHEBI:33676	CHEBI:33497
CHEBI:33692	CHEBI:33608
CHEBI:33692	CHEBI:37577
CHEBI:33693	CHEBI:36902
CHEBI:33694	CHEBI:33839
CHEBI:33694	CHEBI:50860
CHEBI:33695	CHEBI:33694
CHEBI:33696	CHEBI:15986
CHEBI:33697	CHEBI:33696
CHEBI:33700	CHEBI:33710
CHEBI:33702	CHEBI:36358
CHEBI:33702	CHEBI:36916
CHEBI:33703	CHEBI:25697
CHEBI:33703	CHEBI:33702
CHEBI:33704	CHEBI:33709
CHEBI:33707	CHEBI:83820
CHEBI:33708	CHEBI:33247
CHEBI:33709	CHEBI:33575
CHEBI:33709	CHEBI:50047
CHEBI:33710	CHEBI:33708
CHEBI:33719	CHEBI:33703
CHEBI:33720	CHEBI:16646
CHEBI:33720	CHEBI:33575
CHEBI:33721	CHEBI:29067
CHEBI:33744	CHEBI:33676
CHEBI:33791	CHEBI:50320
CHEBI:33792	CHEBI:33791
CHEBI:33793	CHEBI:33791
CHEBI:33822	CHEBI:24651
CHEBI:33822	CHEBI:50860
CHEBI:33832	CHEBI:33595
CHEBI:33832	CHEBI:72695
CHEBI:33833	CHEBI:24532
CHEBI:33833	CHEBI:33659
CHEBI:33836	CHEBI:33598
CHEBI:33836	CHEBI:33659
CHEBI:33837	CHEBI:36080
CHEBI:33838	CHEBI:21731
CHEBI:33838	CHEBI:26912
CHEBI:33838	CHEBI:61120
CHEBI:33839	CHEBI:36357
CHEBI:33842	CHEBI:33662
CHEBI:33842	CHEBI:33847
CHEBI:33847	CHEBI:33658
CHEBI:33853	CHEBI:33659
CHEBI:33853	CHEBI:33822
CHEBI:33856	CHEBI:33659
CHEBI:33856	CHEBI:33709
CHEBI:33893	CHEBI:33232
CHEBI:33916	CHEBI:15693
CHEBI:33916	CHEBI:25901
CHEBI:33917	CHEBI:15693
CHEBI:33917	CHEBI:18133
CHEBI:33937	CHEBI:33284
CHEBI:33942	CHEBI:33916
CHEBI:350546	BFO:0000004
CHEBI:350546	CHEBI:35274
CHEBI:35106	CHEBI:35881
CHEBI:35106	CHEBI:51143
CHEBI:35107	CHEBI:35106
CHEBI:35131	CHEBI:33447
CHEBI:35147	CHEBI:28425
CHEBI:35148	CHEBI:28425
CHEBI:35155	CHEBI:22985
CHEBI:35156	CHEBI:22985
CHEBI:35156	CHEBI:36364
CHEBI:35163	CHEBI:23042
CHEBI:35186	CHEBI:24632
CHEBI:35186	CHEBI:24913
CHEBI:35189	CHEBI:35186
CHEBI:35191	CHEBI:35186
CHEBI:35193	CHEBI:35186
CHEBI:35222	CHEBI:24432
CHEBI:35223	CHEBI:51086
CHEBI:35238	CHEBI:27369
CHEBI:35267	CHEBI:25697
CHEBI:35267	CHEBI:35274
CHEBI:35274	CHEBI:33702
CHEBI:35274	CHEBI:51143
CHEBI:35281	CHEBI:27369
CHEBI:35284	CHEBI:26469
CHEBI:35284	CHEBI:35281
CHEBI:35287	CHEBI:35267
CHEBI:35341	CHEBI:18059
CHEBI:35341	CHEBI:51958
CHEBI:35343	CHEBI:36838
CHEBI:35344	CHEBI:35350
CHEBI:35346	CHEBI:36841
CHEBI:35350	CHEBI:33822
CHEBI:35350	CHEBI:35341
CHEBI:35352	CHEBI:33285
CHEBI:35352	CHEBI:51143
CHEBI:35366	CHEBI:18059
CHEBI:35366	CHEBI:25384
CHEBI:35381	CHEBI:16646
CHEBI:35406	CHEBI:25741
CHEBI:35406	CHEBI:33273
CHEBI:35416	CHEBI:64898
CHEBI:35441	CHEBI:23888
CHEBI:35470	CHEBI:23888
CHEBI:35472	CHEBI:23888
CHEBI:35472	CHEBI:67079
CHEBI:35479	CHEBI:24866
CHEBI:35479	CHEBI:33296
CHEBI:35480	CHEBI:23888
CHEBI:35480	CHEBI:52210
CHEBI:35488	CHEBI:35470
CHEBI:35507	CHEBI:33245
CHEBI:35508	CHEBI:35341
CHEBI:35508	CHEBI:35507
CHEBI:35509	CHEBI:35508
CHEBI:35519	CHEBI:35508
CHEBI:35522	CHEBI:37886
CHEBI:35522	CHEBI:48540
CHEBI:35523	CHEBI:23888
CHEBI:35524	CHEBI:37962
CHEBI:35552	CHEBI:33245
CHEBI:35554	CHEBI:23888
CHEBI:35568	CHEBI:23367
CHEBI:35569	CHEBI:37886
CHEBI:35569	CHEBI:48539
CHEBI:35570	CHEBI:27171
CHEBI:35570	CHEBI:35571
CHEBI:35571	CHEBI:35552
CHEBI:35571	CHEBI:35573
CHEBI:35573	CHEBI:33245
CHEBI:35573	CHEBI:35568
CHEBI:35584	BFO:0000004
CHEBI:35584	CHEBI:26401
CHEBI:35584	CHEBI:35570
CHEBI:35586	CHEBI:35584
CHEBI:35588	CHEBI:35584
CHEBI:35589	CHEBI:35584
CHEBI:35604	CHEBI:25696
CHEBI:35604	CHEBI:35406
CHEBI:35604	CHEBI:36963
CHEBI:35605	CHEBI:24833
CHEBI:35605	CHEBI:36963
CHEBI:35620	CHEBI:35554
CHEBI:35623	CHEBI:35488
CHEBI:35692	CHEBI:131927
CHEBI:35692	CHEBI:33575
CHEBI:35693	CHEBI:29067
CHEBI:35701	CHEBI:36963
CHEBI:35718	CHEBI:33281
CHEBI:35722	CHEBI:18085
CHEBI:35722	CHEBI:35724
CHEBI:35724	CHEBI:25704
CHEBI:35724	CHEBI:26819
CHEBI:35724	CHEBI:63299
CHEBI:35740	CHEBI:18059
CHEBI:35740	CHEBI:63299
CHEBI:35757	CHEBI:29067
CHEBI:35780	BFO:0000004
CHEBI:35780	CHEBI:33461
CHEBI:35786	CHEBI:16247
CHEBI:35786	CHEBI:26739
CHEBI:35789	CHEBI:17087
CHEBI:35789	CHEBI:35341
CHEBI:35794	CHEBI:26932
CHEBI:35794	CHEBI:35507
CHEBI:35875	CHEBI:27171
CHEBI:35875	CHEBI:33833
CHEBI:35875	CHEBI:38101
CHEBI:35881	CHEBI:33242
CHEBI:35881	CHEBI:33302
CHEBI:35903	CHEBI:29067
CHEBI:35942	CHEBI:23888
CHEBI:35942	CHEBI:52210
CHEBI:36078	CHEBI:35341
CHEBI:36080	CHEBI:33695
CHEBI:36145	CHEBI:25754
CHEBI:36145	CHEBI:35692
CHEBI:36235	CHEBI:35757
CHEBI:36235	CHEBI:50160
CHEBI:36237	CHEBI:36278
CHEBI:36238	CHEBI:36237
CHEBI:36238	CHEBI:36248
CHEBI:36248	CHEBI:136889
CHEBI:36248	CHEBI:36278
CHEBI:36277	CHEBI:24868
CHEBI:36277	CHEBI:36078
CHEBI:36278	CHEBI:36078
CHEBI:36278	CHEBI:47891
CHEBI:36309	CHEBI:26932
CHEBI:36309	CHEBI:47882
CHEBI:36338	CHEBI:33233
CHEBI:36338	CHEBI:36340
CHEBI:36339	CHEBI:36340
CHEBI:36339	CHEBI:36344
CHEBI:36340	CHEBI:36342
CHEBI:36341	CHEBI:36342
CHEBI:36342	BFO:0000040
CHEBI:36343	CHEBI:36342
CHEBI:36344	CHEBI:36343
CHEBI:36347	CHEBI:36342
CHEBI:36357	CHEBI:23367
CHEBI:36358	CHEBI:24870
CHEBI:36358	CHEBI:36357
CHEBI:36359	CHEBI:33241
CHEBI:36359	CHEBI:36360
CHEBI:36360	CHEBI:26082
CHEBI:36364	CHEBI:24866
CHEBI:36364	CHEBI:33299
CHEBI:36498	CHEBI:23079
CHEBI:36498	CHEBI:5254
CHEBI:36498	CHEBI:62941
CHEBI:36586	CHEBI:36587
CHEBI:36586	CHEBI:36963
CHEBI:36587	CHEBI:72695
CHEBI:36699	CHEBI:26764
CHEBI:36699	CHEBI:50858
CHEBI:36700	CHEBI:23213
CHEBI:36700	CHEBI:23217
CHEBI:36700	CHEBI:25703
CHEBI:36700	CHEBI:37734
CHEBI:36735	CHEBI:25046
CHEBI:36756	BFO:0000004
CHEBI:36756	CHEBI:18310
CHEBI:36756	CHEBI:35189
CHEBI:36757	CHEBI:26658
CHEBI:36838	CHEBI:35350
CHEBI:36841	CHEBI:35350
CHEBI:36885	CHEBI:35789
CHEBI:36887	CHEBI:35789
CHEBI:36902	CHEBI:33242
CHEBI:36902	CHEBI:33304
CHEBI:36914	CHEBI:24835
CHEBI:36914	CHEBI:24870
CHEBI:36915	CHEBI:36914
CHEBI:36915	CHEBI:36916
CHEBI:36916	CHEBI:24870
CHEBI:36961	CHEBI:36962
CHEBI:36962	CHEBI:33285
CHEBI:36962	CHEBI:33304
CHEBI:36963	CHEBI:25806
CHEBI:36963	CHEBI:36962
CHEBI:36976	CHEBI:25608
CHEBI:37015	CHEBI:16701
CHEBI:37015	CHEBI:26561
CHEBI:37022	CHEBI:29067
CHEBI:37022	CHEBI:35352
CHEBI:37038	CHEBI:26396
CHEBI:37038	CHEBI:26400
CHEBI:37038	CHEBI:37075
CHEBI:37045	CHEBI:26398
CHEBI:37045	CHEBI:26400
CHEBI:37045	CHEBI:37076
CHEBI:37075	CHEBI:37015
CHEBI:37076	CHEBI:37015
CHEBI:37096	CHEBI:22256
CHEBI:37163	CHEBI:37164
CHEBI:37164	CHEBI:18154
CHEBI:37175	CHEBI:33692
CHEBI:37176	CHEBI:33692
CHEBI:37246	CHEBI:26712
CHEBI:37247	CHEBI:26217
CHEBI:37395	CHEBI:18085
CHEBI:37397	CHEBI:35722
CHEBI:37397	CHEBI:37395
CHEBI:37527	CHEBI:51086
CHEBI:37577	CHEBI:36357
CHEBI:37622	CHEBI:33256
CHEBI:37622	CHEBI:35352
CHEBI:37622	CHEBI:36963
CHEBI:37661	CHEBI:17234
CHEBI:37734	CHEBI:26079
CHEBI:37734	CHEBI:35701
CHEBI:37788	CHEBI:27177
CHEBI:37788	CHEBI:74956
CHEBI:37788	CHEBI:83822
CHEBI:37826	CHEBI:33424
CHEBI:37838	CHEBI:22221
CHEBI:37886	CHEBI:37962
CHEBI:37962	CHEBI:35942
CHEBI:38070	CHEBI:35554
CHEBI:38077	CHEBI:38101
CHEBI:38101	CHEBI:24532
CHEBI:38101	CHEBI:35352
CHEBI:38104	CHEBI:24532
CHEBI:38104	CHEBI:36963
CHEBI:38147	CHEBI:35554
CHEBI:38166	CHEBI:24532
CHEBI:38166	CHEBI:33671
CHEBI:38179	CHEBI:33833
CHEBI:38180	CHEBI:33833
CHEBI:38323	CHEBI:35942
CHEBI:38324	CHEBI:38323
CHEBI:38325	CHEBI:38324
CHEBI:38560	CHEBI:36080
CHEBI:38631	CHEBI:24828
CHEBI:38700	CHEBI:24868
CHEBI:38700	CHEBI:26714
CHEBI:38716	CHEBI:29067
CHEBI:38867	CHEBI:23888
CHEBI:3892	CHEBI:15841
CHEBI:3892	CHEBI:25905
CHEBI:3892	CHEBI:33694
CHEBI:38958	CHEBI:22315
CHEBI:38975	CHEBI:38976
CHEBI:38976	CHEBI:22712
CHEBI:38976	CHEBI:33847
CHEBI:39015	CHEBI:13850
CHEBI:39022	CHEBI:50967
CHEBI:39024	CHEBI:39022
CHEBI:39123	CHEBI:33513
CHEBI:39123	CHEBI:39124
CHEBI:39124	CHEBI:25213
CHEBI:39124	CHEBI:35155
CHEBI:39141	CHEBI:17891
CHEBI:39141	CHEBI:37527
CHEBI:39142	CHEBI:15339
CHEBI:39142	CHEBI:22695
CHEBI:39144	CHEBI:17891
CHEBI:39144	CHEBI:22695
CHEBI:39418	CHEBI:26607
CHEBI:39418	CHEBI:59202
CHEBI:39745	CHEBI:35780
CHEBI:39745	CHEBI:79389
CHEBI:3992	CHEBI:17087
CHEBI:40751	CHEBI:194548
CHEBI:41609	CHEBI:35604
CHEBI:4167	CHEBI:17634
CHEBI:4167	CHEBI:37661
CHEBI:4194	CHEBI:18133
CHEBI:42485	CHEBI:27207
CHEBI:43176	CHEBI:33246
CHEBI:43474	CHEBI:35780
CHEBI:43474	CHEBI:79388
CHEBI:456216	BFO:0000004
CHEBI:456216	CHEBI:57930
CHEBI:45696	CHEBI:33482
CHEBI:46209	CHEBI:22492
CHEBI:46209	CHEBI:33853
CHEBI:46209	CHEBI:50994
CHEBI:46629	CHEBI:33246
CHEBI:46662	CHEBI:59999
CHEBI:46721	CHEBI:23016
CHEBI:46723	CHEBI:46662
CHEBI:46787	CHEBI:33232
CHEBI:46787	CHEBI:51086
CHEBI:46858	CHEBI:32789
CHEBI:46858	CHEBI:33700
CHEBI:46858	CHEBI:83228
CHEBI:46858	PR:000049928
CHEBI:46883	CHEBI:33249
CHEBI:46997	CHEBI:33942
CHEBI:46998	BFO:0000004
CHEBI:46998	CHEBI:33942
CHEBI:47013	CHEBI:16988
CHEBI:47013	CHEBI:46998
CHEBI:47017	CHEBI:26912
CHEBI:47019	CHEBI:47017
CHEBI:47622	CHEBI:33308
CHEBI:47788	CHEBI:35789
CHEBI:47788	CHEBI:3992
CHEBI:47882	CHEBI:38077
CHEBI:47891	CHEBI:35341
CHEBI:47891	CHEBI:64709
CHEBI:47909	CHEBI:47788
CHEBI:47909	CHEBI:51689
CHEBI:48154	CHEBI:24836
CHEBI:48154	CHEBI:26835
CHEBI:48354	CHEBI:46787
CHEBI:48355	CHEBI:46787
CHEBI:48356	CHEBI:39141
CHEBI:48356	CHEBI:48354
CHEBI:48359	CHEBI:39142
CHEBI:48359	CHEBI:48354
CHEBI:48360	CHEBI:48356
CHEBI:48360	CHEBI:48359
CHEBI:48539	CHEBI:37962
CHEBI:48540	CHEBI:37962
CHEBI:48560	CHEBI:35942
CHEBI:48578	CHEBI:22586
CHEBI:48705	CHEBI:52210
CHEBI:48706	CHEBI:52210
CHEBI:48873	CHEBI:38323
CHEBI:49323	CHEBI:50689
CHEBI:49637	BFO:0000004
CHEBI:49637	CHEBI:24835
CHEBI:49637	CHEBI:25585
CHEBI:49637	CHEBI:33559
CHEBI:50047	BFO:0000004
CHEBI:50047	CHEBI:35352
CHEBI:50112	CHEBI:24621
CHEBI:50113	CHEBI:50112
CHEBI:50160	CHEBI:29067
CHEBI:50188	CHEBI:24432
CHEBI:50267	CHEBI:23888
CHEBI:50297	CHEBI:50319
CHEBI:50298	CHEBI:50297
CHEBI:50299	CHEBI:50297
CHEBI:50312	CHEBI:37577
CHEBI:50313	CHEBI:50312
CHEBI:50319	CHEBI:33247
CHEBI:50320	CHEBI:33247
CHEBI:50325	CHEBI:33249
CHEBI:50329	CHEBI:50325
CHEBI:50336	CHEBI:50325
CHEBI:50402	CHEBI:35341
CHEBI:50513	CHEBI:23888
CHEBI:50514	CHEBI:35554
CHEBI:50646	CHEBI:23888
CHEBI:50689	CHEBI:23888
CHEBI:50733	CHEBI:23888
CHEBI:50745	CHEBI:50112
CHEBI:50846	CHEBI:23888
CHEBI:50846	CHEBI:24432
CHEBI:50847	CHEBI:50846
CHEBI:50847	CHEBI:60809
CHEBI:50858	CHEBI:35341
CHEBI:50860	CHEBI:33582
CHEBI:50903	CHEBI:52209
CHEBI:50904	CHEBI:52209
CHEBI:50910	CHEBI:52209
CHEBI:50910	CHEBI:64909
CHEBI:50967	CHEBI:36357
CHEBI:50994	CHEBI:50047
CHEBI:51060	CHEBI:48705
CHEBI:51060	CHEBI:51061
CHEBI:51061	CHEBI:90710
CHEBI:51086	CHEBI:50906
CHEBI:51143	CHEBI:33302
CHEBI:51151	CHEBI:72695
CHEBI:51422	CHEBI:51446
CHEBI:51446	CHEBI:33247
CHEBI:51447	CHEBI:33247
CHEBI:51689	CHEBI:51721
CHEBI:51689	CHEBI:78840
CHEBI:51721	CHEBI:17087
CHEBI:51958	CHEBI:33635
CHEBI:51958	CHEBI:33832
CHEBI:52206	CHEBI:24432
CHEBI:52208	CHEBI:24432
CHEBI:52209	CHEBI:24432
CHEBI:52210	CHEBI:24432
CHEBI:52211	CHEBI:24432
CHEBI:52217	CHEBI:33232
CHEBI:52254	CHEBI:46723
CHEBI:52255	CHEBI:52254
CHEBI:5254	CHEBI:33563
CHEBI:52625	CHEBI:24651
CHEBI:52625	CHEBI:24835
CHEBI:52845	CHEBI:33247
CHEBI:53000	CHEBI:24432
CHEBI:53309	CHEBI:53368
CHEBI:53368	CHEBI:33839
CHEBI:5391	CHEBI:25905
CHEBI:5686	CHEBI:33595
CHEBI:57299	BFO:0000004
CHEBI:57299	CHEBI:59724
CHEBI:57652	CHEBI:61469
CHEBI:57852	BFO:0000004
CHEBI:57852	CHEBI:28965
CHEBI:57867	CHEBI:58945
CHEBI:57887	BFO:0000004
CHEBI:57887	CHEBI:65296
CHEBI:57930	CHEBI:58945
CHEBI:57977	BFO:0000004
CHEBI:57977	CHEBI:28965
CHEBI:57977	CHEBI:59252
CHEBI:57981	CHEBI:59871
CHEBI:58095	CHEBI:35238
CHEBI:58104	CHEBI:59724
CHEBI:58315	CHEBI:35238
CHEBI:58432	BFO:0000004
CHEBI:58432	CHEBI:35274
CHEBI:58570	CHEBI:59871
CHEBI:58942	CHEBI:64769
CHEBI:58945	CHEBI:25696
CHEBI:58945	CHEBI:26079
CHEBI:58951	CHEBI:28868
CHEBI:58953	CHEBI:28868
CHEBI:58954	CHEBI:58953
CHEBI:58958	CHEBI:25696
CHEBI:58958	CHEBI:33482
CHEBI:59132	CHEBI:24432
CHEBI:59202	CHEBI:35366
CHEBI:59203	CHEBI:28868
CHEBI:59252	CHEBI:25696
CHEBI:59698	CHEBI:33457
CHEBI:59724	CHEBI:58945
CHEBI:59740	CHEBI:33893
CHEBI:59740	CHEBI:39144
CHEBI:59814	CHEBI:33558
CHEBI:59826	CHEBI:50745
CHEBI:59869	CHEBI:78608
CHEBI:59871	CHEBI:35238
CHEBI:59888	CHEBI:35238
CHEBI:59905	BFO:0000004
CHEBI:59905	CHEBI:35274
CHEBI:59999	CHEBI:24431
CHEBI:60004	CHEBI:59999
CHEBI:60027	CHEBI:60004
CHEBI:60164	CHEBI:60027
CHEBI:60240	CHEBI:25213
CHEBI:60240	CHEBI:64641
CHEBI:60242	CHEBI:36915
CHEBI:60466	CHEBI:27369
CHEBI:60809	CHEBI:52217
CHEBI:60816	CHEBI:59132
CHEBI:60895	CHEBI:33558
CHEBI:60924	CHEBI:35722
CHEBI:60924	CHEBI:37395
CHEBI:60926	CHEBI:28963
CHEBI:61115	CHEBI:76807
CHEBI:61120	CHEBI:33833
CHEBI:61120	CHEBI:51143
CHEBI:61293	CHEBI:26395
CHEBI:61296	CHEBI:26400
CHEBI:61296	CHEBI:61293
CHEBI:61313	CHEBI:35341
CHEBI:61469	CHEBI:60164
CHEBI:61557	CHEBI:59724
CHEBI:61972	CHEBI:83228
CHEBI:61978	CHEBI:35416
CHEBI:62031	CHEBI:35238
CHEBI:62338	CHEBI:74955
CHEBI:62488	CHEBI:33280
CHEBI:62643	CHEBI:58945
CHEBI:62761	CHEBI:25985
CHEBI:62803	CHEBI:51086
CHEBI:62941	CHEBI:17761
CHEBI:62941	CHEBI:24402
CHEBI:63161	CHEBI:63299
CHEBI:63248	CHEBI:51086
CHEBI:63299	CHEBI:78616
CHEBI:63332	CHEBI:76775
CHEBI:63367	CHEBI:63299
CHEBI:63409	CHEBI:63367
CHEBI:63436	CHEBI:63299
CHEBI:63473	CHEBI:37022
CHEBI:63534	CHEBI:64365
CHEBI:63551	CHEBI:29067
CHEBI:64047	CHEBI:33232
CHEBI:64047	CHEBI:78295
CHEBI:64049	CHEBI:64047
CHEBI:64365	CHEBI:50047
CHEBI:64416	CHEBI:76857
CHEBI:64583	CHEBI:140325
CHEBI:64583	CHEBI:35284
CHEBI:64583	CHEBI:35786
CHEBI:64583	CHEBI:36700
CHEBI:64600	CHEBI:26764
CHEBI:64600	CHEBI:61313
CHEBI:64628	CHEBI:24533
CHEBI:64628	CHEBI:25905
CHEBI:64641	CHEBI:36915
CHEBI:64708	CHEBI:50860
CHEBI:64709	CHEBI:50860
CHEBI:64766	CHEBI:24433
CHEBI:64767	CHEBI:24433
CHEBI:64769	CHEBI:64766
CHEBI:64775	CHEBI:64767
CHEBI:64898	CHEBI:64775
CHEBI:64909	CHEBI:24432
CHEBI:6495	BFO:0000004
CHEBI:6495	CHEBI:33837
CHEBI:6495	CHEBI:39024
CHEBI:65212	CHEBI:167559
CHEBI:65212	CHEBI:33694
CHEBI:65212	CHEBI:63299
CHEBI:65255	CHEBI:64047
CHEBI:65256	CHEBI:33281
CHEBI:65256	CHEBI:65255
CHEBI:65265	CHEBI:23888
CHEBI:65265	CHEBI:52210
CHEBI:65296	CHEBI:25697
CHEBI:65296	CHEBI:35274
CHEBI:67079	CHEBI:33232
CHEBI:67200	CHEBI:50188
CHEBI:68452	CHEBI:38101
CHEBI:68452	CHEBI:38179
CHEBI:70709	CHEBI:51060
CHEBI:71406	BFO:0000004
CHEBI:71406	CHEBI:25697
CHEBI:71406	CHEBI:35274
CHEBI:71666	CHEBI:37022
CHEBI:72587	BFO:0000004
CHEBI:72587	CHEBI:166902
CHEBI:72695	CHEBI:25367
CHEBI:72695	CHEBI:50860
CHEBI:72813	CHEBI:33694
CHEBI:73336	CHEBI:23888
CHEBI:73398	CHEBI:73541
CHEBI:73541	CHEBI:52845
CHEBI:73690	CHEBI:15705
CHEBI:73690	CHEBI:83813
CHEBI:74656	CHEBI:74955
CHEBI:74783	CHEBI:23888
CHEBI:74955	CHEBI:58945
CHEBI:74956	CHEBI:21968
CHEBI:74956	CHEBI:33856
CHEBI:74956	CHEBI:62761
CHEBI:74956	CHEBI:83925
CHEBI:74959	CHEBI:16733
CHEBI:74959	CHEBI:74956
CHEBI:74959	CHEBI:84124
CHEBI:75600	CHEBI:75603
CHEBI:75603	CHEBI:23924
CHEBI:75763	CHEBI:25212
CHEBI:75767	CHEBI:75763
CHEBI:75768	CHEBI:75767
CHEBI:75771	CHEBI:75768
CHEBI:75772	CHEBI:76946
CHEBI:75787	CHEBI:25212
CHEBI:76042	CHEBI:35238
CHEBI:76206	CHEBI:25212
CHEBI:76413	CHEBI:51086
CHEBI:76414	CHEBI:33232
CHEBI:76725	CHEBI:23924
CHEBI:76729	CHEBI:76725
CHEBI:76759	CHEBI:23924
CHEBI:76760	CHEBI:76759
CHEBI:76764	CHEBI:76759
CHEBI:76775	CHEBI:76760
CHEBI:76807	CHEBI:76764
CHEBI:76823	CHEBI:75600
CHEBI:76857	CHEBI:76729
CHEBI:76924	CHEBI:75763
CHEBI:76946	CHEBI:75763
CHEBI:76967	CHEBI:76206
CHEBI:76967	CHEBI:77746
CHEBI:76969	CHEBI:75787
CHEBI:76971	CHEBI:76969
CHEBI:77182	CHEBI:64047
CHEBI:77746	CHEBI:75768
CHEBI:77941	CHEBI:76807
CHEBI:77960	CHEBI:64047
CHEBI:77974	CHEBI:64047
CHEBI:78017	CHEBI:64047
CHEBI:78017	CHEBI:76414
CHEBI:78113	CHEBI:58951
CHEBI:78113	CHEBI:58953
CHEBI:78115	CHEBI:58951
CHEBI:78115	CHEBI:58953
CHEBI:78295	CHEBI:52211
CHEBI:78298	CHEBI:51086
CHEBI:78433	CHEBI:33232
CHEBI:78608	CHEBI:35238
CHEBI:78616	CHEBI:36963
CHEBI:78675	CHEBI:25212
CHEBI:78840	CHEBI:50860
CHEBI:79387	CHEBI:24834
CHEBI:79388	CHEBI:24834
CHEBI:79389	CHEBI:24834
CHEBI:82663	CHEBI:24873
CHEBI:82663	CHEBI:33259
CHEBI:83039	CHEBI:75767
CHEBI:83056	CHEBI:83057
CHEBI:83057	CHEBI:83039
CHEBI:83228	CHEBI:33710
CHEBI:8337	CHEBI:26214
CHEBI:8337	CHEBI:35794
CHEBI:83811	CHEBI:83821
CHEBI:83812	CHEBI:83821
CHEBI:83813	CHEBI:33709
CHEBI:83820	CHEBI:33709
CHEBI:83821	CHEBI:35352
CHEBI:83822	CHEBI:15705
CHEBI:83822	CHEBI:83925
CHEBI:8386	CHEBI:35508
CHEBI:83925	CHEBI:33704
CHEBI:83925	CHEBI:83820
CHEBI:84055	CHEBI:33447
CHEBI:84055	CHEBI:63409
CHEBI:84087	CHEBI:77746
CHEBI:84124	CHEBI:62761
CHEBI:84124	CHEBI:84143
CHEBI:84143	CHEBI:25985
CHEBI:84143	CHEBI:83812
CHEBI:84144	CHEBI:25985
CHEBI:84144	CHEBI:83811
CHEBI:84387	CHEBI:16666
CHEBI:84729	CHEBI:24828
CHEBI:84729	CHEBI:33822
CHEBI:84735	CHEBI:75763
CHEBI:86327	CHEBI:35441
CHEBI:86327	CHEBI:35718
CHEBI:87518	CHEBI:58945
CHEBI:90710	CHEBI:23888
CHEBI:9937	CHEBI:24533
CHEBI:9937	CHEBI:25905
CL:0000000	UBERON:0000061
CL:0000005	CL:0000057
CL:0000006	CL:0000101
CL:0000006	CL:0000197
CL:0000007	CL:0002321
CL:0000008	CL:0000333
CL:0000011	CL:0000333
CL:0000014	CL:0000034
CL:0000014	CL:0000039
CL:0000015	CL:0000586
CL:0000017	CL:0000015
CL:0000018	CL:0000015
CL:0000018	CL:0000255
CL:0000018	CL:0000413
CL:0000019	CL:0000255
CL:0000019	CL:0000408
CL:0000020	CL:0000015
CL:0000021	CL:0000255
CL:0000021	CL:0000586
CL:0000022	CL:0000014
CL:0000022	CL:0000021
CL:0000023	CL:0000021
CL:0000024	CL:0000021
CL:0000025	CL:0000675
CL:0000027	CL:0000192
CL:0000029	CL:0000540
CL:0000030	CL:0011026
CL:0000031	CL:0011026
CL:0000034	CL:0000255
CL:0000034	CL:0011115
CL:0000035	CL:0000723
CL:0000036	CL:0000723
CL:0000037	CL:0000723
CL:0000037	CL:0008001
CL:0000037	CL:0011026
CL:0000038	CL:0000764
CL:0000038	CL:0000839
CL:0000039	CL:0000000
CL:0000040	CL:0000763
CL:0000040	CL:0002194
CL:0000047	CL:0002319
CL:0000048	CL:0000034
CL:0000049	CL:0002032
CL:0000050	CL:0000763
CL:0000050	CL:0002032
CL:0000050	CL:0011026
CL:0000051	CL:0002032
CL:0000051	CL:0011026
CL:0000052	CL:0000723
CL:0000056	CL:0000680
CL:0000057	CL:0000499
CL:0000058	CL:0002320
CL:0000058	CL:0011026
CL:0000059	CL:0000146
CL:0000059	CL:0002077
CL:0000059	CL:1100001
CL:0000060	CL:0000710
CL:0000060	CL:0002148
CL:0000062	CL:0002320
CL:0000064	CL:0000255
CL:0000065	CL:0000067
CL:0000065	CL:0000125
CL:0000065	CL:0000710
CL:0000066	CL:0000255
CL:0000067	CL:0000064
CL:0000067	CL:0000066
CL:0000068	CL:0000066
CL:0000069	CL:0000068
CL:0000071	CL:0002139
CL:0000072	CL:0000068
CL:0000072	CL:0002078
CL:0000075	CL:0000066
CL:0000076	CL:0000066
CL:0000077	CL:0000076
CL:0000077	CL:0002078
CL:0000078	CL:0000076
CL:0000078	CL:0000362
CL:0000079	CL:0000066
CL:0000080	CL:0000255
CL:0000081	CL:0000988
CL:0000082	CL:0002632
CL:0000083	CL:0002076
CL:0000084	CL:0000542
CL:0000092	CL:0000518
CL:0000092	CL:0000766
CL:0000092	CL:0001035
CL:0000094	CL:0000081
CL:0000094	CL:0000766
CL:0000095	CL:0002319
CL:0000098	CL:0000066
CL:0000098	CL:0000197
CL:0000099	CL:2000029
CL:0000100	CL:0000527
CL:0000101	CL:0000526
CL:0000107	CL:2000032
CL:0000108	CL:0000151
CL:0000108	CL:0000540
CL:0000113	CL:0000518
CL:0000113	CL:0000842
CL:0000114	CL:0000221
CL:0000115	CL:0000255
CL:0000118	CL:0011005
CL:0000119	CL:4023057
CL:0000120	CL:2000029
CL:0000121	CL:0000617
CL:0000121	CL:1001611
CL:0000122	CL:2000029
CL:0000123	CL:0000095
CL:0000125	CL:0000095
CL:0000126	CL:0000125
CL:0000127	CL:0000126
CL:0000128	CL:0000126
CL:0000128	CL:4023154
CL:0000131	CL:0000115
CL:0000133	CL:0000221
CL:0000134	CL:0000048
CL:0000134	CL:0002320
CL:0000136	CL:0000325
CL:0000136	CL:0002320
CL:0000137	CL:0001035
CL:0000137	CL:0002320
CL:0000138	CL:0000153
CL:0000138	CL:0000667
CL:0000138	CL:0007001
CL:0000145	CL:0000738
CL:0000146	CL:0000075
CL:0000147	CL:0000325
CL:0000148	CL:0000147
CL:0000148	CL:0000255
CL:0000149	CL:0000147
CL:0000150	CL:1100001
CL:0000151	CL:0000000
CL:0000152	CL:0000151
CL:0000152	CL:0000255
CL:0000153	CL:0000327
CL:0000153	CL:0000447
CL:0000154	CL:0000151
CL:0000155	CL:0000152
CL:0000155	CL:0000154
CL:0000155	CL:0002659
CL:0000157	CL:0000151
CL:0000158	CL:0000157
CL:0000158	CL:0002202
CL:0000158	CL:0008055
CL:0000158	CL:0011026
CL:0000159	CL:0000151
CL:0000160	CL:0000319
CL:0000160	CL:1100001
CL:0000162	CL:0000152
CL:0000162	CL:0002659
CL:0000163	CL:0000151
CL:0000163	CL:0000255
CL:0000164	CL:0000163
CL:0000164	CL:1100001
CL:0000165	CL:0000163
CL:0000165	CL:0000527
CL:0000165	CL:0000710
CL:0000165	CL:1100001
CL:0000166	CL:0000029
CL:0000166	CL:0000568
CL:0000167	CL:0000151
CL:0000168	CL:0000154
CL:0000168	CL:0000167
CL:0000168	CL:0000255
CL:0000169	CL:0000168
CL:0000169	CL:0008024
CL:0000170	CL:0000167
CL:0000171	CL:0002067
CL:0000171	CL:0008024
CL:0000172	CL:0000167
CL:0000173	CL:0000502
CL:0000173	CL:0008024
CL:0000174	CL:0000151
CL:0000175	CL:0000179
CL:0000177	CL:0000151
CL:0000178	CL:0000177
CL:0000178	CL:4030031
CL:0000179	CL:0000174
CL:0000179	CL:0000255
CL:0000182	CL:0000066
CL:0000182	CL:0000417
CL:0000183	CL:0000000
CL:0000185	CL:0000075
CL:0000185	CL:0000183
CL:0000187	CL:0000183
CL:0000187	CL:0000255
CL:0000187	CL:0000393
CL:0000188	CL:0000255
CL:0000189	CL:0008046
CL:0000190	CL:0008046
CL:0000192	CL:0008000
CL:0000192	CL:0008007
CL:0000197	CL:0000255
CL:0000198	CL:0000006
CL:0000199	CL:0000101
CL:0000200	CL:0000199
CL:0000202	CL:0000855
CL:0000206	CL:0000197
CL:0000207	CL:0000006
CL:0000207	CL:0000206
CL:0000209	CL:0000098
CL:0000209	CL:0000206
CL:0000209	CL:0002076
CL:0000210	CL:0000101
CL:0000210	CL:0008028
CL:0000211	CL:0000000
CL:0000214	CL:0002078
CL:0000216	CL:0000511
CL:0000216	CL:0000630
CL:0000216	CL:0002625
CL:0000216	CL:1100001
CL:0000218	CL:0002573
CL:0000218	CL:4023154
CL:0000219	CL:0000000
CL:0000221	CL:0000255
CL:0000221	CL:0002321
CL:0000222	CL:0000255
CL:0000222	CL:0002321
CL:0000223	CL:0000255
CL:0000223	CL:0002321
CL:0000225	CL:0000000
CL:0000226	CL:0000255
CL:0000226	CL:0002242
CL:0000228	CL:0000255
CL:0000228	CL:0002242
CL:0000232	CL:0000081
CL:0000232	CL:0000329
CL:0000232	CL:0000764
CL:0000233	CL:0000081
CL:0000233	CL:0000225
CL:0000233	CL:0000458
CL:0000233	CL:0000763
CL:0000234	CL:0000219
CL:0000234	CL:0000325
CL:0000235	CL:0000113
CL:0000235	CL:0000145
CL:0000235	CL:0000766
CL:0000236	CL:0000945
CL:0000237	CL:0000240
CL:0000237	CL:0000311
CL:0000237	CL:0002077
CL:0000239	CL:0000075
CL:0000240	CL:0000076
CL:0000240	CL:0000079
CL:0000241	CL:0000075
CL:0000241	CL:0000079
CL:0000242	CL:0000123
CL:0000242	CL:0000710
CL:0000242	CL:1100001
CL:0000244	CL:0000066
CL:0000255	CL:0000000
CL:0000287	CL:0000006
CL:0000287	CL:0000210
CL:0000295	CL:0000167
CL:0000300	CL:0000413
CL:0000300	CL:0000586
CL:0000306	CL:0000325
CL:0000307	CL:0002202
CL:0000311	CL:0000325
CL:0000312	CL:0000237
CL:0000313	CL:0000159
CL:0000314	CL:0000151
CL:0000317	CL:0000150
CL:0000317	CL:0000152
CL:0000317	CL:0000362
CL:0000317	CL:0002308
CL:0000317	CL:2000021
CL:0000319	CL:0000159
CL:0000322	CL:0000082
CL:0000325	CL:0000000
CL:0000327	CL:0000499
CL:0000329	CL:0000000
CL:0000333	CL:0000219
CL:0000333	CL:0011012
CL:0000333	CL:0011026
CL:0000335	CL:0008019
CL:0000336	CL:0000457
CL:0000336	CL:1000426
CL:0000339	CL:0000030
CL:0000339	CL:0000123
CL:0000346	CL:1000302
CL:0000347	CL:0000255
CL:0000348	CL:0000255
CL:0000349	CL:0000255
CL:0000350	CL:0000349
CL:0000351	CL:0000349
CL:0000352	CL:0000052
CL:0000353	CL:0000007
CL:0000354	CL:0000048
CL:0000355	CL:0000048
CL:0000355	CL:0000188
CL:0000357	CL:0000036
CL:0000358	CL:0000192
CL:0000359	CL:0000192
CL:0000359	CL:4033054
CL:0000361	CL:0000007
CL:0000361	CL:0000255
CL:0000362	CL:0002159
CL:0000365	CL:0000007
CL:0000365	CL:0000255
CL:0000365	CL:0010017
CL:0000373	CL:0011026
CL:0000377	CL:0000069
CL:0000385	CL:0008001
CL:0000387	CL:0000255
CL:0000387	CL:0000390
CL:0000388	CL:1000307
CL:0000390	CL:0000081
CL:0000393	CL:0000211
CL:0000397	CL:0000099
CL:0000404	CL:0000211
CL:0000408	CL:0000015
CL:0000408	CL:0000300
CL:0000412	CL:0000000
CL:0000413	CL:0000000
CL:0000417	CL:0000412
CL:0000424	CL:0000000
CL:0000430	CL:0000147
CL:0000430	CL:0000255
CL:0000431	CL:0000147
CL:0000431	CL:0000255
CL:0000432	CL:0000057
CL:0000438	CL:0000151
CL:0000439	CL:0000154
CL:0000439	CL:0000167
CL:0000440	CL:0000167
CL:0000441	CL:0000036
CL:0000443	CL:0000167
CL:0000444	CL:0000737
CL:0000446	CL:1001593
CL:0000447	CL:0000151
CL:0000448	CL:0000136
CL:0000449	CL:0000136
CL:0000451	CL:0000113
CL:0000451	CL:0000145
CL:0000453	CL:0000766
CL:0000453	CL:0000990
CL:0000454	CL:0000457
CL:0000456	CL:0000174
CL:0000457	CL:0000151
CL:0000458	CL:0000457
CL:0000459	CL:0000457
CL:0000460	CL:0000174
CL:0000467	CL:0000167
CL:0000477	CL:0000500
CL:0000482	CL:0000151
CL:0000488	CL:0000210
CL:0000498	CL:0000099
CL:0000499	CL:0002320
CL:0000500	CL:0000066
CL:0000501	CL:0000174
CL:0000501	CL:0002174
CL:0000502	CL:0000164
CL:0000502	CL:0000165
CL:0000502	CL:0000172
CL:0000503	CL:0002132
CL:0000503	CL:0002174
CL:0000506	CL:0000507
CL:0000507	CL:0000167
CL:0000508	CL:0000164
CL:0000508	CL:0000165
CL:0000508	CL:0000506
CL:0000508	CL:0000509
CL:0000509	CL:0000167
CL:0000511	CL:0000154
CL:0000513	CL:0002494
CL:0000513	CL:0010021
CL:0000514	CL:0000056
CL:0000515	CL:0000056
CL:0000518	CL:0000234
CL:0000518	CL:0000255
CL:0000521	CL:0000255
CL:0000525	CL:0000351
CL:0000525	CL:4052002
CL:0000526	CL:0000540
CL:0000527	CL:0000540
CL:0000540	CL:0000393
CL:0000540	CL:0000404
CL:0000540	CL:0002319
CL:0000541	CL:0011026
CL:0000542	CL:0000842
CL:0000547	CL:0000764
CL:0000547	CL:0002242
CL:0000549	CL:0000765
CL:0000550	CL:0000765
CL:0000552	CL:0000765
CL:0000553	CL:0000763
CL:0000553	CL:0000839
CL:0000556	CL:0000763
CL:0000557	CL:0000763
CL:0000557	CL:0001012
CL:0000557	CL:1001610
CL:0000558	CL:0000764
CL:0000559	CL:0000763
CL:0000559	CL:0002194
CL:0000561	CL:0000099
CL:0000561	CL:0009004
CL:0000562	CL:0000232
CL:0000562	CL:0002242
CL:0000566	CL:0000134
CL:0000566	CL:0011026
CL:0000568	CL:0000165
CL:0000569	CL:0008019
CL:0000569	CL:2000073
CL:0000570	CL:0000163
CL:0000570	CL:0000443
CL:0000570	CL:0000458
CL:0000570	CL:0000710
CL:0000570	CL:0002257
CL:0000573	CL:0010009
CL:0000574	CL:0000147
CL:0000574	CL:0000255
CL:0000575	CL:0000076
CL:0000575	CL:0002159
CL:0000576	CL:0000113
CL:0000576	CL:0000766
CL:0000576	CL:0011026
CL:0000586	CL:0000039
CL:0000588	CL:0000092
CL:0000593	CL:0000174
CL:0000595	CL:0000225
CL:0000595	CL:0000232
CL:0000598	CL:2000029
CL:0000604	CL:0010009
CL:0000609	CL:0002374
CL:0000617	CL:0000151
CL:0000617	CL:0000540
CL:0000622	CL:0000150
CL:0000622	CL:0000154
CL:0000623	CL:0001067
CL:0000626	CL:0000120
CL:0000626	CL:1001434
CL:0000630	CL:0000000
CL:0000632	CL:0000057
CL:0000632	CL:0000327
CL:0000636	CL:0000681
CL:0000636	CL:0009004
CL:0000637	CL:0000150
CL:0000637	CL:0000166
CL:0000637	CL:0000167
CL:0000637	CL:0012001
CL:0000637	CL:2000004
CL:0000638	CL:0000637
CL:0000642	CL:0000630
CL:0000642	CL:2000004
CL:0000646	CL:0000036
CL:0000648	CL:0000154
CL:0000648	CL:0000192
CL:0000648	CL:1000618
CL:0000649	CL:4052060
CL:0000649	CL:4052061
CL:0000650	CL:0002681
CL:0000650	CL:1001318
CL:0000652	CL:0000150
CL:0000652	CL:0000163
CL:0000652	CL:0000710
CL:0000652	CL:0002319
CL:0000653	CL:0002522
CL:0000653	CL:1000450
CL:0000654	CL:0000023
CL:0000655	CL:0000023
CL:0000656	CL:0000017
CL:0000656	CL:0000255
CL:0000657	CL:0000017
CL:0000657	CL:0000255
CL:0000657	CL:0000413
CL:0000666	CL:0000115
CL:0000667	CL:0000327
CL:0000669	CL:0000183
CL:0000669	CL:0000630
CL:0000669	CL:0002320
CL:0000669	CL:0008034
CL:0000670	CL:0000039
CL:0000670	CL:0000219
CL:0000675	CL:0000021
CL:0000675	CL:0000300
CL:0000679	CL:0000151
CL:0000679	CL:0000540
CL:0000680	CL:0011026
CL:0000681	CL:0000125
CL:0000686	CL:0000710
CL:0000686	CL:1100001
CL:0000691	CL:0000099
CL:0000691	CL:0000122
CL:0000696	CL:0000164
CL:0000696	CL:0000167
CL:0000700	CL:4033050
CL:0000703	CL:0000630
CL:0000706	CL:0000065
CL:0000706	CL:0000239
CL:0000708	CL:0000327
CL:0000708	CL:0002319
CL:0000710	CL:0000075
CL:0000710	CL:0002077
CL:0000712	CL:0000362
CL:0000723	CL:0000034
CL:0000731	CL:0000244
CL:0000737	CL:0000187
CL:0000738	CL:0000219
CL:0000738	CL:0000255
CL:0000738	CL:0000988
CL:0000738	CL:0002242
CL:0000740	CL:0000540
CL:0000743	CL:0000138
CL:0000743	CL:0001035
CL:0000745	CL:0000099
CL:0000746	CL:0000737
CL:0000746	CL:0002494
CL:0000748	CL:0000679
CL:0000748	CL:0008028
CL:0000748	CL:0009004
CL:0000752	CL:0000748
CL:0000762	CL:0000226
CL:0000762	CL:0000763
CL:0000763	CL:0000255
CL:0000763	CL:0000988
CL:0000764	CL:0000763
CL:0000765	CL:0000764
CL:0000765	CL:0011026
CL:0000766	CL:0000738
CL:0000766	CL:0000763
CL:0000775	CL:0000094
CL:0000777	CL:0000864
CL:0000778	CL:0000092
CL:0000778	CL:0000113
CL:0000779	CL:0000092
CL:0000779	CL:0000783
CL:0000779	CL:4052002
CL:0000780	CL:0000588
CL:0000780	CL:0000779
CL:0000781	CL:0000588
CL:0000781	CL:0000778
CL:0000782	CL:0000766
CL:0000782	CL:0000990
CL:0000783	CL:0000228
CL:0000783	CL:0000518
CL:0000785	CL:0000145
CL:0000785	CL:0001201
CL:0000786	CL:0000946
CL:0000787	CL:0000785
CL:0000788	CL:0000785
CL:0000816	CL:0001201
CL:0000817	CL:0001201
CL:0000818	CL:0001201
CL:0000819	CL:0000785
CL:0000820	CL:0000819
CL:0000821	CL:0000819
CL:0000822	CL:0000785
CL:0000823	CL:0000623
CL:0000823	CL:0001082
CL:0000825	CL:0000838
CL:0000826	CL:0000838
CL:0000827	CL:0000838
CL:0000828	CL:0000226
CL:0000828	CL:0000763
CL:0000828	CL:0000839
CL:0000834	CL:0000763
CL:0000834	CL:0002191
CL:0000835	CL:0000763
CL:0000835	CL:0002191
CL:0000837	CL:0000255
CL:0000837	CL:0008001
CL:0000838	CL:0002031
CL:0000838	CL:0011026
CL:0000839	CL:0002031
CL:0000839	CL:0011026
CL:0000842	CL:0000226
CL:0000842	CL:0000738
CL:0000843	CL:0000822
CL:0000844	CL:0000785
CL:0000847	CL:0000064
CL:0000847	CL:0000207
CL:0000848	CL:0000207
CL:0000850	CL:0000458
CL:0000850	CL:0000540
CL:0000853	CL:0000630
CL:0000853	CL:0002167
CL:0000855	CL:0000199
CL:0000856	CL:0000006
CL:0000856	CL:0000855
CL:0000857	CL:0000515
CL:0000858	CL:0000515
CL:0000860	CL:0000576
CL:0000864	CL:0000235
CL:0000878	CL:0000864
CL:0000878	CL:0002319
CL:0000881	CL:4033054
CL:0000881	CL:4042003
CL:0000889	CL:0000766
CL:0000893	CL:0002420
CL:0000894	CL:0000827
CL:0000936	CL:0000837
CL:0000936	CL:0011026
CL:0000937	CL:0000623
CL:0000941	CL:0000990
CL:0000945	CL:0000542
CL:0000946	CL:0000945
CL:0000948	CL:4052108
CL:0000952	CL:0000957
CL:0000953	CL:0000957
CL:0000954	CL:0000955
CL:0000955	CL:0000817
CL:0000956	CL:0000817
CL:0000957	CL:0000955
CL:0000961	CL:0000843
CL:0000962	CL:0000843
CL:0000963	CL:0000844
CL:0000964	CL:0000844
CL:0000965	CL:0000844
CL:0000966	CL:0000844
CL:0000967	CL:0001053
CL:0000970	CL:0000787
CL:0000971	CL:0001053
CL:0000972	CL:0000787
CL:0000973	CL:4052108
CL:0000979	CL:0000972
CL:0000980	CL:0000785
CL:0000980	CL:0000946
CL:0000981	CL:0001053
CL:0000988	CL:0000000
CL:0000990	CL:0000451
CL:0000995	CL:0001060
CL:0000995	CL:0011026
CL:0001008	CL:0000037
CL:0001012	CL:0001060
CL:0001012	CL:0011026
CL:0001019	CL:0000763
CL:0001019	CL:0002031
CL:0001021	CL:0000051
CL:0001021	CL:0000995
CL:0001022	CL:0000576
CL:0001022	CL:0000839
CL:0001022	CL:0001019
CL:0001023	CL:0001030
CL:0001023	CL:0001059
CL:0001024	CL:0000037
CL:0001025	CL:0000051
CL:0001025	CL:0001030
CL:0001026	CL:0000995
CL:0001026	CL:0001059
CL:0001027	CL:0000051
CL:0001027	CL:0001012
CL:0001028	CL:0000051
CL:0001029	CL:0001019
CL:0001030	CL:0001060
CL:0001030	CL:0011026
CL:0001031	CL:0000120
CL:0001031	CL:2000028
CL:0001031	UBERON:0004121
CL:0001032	CL:0000120
CL:0001032	CL:0010012
CL:0001033	CL:0001032
CL:0001033	CL:0002608
CL:0001035	CL:0000255
CL:0001039	CL:0000062
CL:0001040	CL:0000062
CL:0001040	CL:0001035
CL:0001040	CL:0011026
CL:0001053	CL:0000787
CL:0001054	CL:0000576
CL:0001055	CL:0002393
CL:0001055	CL:0002397
CL:0001059	CL:0000049
CL:0001059	CL:0011026
CL:0001060	CL:0002032
CL:0001065	CL:0000542
CL:0001066	CL:0000038
CL:0001067	CL:0001065
CL:0001072	CL:0001082
CL:0001073	CL:0001072
CL:0001074	CL:0001082
CL:0001082	CL:0001065
CL:0001200	CL:0000945
CL:0001201	CL:0000236
CL:0001201	CL:0001200
CL:0002000	CL:0001066
CL:0002001	CL:0000557
CL:0002002	CL:0000557
CL:0002003	CL:0001066
CL:0002004	CL:0000547
CL:0002005	CL:0000050
CL:0002006	CL:0000050
CL:0002009	CL:0000763
CL:0002009	CL:0002032
CL:0002009	CL:0011026
CL:0002011	CL:0002009
CL:0002012	CL:0000547
CL:0002013	CL:0000549
CL:0002014	CL:0000549
CL:0002015	CL:0000550
CL:0002016	CL:0000550
CL:0002017	CL:0000552
CL:0002018	CL:0000552
CL:0002019	CL:0002422
CL:0002020	CL:0002422
CL:0002021	CL:0000595
CL:0002022	CL:0000595
CL:0002031	CL:0000255
CL:0002031	CL:0008001
CL:0002032	CL:0000255
CL:0002032	CL:0008001
CL:0002033	CL:0001008
CL:0002034	CL:0001008
CL:0002035	CL:0000837
CL:0002036	CL:0000837
CL:0002043	CL:0000837
CL:0002045	CL:0000826
CL:0002047	CL:0002400
CL:0002049	CL:0002400
CL:0002050	CL:0000817
CL:0002052	CL:0002400
CL:0002054	CL:0000816
CL:0002056	CL:0000822
CL:0002059	CL:0000941
CL:0002062	CL:0000076
CL:0002062	CL:0000322
CL:0002063	CL:0000157
CL:0002063	CL:0000322
CL:0002063	CL:0008055
CL:0002063	CL:1000272
CL:0002064	CL:0000622
CL:0002064	CL:1001599
CL:0002067	CL:0000164
CL:0002067	CL:0000170
CL:0002068	CL:0002086
CL:0002069	CL:0000609
CL:0002070	CL:0000609
CL:0002072	CL:0002086
CL:0002073	CL:0002086
CL:0002074	CL:0000163
CL:0002074	CL:0002086
CL:0002075	CL:0000075
CL:0002075	CL:0002202
CL:0002075	CL:0002204
CL:0002076	CL:0000066
CL:0002077	CL:0000066
CL:0002078	CL:0000066
CL:0002079	CL:0000069
CL:0002079	CL:1001433
CL:0002080	CL:1001433
CL:0002081	CL:0000703
CL:0002081	CL:0002256
CL:0002082	CL:0000336
CL:0002082	CL:0000454
CL:0002083	CL:0000336
CL:0002083	CL:0000459
CL:0002086	CL:0000746
CL:0002087	CL:0000738
CL:0002088	CL:0000710
CL:0002090	CL:0000021
CL:0002092	CL:0001035
CL:0002095	CL:0000593
CL:0002095	CL:0002132
CL:0002096	CL:0002086
CL:0002096	CL:0008009
CL:0002097	CL:0000174
CL:0002097	CL:0002078
CL:0002097	CL:1001601
CL:0002099	CL:0000456
CL:0002099	CL:0002097
CL:0002101	CL:0000788
CL:0002102	CL:0000788
CL:0002103	CL:0000981
CL:0002104	CL:0000981
CL:0002105	CL:0000979
CL:0002106	CL:0002105
CL:0002107	CL:0002105
CL:0002107	CL:4052108
CL:0002108	CL:0000979
CL:0002108	CL:4052108
CL:0002109	CL:0002101
CL:0002110	CL:0002109
CL:0002111	CL:0000970
CL:0002112	CL:0002111
CL:0002113	CL:0002112
CL:0002114	CL:0000970
CL:0002115	CL:0002114
CL:0002116	CL:0002115
CL:0002117	CL:4052108
CL:0002118	CL:0002117
CL:0002119	CL:0002117
CL:0002120	CL:0002118
CL:0002121	CL:0002118
CL:0002122	CL:0002119
CL:0002123	CL:0002122
CL:0002132	CL:0000499
CL:0002134	CL:0002132
CL:0002136	CL:0000460
CL:0002136	CL:0002097
CL:0002137	CL:0000593
CL:0002137	CL:0002097
CL:0002138	CL:0002139
CL:0002139	CL:0000115
CL:0002140	CL:0000317
CL:0002140	CL:0000622
CL:0002144	CL:0002653
CL:0002144	CL:2000008
CL:0002145	CL:0002202
CL:0002145	CL:4030034
CL:0002148	CL:0002159
CL:0002148	CL:0002320
CL:0002149	CL:0002078
CL:0002152	CL:0000146
CL:0002152	CL:0002535
CL:0002153	CL:0000225
CL:0002153	CL:0000255
CL:0002153	CL:0000311
CL:0002159	CL:0002077
CL:0002166	CL:0002159
CL:0002167	CL:0000098
CL:0002167	CL:0000206
CL:0002167	CL:0000710
CL:0002167	CL:0002319
CL:0002167	CL:0002631
CL:0002169	CL:0002167
CL:0002170	CL:0000237
CL:0002170	CL:0002336
CL:0002173	CL:0000650
CL:0002173	CL:1000618
CL:0002174	CL:0000255
CL:0002177	CL:0000642
CL:0002177	CL:0000710
CL:0002178	CL:0002251
CL:0002180	CL:0000319
CL:0002180	CL:0002178
CL:0002180	CL:1100001
CL:0002183	CL:0000048
CL:0002183	CL:0002178
CL:0002187	CL:0000646
CL:0002187	CL:0011026
CL:0002187	CL:1000428
CL:0002187	CL:4052061
CL:0002188	CL:0000666
CL:0002188	CL:0002681
CL:0002191	CL:0000839
CL:0002194	CL:0000839
CL:0002195	CL:0000048
CL:0002198	CL:0002076
CL:0002199	CL:0002198
CL:0002199	CL:0002260
CL:0002200	CL:0002198
CL:0002200	CL:0002257
CL:0002202	CL:0002632
CL:0002203	CL:0002253
CL:0002203	CL:0019032
CL:0002204	CL:0000066
CL:0002205	CL:0000082
CL:0002205	CL:0002075
CL:0002206	CL:0000082
CL:0002206	CL:0002075
CL:0002207	CL:0000307
CL:0002207	CL:0002075
CL:0002208	CL:0002075
CL:0002208	CL:0002328
CL:0002209	CL:0002202
CL:0002220	CL:0000710
CL:0002222	CL:0000066
CL:0002222	CL:0000306
CL:0002224	CL:0000075
CL:0002224	CL:0002222
CL:0002231	CL:0002076
CL:0002232	CL:0000072
CL:0002232	CL:0002231
CL:0002233	CL:0002231
CL:0002234	CL:0002233
CL:0002234	CL:0002341
CL:0002236	CL:0000068
CL:0002236	CL:0002341
CL:0002240	CL:0000057
CL:0002240	CL:0010001
CL:0002241	CL:0000057
CL:0002241	CL:4030031
CL:0002242	CL:0000000
CL:0002243	CL:0000358
CL:0002244	CL:1001575
CL:0002246	CL:0000037
CL:0002246	CL:0000080
CL:0002248	CL:0000723
CL:0002250	CL:0000048
CL:0002250	CL:0002563
CL:0002251	CL:0002076
CL:0002252	CL:0002251
CL:0002253	CL:0002563
CL:0002254	CL:0002563
CL:0002255	CL:0000499
CL:0002256	CL:0000630
CL:0002256	CL:0000710
CL:0002257	CL:0000150
CL:0002257	CL:0002076
CL:0002258	CL:0000163
CL:0002258	CL:0000167
CL:0002258	CL:0002257
CL:0002260	CL:0002076
CL:0002261	CL:0002076
CL:0002262	CL:0000071
CL:0002264	CL:0002067
CL:0002264	CL:1001517
CL:0002265	CL:0000502
CL:0002265	CL:0009042
CL:0002265	CL:1001588
CL:0002266	CL:0000502
CL:0002266	CL:0009006
CL:0002267	CL:0000502
CL:0002267	CL:0002659
CL:0002267	CL:1000222
CL:0002274	CL:0000457
CL:0002275	CL:0000696
CL:0002275	CL:0008024
CL:0002292	CL:0000710
CL:0002293	CL:0002076
CL:0002294	CL:0002364
CL:0002301	CL:0000214
CL:0002301	CL:0000499
CL:0002305	CL:0002078
CL:0002305	CL:1000494
CL:0002305	CL:1000615
CL:0002306	CL:0002078
CL:0002306	CL:1000494
CL:0002306	CL:1000615
CL:0002307	CL:0000239
CL:0002307	CL:0002306
CL:0002308	CL:0002159
CL:0002312	CL:0000295
CL:0002312	CL:0000638
CL:0002313	CL:0000150
CL:0002313	CL:0002159
CL:0002315	CL:0001035
CL:0002315	CL:0005014
CL:0002316	CL:0005014
CL:0002319	CL:0000255
CL:0002320	CL:0000255
CL:0002321	CL:0000000
CL:0002323	CL:0000349
CL:0002324	CL:0000185
CL:0002324	CL:0002327
CL:0002325	CL:0000314
CL:0002325	CL:0002159
CL:0002325	CL:1001586
CL:0002326	CL:0000069
CL:0002326	CL:0002327
CL:0002327	CL:0000066
CL:0002328	CL:0002202
CL:0002329	CL:0002202
CL:0002332	CL:0002145
CL:0002332	CL:0002328
CL:0002333	CL:0000136
CL:0002334	CL:0000057
CL:0002335	CL:0002334
CL:0002336	CL:0002261
CL:0002338	CL:0000823
CL:0002339	CL:0000048
CL:0002339	CL:0002341
CL:0002341	CL:0002231
CL:0002344	CL:0000823
CL:0002350	CL:0010008
CL:0002351	CL:0011026
CL:0002352	CL:0000037
CL:0002353	CL:0002352
CL:0002354	CL:0002352
CL:0002359	CL:0002352
CL:0002362	CL:0000031
CL:0002362	CL:0002319
CL:0002363	CL:0000005
CL:0002364	CL:0002293
CL:0002365	CL:0002293
CL:0002366	CL:0002601
CL:0002367	CL:0002320
CL:0002368	CL:0002076
CL:0002370	CL:0000160
CL:0002370	CL:0008055
CL:0002372	CL:0000737
CL:0002372	CL:4052002
CL:0002374	CL:0000006
CL:0002374	CL:0000855
CL:0002375	CL:0011026
CL:0002377	CL:0002573
CL:0002393	CL:0000576
CL:0002395	CL:0000860
CL:0002395	CL:0001022
CL:0002397	CL:0001054
CL:0002398	CL:0001022
CL:0002398	CL:0002393
CL:0002400	CL:0000817
CL:0002402	CL:0000822
CL:0002402	CL:0009014
CL:0002420	CL:0000084
CL:0002421	CL:0000558
CL:0002421	CL:0002242
CL:0002422	CL:0000225
CL:0002422	CL:0000558
CL:0002425	CL:0000827
CL:0002453	CL:0000123
CL:0002453	CL:0011026
CL:0002454	CL:0002465
CL:0002457	CL:0000453
CL:0002457	CL:0002465
CL:0002460	CL:0000941
CL:0002465	CL:0000990
CL:0002467	CL:0000889
CL:0002468	CL:0000889
CL:0002469	CL:0002395
CL:0002470	CL:0002395
CL:0002480	CL:0002370
CL:0002480	CL:0002631
CL:0002481	CL:0000185
CL:0002481	CL:0002625
CL:0002482	CL:1000458
CL:0002483	CL:0002559
CL:0002483	CL:2000000
CL:0002484	CL:0000148
CL:0002485	CL:0000148
CL:0002485	CL:0009004
CL:0002486	CL:0000710
CL:0002486	CL:0002484
CL:0002486	CL:0002491
CL:0002490	CL:0002315
CL:0002491	CL:0000098
CL:0002494	CL:0000255
CL:0002499	CL:0000351
CL:0002503	CL:0000630
CL:0002503	CL:0002320
CL:0002504	CL:0000192
CL:0002507	CL:0000990
CL:0002518	CL:0000066
CL:0002518	CL:1000497
CL:0002521	CL:0000136
CL:0002522	CL:0000255
CL:0002522	CL:0000424
CL:0002523	CL:0000653
CL:0002525	CL:0000653
CL:0002535	CL:0002149
CL:0002536	CL:0000066
CL:0002537	CL:0000134
CL:0002538	CL:1000488
CL:0002539	CL:0019018
CL:0002540	CL:0000134
CL:0002540	CL:0002092
CL:0002541	CL:0000134
CL:0002543	CL:0000071
CL:0002547	CL:1000306
CL:0002548	CL:0000057
CL:0002548	CL:0002494
CL:0002549	CL:0000057
CL:0002549	CL:0002319
CL:0002550	CL:0000057
CL:0002551	CL:0002620
CL:0002552	CL:0000057
CL:0002553	CL:0000057
CL:0002554	CL:0000057
CL:0002555	CL:0000057
CL:0002556	CL:0000057
CL:0002557	CL:0000057
CL:0002559	CL:0000255
CL:0002560	CL:0000362
CL:0002560	CL:0002559
CL:0002561	CL:0000362
CL:0002561	CL:0002559
CL:0002562	CL:0000362
CL:0002562	CL:0002559
CL:0002563	CL:0002251
CL:0002564	CL:0002320
CL:0002569	CL:0000134
CL:0002569	CL:0000349
CL:0002570	CL:0000134
CL:0002571	CL:0000134
CL:0002571	CL:0002195
CL:0002572	CL:0000134
CL:0002572	CL:0001035
CL:0002573	CL:0000125
CL:0002574	CL:0000499
CL:0002575	CL:0000669
CL:0002575	CL:0002319
CL:0002577	CL:0000066
CL:0002577	CL:0000349
CL:0002578	CL:0002334
CL:0002579	CL:0002334
CL:0002580	CL:0002334
CL:0002580	CL:4006000
CL:0002581	CL:0002334
CL:0002583	CL:0002334
CL:0002584	CL:0002518
CL:0002584	CL:0002681
CL:0002585	CL:0000071
CL:0002585	CL:0009004
CL:0002586	CL:0000066
CL:0002586	CL:0000149
CL:0002586	CL:0009004
CL:0002588	CL:0019018
CL:0002589	CL:0019018
CL:0002590	CL:0000359
CL:0002590	CL:0002319
CL:0002591	CL:0019018
CL:0002592	CL:0002494
CL:0002592	CL:0019018
CL:0002593	CL:0002595
CL:0002594	CL:0019018
CL:0002595	CL:0019018
CL:0002596	CL:0019018
CL:0002597	CL:0000192
CL:0002597	CL:1001319
CL:0002598	CL:0019019
CL:0002599	CL:0000192
CL:0002600	CL:0019019
CL:0002601	CL:0000192
CL:0002602	CL:0002320
CL:0002603	CL:0000127
CL:0002603	CL:2000005
CL:0002604	CL:0002605
CL:0002604	CL:1001580
CL:0002605	CL:0012000
CL:0002605	CL:1001579
CL:0002606	CL:0000127
CL:0002607	CL:0000333
CL:0002608	CL:0010012
CL:0002610	CL:2000029
CL:0002611	CL:2000029
CL:0002612	CL:2000029
CL:0002613	CL:0012001
CL:0002614	CL:2000029
CL:0002615	CL:0000136
CL:0002616	CL:0000136
CL:0002617	CL:0000136
CL:0002618	CL:0002543
CL:0002620	CL:0000057
CL:0002621	CL:0000240
CL:0002621	CL:1001576
CL:0002622	CL:0000499
CL:0002623	CL:0000622
CL:0002623	CL:1001596
CL:0002625	CL:0000068
CL:0002625	CL:0000077
CL:0002631	CL:0002368
CL:0002632	CL:0002368
CL:0002633	CL:0000646
CL:0002634	CL:0002253
CL:0002637	CL:0000237
CL:0002637	CL:0002634
CL:0002651	CL:0002262
CL:0002652	CL:1000414
CL:0002653	CL:0000115
CL:0002656	CL:0000150
CL:0002656	CL:0000152
CL:0002656	CL:0009084
CL:0002656	CL:1001591
CL:0002657	CL:0000150
CL:0002657	CL:0002252
CL:0002658	CL:0000150
CL:0002658	CL:0002253
CL:0002659	CL:0000150
CL:0002659	CL:0002178
CL:0002663	CL:0002074
CL:0002664	CL:0000048
CL:0002665	CL:0008019
CL:0002672	CL:0000048
CL:0002673	CL:0008002
CL:0002676	CL:0000031
CL:0002680	CL:0000696
CL:0002680	CL:1001516
CL:0002681	CL:1000497
CL:0005000	CL:0000099
CL:0005001	CL:0011026
CL:0005002	CL:0011026
CL:0005004	CL:0011026
CL:0005006	CL:0000066
CL:0005007	CL:0005000
CL:0005007	CL:0011005
CL:0005008	CL:0000202
CL:0005008	CL:0002374
CL:0005009	CL:0000075
CL:0005009	CL:0002518
CL:0005012	CL:0000067
CL:0005012	CL:0000075
CL:0005014	CL:0000630
CL:0005014	CL:0000710
CL:0005014	CL:0002491
CL:0005020	CL:0000048
CL:0005020	CL:4033054
CL:0005022	CL:0005020
CL:0005024	CL:0000100
CL:0005024	CL:0000108
CL:0005026	CL:0000048
CL:0007000	CL:0011026
CL:0007001	CL:0000000
CL:0007002	CL:0011026
CL:0007003	CL:0011026
CL:0007004	CL:0011012
CL:0007005	CL:0000255
CL:0007006	CL:0000222
CL:0007008	CL:0007005
CL:0007009	CL:0011026
CL:0007010	CL:0001035
CL:0007010	CL:0002320
CL:0007010	CL:0011026
CL:0007011	CL:0000029
CL:0007011	CL:0000107
CL:0008000	CL:0000187
CL:0008001	CL:0000988
CL:0008002	CL:0000188
CL:0008002	CL:0002372
CL:0008003	CL:0002372
CL:0008003	CL:0008004
CL:0008004	CL:0000187
CL:0008005	CL:0000226
CL:0008005	CL:0000444
CL:0008005	CL:0008004
CL:0008007	CL:0000187
CL:0008008	CL:0000737
CL:0008008	CL:0008007
CL:0008009	CL:0008008
CL:0008017	CL:0000188
CL:0008017	CL:0000515
CL:0008018	CL:0000056
CL:0008019	CL:0000219
CL:0008019	CL:0000255
CL:0008021	CL:2000031
CL:0008022	CL:0000569
CL:0008022	CL:0002494
CL:0008024	CL:0000083
CL:0008024	CL:0000164
CL:0008025	CL:0000459
CL:0008025	CL:4033050
CL:0008026	CL:0000066
CL:0008028	CL:0000540
CL:0008031	CL:0000099
CL:0008031	CL:0010012
CL:0008033	CL:0000349
CL:0008033	CL:2000078
CL:0008034	CL:4033054
CL:0008035	CL:0000359
CL:0008035	CL:0008034
CL:0008038	CL:0008039
CL:0008039	CL:0005024
CL:0008041	CL:0000077
CL:0008046	CL:0008002
CL:0008047	CL:0002319
CL:0008047	CL:0008002
CL:0008053	CL:0000666
CL:0008053	CL:0002144
CL:0008053	CL:2000044
CL:0008055	CL:0002368
CL:0008055	CL:1100001
CL:0008060	CL:0000617
CL:0008060	CL:0000679
CL:0008061	CL:0000108
CL:0008061	CL:0000617
CL:0009000	CL:3000004
CL:0009001	CL:0009004
CL:0009004	CL:0002319
CL:0009005	CL:0000255
CL:0009006	CL:1001516
CL:0009006	CL:1001598
CL:0009010	CL:0000255
CL:0009011	CL:0002253
CL:0009011	CL:4047017
CL:0009012	CL:0002254
CL:0009012	CL:4047017
CL:0009014	CL:0000542
CL:0009016	CL:0002250
CL:0009016	CL:0002253
CL:0009017	CL:0002250
CL:0009017	CL:0002254
CL:0009018	CL:0000542
CL:0009019	CL:0002681
CL:0009020	CL:0002203
CL:0009021	CL:0000499
CL:0009022	CL:0000499
CL:0009024	CL:0008041
CL:0009025	CL:0008041
CL:0009027	CL:0002253
CL:0009027	CL:4047017
CL:0009028	CL:0009016
CL:0009029	CL:0008041
CL:0009030	CL:1000405
CL:0009030	CL:1001516
CL:0009031	CL:0000084
CL:0009032	CL:0000236
CL:0009033	CL:0000786
CL:0009034	CL:0000451
CL:0009035	CL:0009021
CL:0009036	CL:0000235
CL:0009037	CL:0000236
CL:0009038	CL:0000235
CL:0009039	CL:0011108
CL:0009039	CL:1000320
CL:0009040	CL:0009021
CL:0009041	CL:0002203
CL:0009041	CL:0011108
CL:0009042	CL:0011108
CL:0009042	CL:1001516
CL:0009043	CL:0009016
CL:0009044	CL:0000542
CL:0009045	CL:0000236
CL:0009046	CL:0000084
CL:0009047	CL:0000235
CL:0009048	CL:0000235
CL:0009049	CL:0008035
CL:0009049	CL:0019018
CL:0009050	CL:0000236
CL:0009051	CL:0000084
CL:0009052	CL:1000279
CL:0009053	CL:0009021
CL:0009056	CL:0002253
CL:0009056	CL:4047017
CL:0009057	CL:1000320
CL:0009059	CL:0000786
CL:0009060	CL:0000785
CL:0009061	CL:0009016
CL:0009063	CL:0002253
CL:0009063	CL:1001516
CL:0009064	CL:0000084
CL:0009065	CL:0002203
CL:0009066	CL:0000240
CL:0009066	CL:0002253
CL:0009080	CL:0002254
CL:0009080	CL:0019032
CL:0009084	CL:0002149
CL:0009086	CL:0002138
CL:0009089	CL:0000669
CL:0009091	CL:0000034
CL:0009091	CL:4030031
CL:0009092	CL:0000115
CL:0009093	CL:0000192
CL:0009094	CL:0002543
CL:0009095	CL:0000115
CL:0009097	CL:0008002
CL:0009098	CL:0008002
CL:0009100	CL:0000057
CL:0009115	CL:0002138
CL:0009116	CL:0011026
CL:0010001	CL:0000499
CL:0010001	CL:0002092
CL:0010002	CL:0000066
CL:0010004	CL:0000842
CL:0010004	CL:1001610
CL:0010005	CL:0010007
CL:0010006	CL:0000071
CL:0010006	CL:0010008
CL:0010007	CL:0002494
CL:0010008	CL:0000115
CL:0010008	CL:0002494
CL:0010009	CL:0000287
CL:0010009	CL:0009004
CL:0010010	CL:0000691
CL:0010010	CL:4042035
CL:0010011	CL:0008031
CL:0010011	CL:0011005
CL:0010012	CL:0012001
CL:0010015	CL:0000066
CL:0010017	CL:0000000
CL:0010020	CL:0000125
CL:0010020	CL:0002494
CL:0010021	CL:0000056
CL:0010022	CL:2000032
CL:0011000	CL:0002611
CL:0011000	CL:0005000
CL:0011001	CL:0000100
CL:0011001	CL:2000029
CL:0011003	CL:0000165
CL:0011003	CL:0012001
CL:0011004	CL:0002222
CL:0011005	CL:0000498
CL:0011005	CL:0000617
CL:0011007	CL:0000222
CL:0011012	CL:0000048
CL:0011012	CL:0002321
CL:0011013	CL:0000019
CL:0011013	CL:0000219
CL:0011016	CL:0011013
CL:0011019	CL:0000077
CL:0011019	CL:0002494
CL:0011021	CL:0011022
CL:0011022	CL:0002620
CL:0011026	CL:0000255
CL:0011026	CL:0011115
CL:0011027	CL:0000188
CL:0011027	CL:1001609
CL:0011030	CL:2000008
CL:0011030	CL:2000010
CL:0011101	CL:0000351
CL:0011103	CL:0000107
CL:0011108	CL:0002253
CL:0011113	CL:2000032
CL:0011115	CL:0000000
CL:0012000	CL:0000127
CL:0012000	CL:2000005
CL:0012001	CL:2000029
CL:0013000	CL:0000681
CL:0017000	CL:0000082
CL:0017000	CL:0005006
CL:0017002	CL:0000150
CL:0017002	CL:0000165
CL:0017003	CL:1000296
CL:0017010	CL:1000296
CL:0017010	CL:4030024
CL:0017011	CL:0017003
CL:0017011	CL:0017010
CL:0017500	GO:0005737
CL:0017502	GO:0005737
CL:0017503	GO:0005737
CL:0017504	GO:0005737
CL:0017508	GO:0000792
CL:0019001	CL:0000255
CL:0019001	CL:0000313
CL:0019002	CL:0000138
CL:0019003	CL:0002202
CL:0019003	CL:0002370
CL:0019017	CL:0000359
CL:0019018	CL:0000359
CL:0019019	CL:0000192
CL:0019020	CL:1000488
CL:0019021	CL:1000398
CL:0019022	CL:1000398
CL:0019026	CL:0000182
CL:0019028	CL:0000182
CL:0019029	CL:0000182
CL:0019031	CL:0000160
CL:0019031	CL:0002563
CL:0019032	CL:0002204
CL:0019032	CL:0002563
CL:0020011	CL:0002559
CL:0020011	CL:0002620
CL:0020012	CL:0020011
CL:0020021	CL:0002320
CL:0020021	CL:0008019
CL:0020021	CL:0011026
CL:1000001	CL:2000029
CL:1000022	CL:1000449
CL:1000022	CL:1000507
CL:1000042	CL:0000031
CL:1000042	CL:0002319
CL:1000050	CL:0000125
CL:1000073	CL:0000681
CL:1000090	CL:1000449
CL:1000090	CL:1000507
CL:1000123	CL:1000449
CL:1000123	CL:1000507
CL:1000143	CL:0000082
CL:1000143	CL:0002370
CL:1000143	CL:1000272
CL:1000147	CL:0002494
CL:1000217	CL:0000138
CL:1000222	CL:0000165
CL:1000222	CL:1001517
CL:1000223	CL:0000006
CL:1000223	CL:0000098
CL:1000223	CL:0000165
CL:1000223	CL:0000206
CL:1000223	CL:0000458
CL:1000223	CL:1000272
CL:1000236	CL:1000050
CL:1000239	CL:1000050
CL:1000245	CL:2000031
CL:1000271	CL:0000082
CL:1000271	CL:4030034
CL:1000272	CL:0000151
CL:1000272	CL:0000255
CL:1000274	CL:0000349
CL:1000275	CL:0002504
CL:1000276	CL:1000275
CL:1000277	CL:1000275
CL:1000278	CL:1000275
CL:1000279	CL:0002504
CL:1000280	CL:1000279
CL:1000281	CL:1000280
CL:1000282	CL:1000280
CL:1000283	CL:1000280
CL:1000284	CL:1000280
CL:1000285	CL:1000280
CL:1000286	CL:1000279
CL:1000296	CL:0000066
CL:1000296	CL:1001320
CL:1000298	CL:0000077
CL:1000298	CL:0002319
CL:1000302	CL:0002551
CL:1000303	CL:0000057
CL:1000306	CL:4052030
CL:1000307	CL:0000057
CL:1000309	CL:0000136
CL:1000309	CL:0002494
CL:1000310	CL:1000309
CL:1000311	CL:1000309
CL:1000312	CL:0002328
CL:1000312	CL:0019003
CL:1000313	CL:0000160
CL:1000313	CL:0002180
CL:1000314	CL:0000152
CL:1000314	CL:0002659
CL:1000314	CL:1000313
CL:1000315	CL:0000152
CL:1000315	CL:0002659
CL:1000315	CL:1000313
CL:1000317	CL:1000495
CL:1000320	CL:0002253
CL:1000320	CL:0019031
CL:1000321	CL:0002658
CL:1000321	CL:1000320
CL:1000322	CL:0000069
CL:1000322	CL:0000160
CL:1000322	CL:1001599
CL:1000323	CL:0000152
CL:1000323	CL:0002659
CL:1000323	CL:1000313
CL:1000324	CL:1000317
CL:1000324	CL:1001589
CL:1000325	CL:1000317
CL:1000326	CL:1000317
CL:1000327	CL:1000320
CL:1000327	CL:1000405
CL:1000329	CL:0000307
CL:1000329	CL:0019003
CL:1000330	CL:0019001
CL:1000331	CL:0019001
CL:1000332	CL:0019001
CL:1000332	CL:1000272
CL:1000333	CL:0019001
CL:1000333	CL:1000272
CL:1000348	CL:0002633
CL:1000349	CL:0002328
CL:1000349	CL:0002329
CL:1000349	CL:0002633
CL:1000350	CL:0002633
CL:1000351	CL:0002633
CL:1000352	CL:0002633
CL:1000361	CL:0002073
CL:1000361	CL:2000022
CL:1000362	CL:0002073
CL:1000362	CL:2000022
CL:1000370	CL:1000481
CL:1000371	CL:1000481
CL:1000376	CL:0002068
CL:1000376	CL:2000022
CL:1000378	CL:0002070
CL:1000378	CL:3000004
CL:1000379	CL:0002070
CL:1000379	CL:3000004
CL:1000380	CL:0002070
CL:1000380	CL:3000004
CL:1000381	CL:0002070
CL:1000381	CL:3000004
CL:1000382	CL:0002069
CL:1000382	CL:3000004
CL:1000383	CL:0002069
CL:1000383	CL:3000004
CL:1000384	CL:0002069
CL:1000384	CL:3000004
CL:1000385	CL:0002069
CL:1000385	CL:3000004
CL:1000391	CL:0000148
CL:1000397	CL:0002651
CL:1000397	CL:2000053
CL:1000398	CL:0000666
CL:1000398	CL:0002262
CL:1000405	CL:0002253
CL:1000409	CL:0002072
CL:1000409	CL:0008009
CL:1000410	CL:0002072
CL:1000410	CL:0008009
CL:1000410	CL:2000022
CL:1000411	CL:0000131
CL:1000412	CL:0000071
CL:1000413	CL:0000071
CL:1000414	CL:0000071
CL:1000415	CL:0000066
CL:1000417	CL:0000185
CL:1000417	CL:1000448
CL:1000418	CL:0002324
CL:1000419	CL:0000068
CL:1000419	CL:0002324
CL:1000424	CL:1000425
CL:1000425	CL:0000166
CL:1000426	CL:0000150
CL:1000426	CL:0000166
CL:1000427	CL:1000426
CL:1000427	CL:1001601
CL:1000428	CL:0000723
CL:1000432	CL:0000066
CL:1000433	CL:0000066
CL:1000434	CL:0000066
CL:1000435	CL:0000072
CL:1000436	CL:1000437
CL:1000437	CL:1000435
CL:1000442	CL:1001428
CL:1000443	CL:0000192
CL:1000444	CL:0000077
CL:1000445	CL:0000185
CL:1000447	CL:0000646
CL:1000448	CL:0000362
CL:1000448	CL:0002308
CL:1000449	CL:0002518
CL:1000450	CL:1000510
CL:1000452	CL:1000450
CL:1000453	CL:1000909
CL:1000454	CL:0000072
CL:1000454	CL:1000449
CL:1000454	CL:1001225
CL:1000456	CL:1000490
CL:1000457	CL:1000490
CL:1000458	CL:0000148
CL:1000465	CL:0000166
CL:1000466	CL:1000465
CL:1000467	CL:1000465
CL:1000478	CL:0002073
CL:1000478	CL:1000409
CL:1000479	CL:0002068
CL:1000479	CL:1000410
CL:1000480	CL:0002073
CL:1000480	CL:0002096
CL:1000481	CL:0002073
CL:1000481	CL:0008009
CL:1000481	CL:0010005
CL:1000481	CL:2000046
CL:1000482	CL:0002074
CL:1000482	CL:2000022
CL:1000483	CL:0002068
CL:1000483	CL:0002096
CL:1000484	CL:0002068
CL:1000484	CL:0008009
CL:1000484	CL:0010005
CL:1000484	CL:2000046
CL:1000486	CL:0000646
CL:1000486	CL:0000731
CL:1000487	CL:0000192
CL:1000488	CL:0000069
CL:1000489	CL:0000432
CL:1000489	CL:2000051
CL:1000490	CL:0000077
CL:1000491	CL:0000077
CL:1000492	CL:1000491
CL:1000493	CL:1000491
CL:1000494	CL:1000449
CL:1000494	CL:1000507
CL:1000495	CL:0019031
CL:1000495	CL:1001598
CL:1000497	CL:0000255
CL:1000500	CL:1000497
CL:1000500	CL:4030031
CL:1000504	CL:1000497
CL:1000505	CL:1000497
CL:1000507	CL:1000497
CL:1000510	CL:1000746
CL:1000546	CL:1000454
CL:1000546	CL:1000504
CL:1000547	CL:1000546
CL:1000547	CL:1000617
CL:1000548	CL:1000546
CL:1000548	CL:1000616
CL:1000549	CL:0002584
CL:1000549	CL:1000454
CL:1000550	CL:1001225
CL:1000596	CL:0002681
CL:1000597	CL:1000505
CL:1000597	CL:1000617
CL:1000600	CL:0000255
CL:1000601	CL:0000255
CL:1000606	CL:1000500
CL:1000606	CL:2000032
CL:1000612	CL:0002584
CL:1000612	CL:1000449
CL:1000615	CL:0002584
CL:1000615	CL:1000449
CL:1000615	CL:1000507
CL:1000616	CL:1000504
CL:1000617	CL:1000504
CL:1000618	CL:0002681
CL:1000681	CL:0002584
CL:1000681	CL:1000500
CL:1000682	CL:1000500
CL:1000682	CL:1000504
CL:1000692	CL:0000057
CL:1000692	CL:1000500
CL:1000702	CL:0000192
CL:1000702	CL:1000505
CL:1000703	CL:0000731
CL:1000703	CL:0002518
CL:1000703	CL:1000505
CL:1000706	CL:0000731
CL:1000706	CL:1000601
CL:1000708	CL:0000115
CL:1000708	CL:0002503
CL:1000708	CL:1000601
CL:1000714	CL:1000549
CL:1000714	CL:1001431
CL:1000716	CL:1000548
CL:1000716	CL:1001431
CL:1000718	CL:1000547
CL:1000718	CL:1001431
CL:1000721	CL:1000550
CL:1000721	CL:1001431
CL:1000746	CL:1000612
CL:1000768	CL:1000494
CL:1000768	CL:1000615
CL:1000803	CL:1000617
CL:1000803	CL:1000682
CL:1000804	CL:1000616
CL:1000804	CL:1000682
CL:1000838	CL:0002307
CL:1000839	CL:0002306
CL:1000839	CL:1000616
CL:1000839	CL:1001021
CL:1000849	CL:0002305
CL:1000850	CL:0000067
CL:1000850	CL:0002305
CL:1000850	CL:1000618
CL:1000854	CL:1000504
CL:1000891	CL:1000854
CL:1000892	CL:0002144
CL:1000892	CL:1000854
CL:1000893	CL:1000854
CL:1000909	CL:1000494
CL:1000979	CL:0000192
CL:1000979	CL:1000601
CL:1001005	CL:0002188
CL:1001005	CL:1000892
CL:1001006	CL:0002681
CL:1001006	CL:1000891
CL:1001009	CL:0002681
CL:1001009	CL:1000891
CL:1001016	CL:0002305
CL:1001016	CL:1000909
CL:1001021	CL:1000909
CL:1001033	CL:0000666
CL:1001033	CL:1000892
CL:1001036	CL:1000504
CL:1001036	CL:2000008
CL:1001045	CL:0002681
CL:1001045	CL:1000891
CL:1001052	CL:0002681
CL:1001052	CL:1000893
CL:1001064	CL:0019018
CL:1001064	CL:1000891
CL:1001066	CL:0019018
CL:1001066	CL:1000891
CL:1001068	CL:0019018
CL:1001068	CL:1000893
CL:1001096	CL:1000412
CL:1001096	CL:1001006
CL:1001097	CL:0008035
CL:1001097	CL:1001006
CL:1001097	CL:1001066
CL:1001099	CL:1000412
CL:1001099	CL:1001009
CL:1001100	CL:0008035
CL:1001100	CL:1001009
CL:1001100	CL:1001066
CL:1001106	CL:1000504
CL:1001106	CL:1001016
CL:1001107	CL:1000617
CL:1001107	CL:1001016
CL:1001108	CL:1000616
CL:1001108	CL:1001106
CL:1001109	CL:1001106
CL:1001111	CL:1000453
CL:1001111	CL:1000616
CL:1001111	CL:1001021
CL:1001123	CL:1000616
CL:1001123	CL:1001033
CL:1001124	CL:0002681
CL:1001124	CL:1001033
CL:1001126	CL:1000617
CL:1001126	CL:1001036
CL:1001127	CL:1000616
CL:1001127	CL:1001036
CL:1001131	CL:1001036
CL:1001135	CL:1001045
CL:1001138	CL:1001045
CL:1001142	CL:1001052
CL:1001145	CL:1001052
CL:1001209	CL:1001126
CL:1001209	CL:1001131
CL:1001210	CL:1001127
CL:1001210	CL:1001131
CL:1001213	CL:1000413
CL:1001213	CL:1001135
CL:1001214	CL:1001064
CL:1001214	CL:1001135
CL:1001216	CL:1000413
CL:1001216	CL:1001138
CL:1001217	CL:1001064
CL:1001217	CL:1001138
CL:1001220	CL:0002543
CL:1001220	CL:1001142
CL:1001221	CL:1001068
CL:1001221	CL:1001142
CL:1001223	CL:0002543
CL:1001223	CL:1001145
CL:1001224	CL:1001068
CL:1001224	CL:1001145
CL:1001225	CL:1000497
CL:1001285	CL:1001036
CL:1001286	CL:1001126
CL:1001286	CL:1001285
CL:1001287	CL:1001127
CL:1001287	CL:1001285
CL:1001318	CL:0000669
CL:1001318	CL:1000500
CL:1001319	CL:1000600
CL:1001320	CL:1000600
CL:1001428	CL:0000731
CL:1001428	CL:1001319
CL:1001430	CL:0000731
CL:1001430	CL:1000296
CL:1001431	CL:0005009
CL:1001431	CL:1000454
CL:1001433	CL:0000083
CL:1001434	CL:0000099
CL:1001434	CL:0000101
CL:1001434	CL:0012001
CL:1001451	CL:0000006
CL:1001451	CL:3000004
CL:1001451	CL:4023168
CL:1001502	CL:1001434
CL:1001503	CL:0012001
CL:1001505	CL:0000165
CL:1001505	CL:0000167
CL:1001505	CL:0012001
CL:1001505	CL:2000030
CL:1001516	CL:0000164
CL:1001516	CL:0002563
CL:1001517	CL:0000164
CL:1001517	CL:0002178
CL:1001567	CL:0002139
CL:1001568	CL:1000413
CL:1001569	CL:0002608
CL:1001569	CL:0008031
CL:1001571	CL:0002608
CL:1001571	CL:4023111
CL:1001572	CL:0000131
CL:1001573	CL:0002251
CL:1001573	CL:0002631
CL:1001575	CL:0000076
CL:1001575	CL:0002535
CL:1001576	CL:0000076
CL:1001576	CL:0002251
CL:1001577	CL:0000076
CL:1001577	CL:0002251
CL:1001578	CL:0000076
CL:1001579	CL:0000125
CL:1001580	CL:1001579
CL:1001581	CL:0000125
CL:1001582	CL:0012001
CL:1001585	CL:0002658
CL:1001585	CL:1000405
CL:1001586	CL:0000150
CL:1001586	CL:0000152
CL:1001586	CL:0002327
CL:1001587	CL:0002535
CL:1001587	CL:1001591
CL:1001588	CL:0002658
CL:1001588	CL:0011108
CL:1001589	CL:1001598
CL:1001590	CL:0000068
CL:1001590	CL:1100001
CL:1001591	CL:1100001
CL:1001592	CL:0000150
CL:1001592	CL:1000415
CL:1001593	CL:0000150
CL:1001593	CL:0002260
CL:1001595	CL:0002658
CL:1001596	CL:0000150
CL:1001596	CL:0000152
CL:1001596	CL:0002251
CL:1001596	CL:0009005
CL:1001597	CL:0000068
CL:1001597	CL:0000150
CL:1001598	CL:0002254
CL:1001598	CL:1100001
CL:1001599	CL:0000150
CL:1001599	CL:0000152
CL:1001599	CL:1001433
CL:1001601	CL:0000150
CL:1001602	CL:0000115
CL:1001602	CL:0002319
CL:1001603	CL:0000235
CL:1001606	CL:0000312
CL:1001607	CL:0000138
CL:1001608	CL:0002620
CL:1001609	CL:0000057
CL:1001610	CL:0000988
CL:1001610	CL:0002092
CL:1001611	CL:2000029
CL:1100001	CL:0000066
CL:1100001	CL:0000151
CL:2000000	CL:0002484
CL:2000000	CL:1000458
CL:2000001	CL:0000080
CL:2000001	CL:0000842
CL:2000002	CL:0000349
CL:2000002	CL:0000499
CL:2000004	CL:0002319
CL:2000005	CL:0000126
CL:2000006	CL:0000844
CL:2000007	CL:1001607
CL:2000008	CL:0000071
CL:2000010	CL:0000071
CL:2000011	CL:0002138
CL:2000012	CL:0002620
CL:2000013	CL:0002620
CL:2000014	CL:0002620
CL:2000015	CL:0002620
CL:2000016	CL:1001567
CL:2000016	CL:2000008
CL:2000017	CL:0002556
CL:2000018	CL:0010006
CL:2000018	CL:1000413
CL:2000019	CL:0000287
CL:2000020	CL:0000255
CL:2000021	CL:0000255
CL:2000022	CL:0002494
CL:2000023	CL:0005000
CL:2000024	CL:2000029
CL:2000025	CL:0000128
CL:2000027	CL:0000118
CL:2000027	CL:4042035
CL:2000028	CL:0000679
CL:2000028	CL:1001611
CL:2000029	CL:0000540
CL:2000030	CL:0002319
CL:2000031	CL:2000032
CL:2000032	CL:0000540
CL:2000033	CL:0002187
CL:2000034	CL:0000856
CL:2000037	CL:0000856
CL:2000040	CL:1001319
CL:2000040	CL:2000008
CL:2000041	CL:0011030
CL:2000041	CL:2000011
CL:2000042	CL:0000057
CL:2000043	CL:0002575
CL:2000044	CL:0002319
CL:2000044	CL:2000008
CL:2000045	CL:1000458
CL:2000046	CL:0000746
CL:2000047	CL:0000100
CL:2000047	CL:2000029
CL:2000049	CL:4023111
CL:2000051	CL:0000057
CL:2000052	CL:0000349
CL:2000052	CL:1000413
CL:2000053	CL:0000115
CL:2000055	CL:0000451
CL:2000057	CL:0000062
CL:2000057	CL:0001035
CL:2000058	CL:0000062
CL:2000059	CL:2000008
CL:2000060	CL:0000351
CL:2000061	CL:0000134
CL:2000062	CL:0002144
CL:2000062	CL:0009092
CL:2000063	CL:0000057
CL:2000063	CL:0002132
CL:2000064	CL:0002078
CL:2000065	CL:1001320
CL:2000065	CL:2000008
CL:2000066	CL:0002548
CL:2000067	CL:0002548
CL:2000068	CL:0000057
CL:2000069	CL:0000057
CL:2000070	CL:0000005
CL:2000070	CL:0000348
CL:2000071	CL:2000008
CL:2000072	CL:0002320
CL:2000072	CL:2000008
CL:2000073	CL:0000333
CL:2000074	CL:0000738
CL:2000075	CL:0000223
CL:2000076	CL:0002543
CL:2000077	CL:0000188
CL:2000077	CL:0000737
CL:2000078	CL:0000669
CL:2000079	CL:0002540
CL:2000080	CL:0002570
CL:2000081	CL:1000458
CL:2000083	CL:0000346
CL:2000084	CL:0000160
CL:2000084	CL:1000432
CL:2000085	CL:0000349
CL:2000085	CL:0000842
CL:2000086	CL:0000118
CL:2000086	CL:0010011
CL:2000087	CL:0000118
CL:2000087	CL:0010011
CL:2000087	CL:1001569
CL:2000087	CL:4023062
CL:2000088	CL:0000118
CL:2000088	CL:0010011
CL:2000088	CL:1001569
CL:2000089	CL:0001033
CL:2000089	CL:4023062
CL:2000090	CL:0000122
CL:2000090	CL:4023062
CL:2000091	CL:0009095
CL:2000091	CL:2000008
CL:2000092	CL:0002559
CL:2000092	CL:4052061
CL:2000093	CL:0002553
CL:2000095	CL:0002246
CL:2000095	CL:0002352
CL:2000096	CL:0000151
CL:2000096	CL:0002551
CL:2000097	CL:0000700
CL:2000097	CL:2000029
CL:3000002	CL:0008025
CL:3000002	CL:0011103
CL:3000003	CL:0000108
CL:3000003	CL:0011103
CL:3000004	CL:0000101
CL:3000004	CL:2000032
CL:4006000	CL:0000057
CL:4006001	CL:0002620
CL:4023035	CL:2000029
CL:4023038	CL:0000679
CL:4023038	CL:0010012
CL:4023039	CL:0000679
CL:4023039	CL:0012001
CL:4023057	CL:0011005
CL:4023057	CL:1001611
CL:4023059	CL:0000123
CL:4023062	CL:0002608
CL:4023063	CL:0000099
CL:4023064	CL:0010011
CL:4023064	CL:4042039
CL:4023068	CL:0000679
CL:4023068	CL:0012001
CL:4023069	CL:0010011
CL:4023069	CL:4023063
CL:4023072	CL:0002319
CL:4023074	CL:0012001
CL:4023079	CL:2000029
CL:4023079	UBERON:0004121
CL:4023107	CL:2000029
CL:4023109	CL:0000167
CL:4023109	CL:0011003
CL:4023110	CL:0000598
CL:4023110	CL:0012001
CL:4023111	CL:0000598
CL:4023111	CL:0010012
CL:4023120	CL:0000202
CL:4023120	CL:0002374
CL:4023154	CL:0000125
CL:4023161	CL:0000099
CL:4023161	CL:0000679
CL:4023168	CL:2000032
CL:4023187	CL:0012001
CL:4028001	CL:0002144
CL:4028001	CL:2000016
CL:4030000	CL:0000148
CL:4030001	CL:0000499
CL:4030008	CL:0000653
CL:4030009	CL:1000838
CL:4030010	CL:1000838
CL:4030011	CL:0002307
CL:4030011	CL:1000839
CL:4030012	CL:0000076
CL:4030012	CL:1001111
CL:4030016	CL:1000849
CL:4030017	CL:1000849
CL:4030018	CL:0005009
CL:4030018	CL:1000768
CL:4030022	CL:1000682
CL:4030022	CL:1000692
CL:4030023	CL:0002368
CL:4030023	CL:4030024
CL:4030024	CL:0000066
CL:4030025	CL:1000681
CL:4030025	CL:1000692
CL:4030027	CL:0000561
CL:4030027	CL:0011005
CL:4030029	CL:0000542
CL:4030029	CL:2000001
CL:4030031	CL:0000255
CL:4030032	CL:0000151
CL:4030032	CL:1000147
CL:4030032	CL:4030031
CL:4030033	CL:0010008
CL:4030033	CL:1000147
CL:4030034	CL:0002368
CL:4030034	CL:0005012
CL:4030035	CL:0000034
CL:4030035	CL:0002148
CL:4030066	CL:0000068
CL:4030066	CL:0002518
CL:4033000	CL:1000414
CL:4033001	CL:1000412
CL:4033002	CL:0000150
CL:4033002	CL:0000165
CL:4033002	CL:1001516
CL:4033003	CL:0000185
CL:4033003	CL:0002328
CL:4033004	CL:1000279
CL:4033005	CL:0000152
CL:4033005	CL:0019001
CL:4033006	CL:0002138
CL:4033007	CL:0000082
CL:4033007	CL:0002208
CL:4033008	CL:0002543
CL:4033009	CL:1000143
CL:4033009	CL:1000312
CL:4033010	CL:0000082
CL:4033010	CL:0002328
CL:4033010	CL:0008055
CL:4033010	CL:1000223
CL:4033011	CL:1000279
CL:4033012	CL:1000279
CL:4033013	CL:4052061
CL:4033013	CL:7770004
CL:4033015	CL:0000127
CL:4033015	CL:0009004
CL:4033017	CL:0019019
CL:4033018	CL:0000556
CL:4033018	CL:0002320
CL:4033020	CL:0000307
CL:4033020	CL:4033037
CL:4033021	CL:0000185
CL:4033021	CL:0000307
CL:4033022	CL:0002328
CL:4033022	CL:4033037
CL:4033025	CL:0000057
CL:4033026	CL:0002553
CL:4033026	CL:4033025
CL:4033037	CL:0000150
CL:4033037	CL:0000152
CL:4033037	CL:0000319
CL:4033037	CL:0002202
CL:4033037	CL:0008055
CL:4033044	CL:0002368
CL:4033049	CL:0000209
CL:4033049	CL:0002319
CL:4033050	CL:0000151
CL:4033050	CL:0000540
CL:4033054	CL:0000000
CL:4033055	CL:0000068
CL:4033055	CL:0005012
CL:4033057	CL:0002326
CL:4033057	CL:0011026
CL:4033061	CL:0002543
CL:4033064	CL:0000864
CL:4033066	CL:0000255
CL:4033066	CL:0000630
CL:4033083	CL:0000501
CL:4033084	CL:0000501
CL:4033084	UBERON:0004120
CL:4033087	CL:0000864
CL:4033093	CL:0000036
CL:4033097	CL:0002543
CL:4040002	CL:0000125
CL:4040003	CL:0000322
CL:4040004	CL:0002570
CL:4042003	CL:0000878
CL:4042035	CL:4023057
CL:4042039	CL:2000029
CL:4047017	CL:0002563
CL:4047017	CL:0009010
CL:4047023	CL:0000057
CL:4047023	CL:0000151
CL:4047025	CL:0000508
CL:4047025	CL:1000222
CL:4047034	CL:0000192
CL:4047036	CL:4047034
CL:4047037	CL:4047034
CL:4047101	CL:0000623
CL:4052001	CL:0000065
CL:4052001	CL:0005012
CL:4052002	CL:0000228
CL:4052003	CL:0000131
CL:4052003	CL:0000666
CL:4052003	CL:0002144
CL:4052006	CL:0002563
CL:4052006	CL:0011026
CL:4052010	CL:0002132
CL:4052010	CL:0002174
CL:4052012	CL:0000503
CL:4052012	CL:0000593
CL:4052013	CL:0000503
CL:4052014	CL:0000666
CL:4052014	CL:0002144
CL:4052015	CL:0002144
CL:4052016	CL:0000666
CL:4052016	CL:2000004
CL:4052016	CL:2000044
CL:4052016	CL:4052015
CL:4052017	CL:0000666
CL:4052017	CL:0002144
CL:4052017	CL:2000044
CL:4052018	CL:0000066
CL:4052022	CL:0000192
CL:4052023	CL:1001591
CL:4052023	CL:4052050
CL:4052025	GO:0005634
CL:4052028	CL:0000623
CL:4052030	CL:0000057
CL:4052030	CL:0000151
CL:4052030	CL:0002503
CL:4052034	CL:0002204
CL:4052034	CL:0002365
CL:4052035	CL:0000068
CL:4052035	CL:0002204
CL:4052035	CL:1001433
CL:4052036	CL:0002204
CL:4052036	CL:0002631
CL:4052037	CL:0002167
CL:4052037	CL:4052036
CL:4052038	CL:4052036
CL:4052039	CL:0002204
CL:4052039	CL:0002251
CL:4052040	CL:0002178
CL:4052040	CL:0002204
CL:4052041	CL:0002204
CL:4052041	CL:0002491
CL:4052042	CL:0002204
CL:4052042	CL:1000296
CL:4052045	CL:0002132
CL:4052049	CL:0000068
CL:4052049	CL:0000075
CL:4052049	CL:1001596
CL:4052050	CL:0002149
CL:4052058	CL:0000242
CL:4052058	CL:0000362
CL:4052060	CL:0000312
CL:4052061	CL:0000312
CL:4052061	CL:0000362
CL:4052064	CL:4052061
CL:4052065	CL:0000313
CL:4052065	CL:0002623
CL:4052066	CL:0000319
CL:4052066	CL:0002623
CL:4052108	CL:0000972
CL:4052108	CL:0001053
CL:4072102	CL:4023057
CL:4072103	CL:0000134
CL:4072103	CL:0002559
CL:4072104	CL:0000138
CL:7770004	CL:0000066
COB:0000011	BFO:0000040
COB:0000013	BFO:0000040
COB:0000021	UBERON:0000465
COB:0000022	UBERON:0000465
COB:0000080	BFO:0000040
GO:0000011	GO:0007033
GO:0000011	GO:0048308
GO:0000018	GO:0051052
GO:0000035	GO:0036094
GO:0000041	GO:0030001
GO:0000048	GO:0016755
GO:0000048	GO:0140096
GO:0000048	GO:0140101
GO:0000049	GO:0003723
GO:0000070	GO:0000819
GO:0000070	GO:1903047
GO:0000139	GO:0098588
GO:0000166	GO:1901265
GO:0000166	GO:1901363
GO:0000226	GO:0007010
GO:0000226	GO:0007017
GO:0000228	GO:0005694
GO:0000271	GO:0005976
GO:0000271	GO:0009059
GO:0000271	GO:0016051
GO:0000272	GO:0005976
GO:0000272	GO:0009057
GO:0000272	GO:0016052
GO:0000278	GO:0007049
GO:0000280	GO:0048285
GO:0000295	GO:0015216
GO:0000313	GO:0005840
GO:0000323	GO:0005773
GO:0000578	GO:0009798
GO:0000578	GO:0009880
GO:0000740	GO:0071763
GO:0000740	GO:0090174
GO:0000741	GO:0006997
GO:0000741	GO:0048284
GO:0000768	GO:0006949
GO:0000768	GO:0140253
GO:0000785	GO:0110165
GO:0000791	GO:0000785
GO:0000792	GO:0000785
GO:0000819	GO:0051276
GO:0000819	GO:0098813
GO:0000902	GO:0009653
GO:0001101	GO:0042221
GO:0001501	GO:0048731
GO:0001503	GO:0032501
GO:0001504	GO:0006836
GO:0001504	GO:0098657
GO:0001507	GO:0006581
GO:0001508	GO:0042391
GO:0001525	GO:0048646
GO:0001539	GO:0048870
GO:0001541	GO:0048856
GO:0001545	GO:0022602
GO:0001545	GO:0048589
GO:0001546	GO:0022602
GO:0001546	GO:0048589
GO:0001547	GO:0003006
GO:0001547	GO:0022602
GO:0001547	GO:0048589
GO:0001550	GO:0022602
GO:0001550	GO:0048589
GO:0001553	GO:0022602
GO:0001555	GO:0003006
GO:0001555	GO:0048588
GO:0001556	GO:0003006
GO:0001556	GO:0048469
GO:0001558	GO:0040008
GO:0001558	GO:0051128
GO:0001560	GO:0001558
GO:0001568	GO:0048856
GO:0001569	GO:0048754
GO:0001570	GO:0030154
GO:0001578	GO:0000226
GO:0001609	GO:0004930
GO:0001614	GO:0016502
GO:0001621	GO:0045028
GO:0001649	GO:0030154
GO:0001653	GO:0038023
GO:0001654	GO:0007423
GO:0001655	GO:0048731
GO:0001656	GO:0001822
GO:0001657	GO:0072164
GO:0001658	GO:0048754
GO:0001659	GO:0048871
GO:0001664	GO:0005102
GO:0001666	GO:0006950
GO:0001666	GO:0036293
GO:0001667	GO:0016477
GO:0001669	GO:0030141
GO:0001673	GO:0043073
GO:0001674	GO:0043073
GO:0001675	GO:0003006
GO:0001675	GO:0010927
GO:0001675	GO:0022412
GO:0001675	GO:0033363
GO:0001675	GO:0070925
GO:0001677	GO:0022618
GO:0001678	GO:0042593
GO:0001678	GO:0055082
GO:0001692	GO:0006576
GO:0001692	GO:0052803
GO:0001694	GO:0001692
GO:0001694	GO:0042401
GO:0001695	GO:0001692
GO:0001695	GO:0042402
GO:0001695	GO:0052805
GO:0001696	GO:0022600
GO:0001696	GO:0046717
GO:0001700	GO:0009792
GO:0001701	GO:0043009
GO:0001702	GO:0007369
GO:0001703	GO:0007369
GO:0001704	GO:0048646
GO:0001705	GO:0001704
GO:0001706	GO:0001704
GO:0001707	GO:0001704
GO:0001738	GO:0002009
GO:0001743	GO:0060788
GO:0001744	GO:0060788
GO:0001745	GO:0048592
GO:0001748	GO:0048856
GO:0001750	GO:0110165
GO:0001751	GO:0001754
GO:0001754	GO:0046530
GO:0001755	GO:0090497
GO:0001756	GO:0009952
GO:0001756	GO:0035282
GO:0001756	GO:0048646
GO:0001763	GO:0009653
GO:0001763	GO:0032501
GO:0001764	GO:0016477
GO:0001767	GO:0030010
GO:0001768	GO:0001767
GO:0001769	GO:0001767
GO:0001770	GO:0001767
GO:0001773	GO:0002274
GO:0001775	GO:0009987
GO:0001775	GO:0032501
GO:0001776	GO:0002376
GO:0001776	GO:0048872
GO:0001777	GO:0042098
GO:0001779	GO:0030098
GO:0001779	GO:0030101
GO:0001780	GO:0001776
GO:0001780	GO:0002262
GO:0001781	GO:0006925
GO:0001781	GO:0033028
GO:0001781	GO:0071887
GO:0001782	GO:0002260
GO:0001783	GO:0070227
GO:0001787	GO:0030101
GO:0001787	GO:0046651
GO:0001816	GO:0010467
GO:0001816	GO:0032501
GO:0001817	GO:0010468
GO:0001817	GO:0051239
GO:0001818	GO:0001817
GO:0001818	GO:0010629
GO:0001818	GO:0051241
GO:0001819	GO:0001817
GO:0001819	GO:0010628
GO:0001819	GO:0051240
GO:0001820	GO:0006837
GO:0001820	GO:0023061
GO:0001821	GO:0046903
GO:0001821	GO:0051608
GO:0001822	GO:0048513
GO:0001823	GO:0001822
GO:0001824	GO:0048856
GO:0001825	GO:0048646
GO:0001826	GO:0030154
GO:0001829	GO:0030154
GO:0001831	GO:0000902
GO:0001831	GO:0048598
GO:0001832	GO:0048589
GO:0001833	GO:0008283
GO:0001834	GO:0008283
GO:0001837	GO:0048762
GO:0001838	GO:0072175
GO:0001839	GO:0016331
GO:0001840	GO:0060429
GO:0001841	GO:0001838
GO:0001842	GO:0016331
GO:0001842	GO:0048646
GO:0001842	GO:0060571
GO:0001843	GO:0060606
GO:0001873	GO:0038187
GO:0001882	GO:0097367
GO:0001882	GO:1901363
GO:0001883	GO:0001882
GO:0001885	GO:0002064
GO:0001886	GO:0003382
GO:0001889	GO:0048732
GO:0001890	GO:0048513
GO:0001892	GO:0048568
GO:0001893	GO:0003006
GO:0001893	GO:0048856
GO:0001893	GO:0060135
GO:0001894	GO:0060249
GO:0001906	GO:0009987
GO:0001909	GO:0001906
GO:0001909	GO:0002443
GO:0001910	GO:0002703
GO:0001910	GO:0031341
GO:0001911	GO:0001910
GO:0001911	GO:0002704
GO:0001911	GO:0031342
GO:0001912	GO:0001910
GO:0001912	GO:0002705
GO:0001912	GO:0031343
GO:0001913	GO:0001909
GO:0001913	GO:0002456
GO:0001914	GO:0001910
GO:0001914	GO:0002709
GO:0001915	GO:0001911
GO:0001915	GO:0001914
GO:0001915	GO:0002710
GO:0001916	GO:0001912
GO:0001916	GO:0001914
GO:0001916	GO:0002711
GO:0001917	GO:0110165
GO:0001922	GO:0001782
GO:0001923	GO:0002335
GO:0001924	GO:0045577
GO:0001925	GO:0001924
GO:0001925	GO:0045578
GO:0001926	GO:0001924
GO:0001926	GO:0045579
GO:0001932	GO:0031399
GO:0001932	GO:0042325
GO:0001933	GO:0001932
GO:0001933	GO:0031400
GO:0001933	GO:0042326
GO:0001934	GO:0001932
GO:0001934	GO:0031401
GO:0001934	GO:0042327
GO:0001935	GO:0050673
GO:0001936	GO:0050678
GO:0001937	GO:0001936
GO:0001937	GO:0050680
GO:0001938	GO:0001936
GO:0001938	GO:0050679
GO:0001940	GO:0045120
GO:0001941	GO:0061024
GO:0001942	GO:0022405
GO:0001942	GO:0048856
GO:0001944	GO:0048731
GO:0001945	GO:0048856
GO:0001946	GO:0009653
GO:0001946	GO:0048646
GO:0001949	GO:0009913
GO:0001955	GO:0071695
GO:0001956	GO:0046928
GO:0001956	GO:0050806
GO:0001956	GO:0051590
GO:0001956	GO:1903532
GO:0001957	GO:0036072
GO:0001958	GO:0036075
GO:0001959	GO:0009966
GO:0001959	GO:0060759
GO:0001960	GO:0001959
GO:0001960	GO:0009968
GO:0001960	GO:0060761
GO:0001961	GO:0001959
GO:0001961	GO:0009967
GO:0001961	GO:0060760
GO:0001963	GO:0007268
GO:0001973	GO:0035588
GO:0001976	GO:0050877
GO:0001977	GO:0003071
GO:0001978	GO:0001976
GO:0001979	GO:0001976
GO:0001990	GO:0003044
GO:0001990	GO:0050886
GO:0001991	GO:0003081
GO:0001992	GO:0001990
GO:0001999	GO:0003071
GO:0002001	GO:0009306
GO:0002001	GO:0023061
GO:0002007	GO:0009593
GO:0002009	GO:0048729
GO:0002011	GO:0002009
GO:0002016	GO:0003081
GO:0002018	GO:0003071
GO:0002018	GO:2000858
GO:0002027	GO:0008016
GO:0002027	GO:0065008
GO:0002028	GO:0010959
GO:0002036	GO:0010958
GO:0002036	GO:0032890
GO:0002037	GO:0002036
GO:0002037	GO:0032891
GO:0002037	GO:0034763
GO:0002037	GO:0051956
GO:0002038	GO:0002036
GO:0002038	GO:0032892
GO:0002038	GO:0034764
GO:0002038	GO:0051957
GO:0002052	GO:0050769
GO:0002052	GO:1902692
GO:0002052	GO:2000179
GO:0002053	GO:0008284
GO:0002053	GO:0010464
GO:0002054	GO:1901363
GO:0002055	GO:0002060
GO:0002060	GO:0002054
GO:0002062	GO:0030154
GO:0002063	GO:0048468
GO:0002064	GO:0048468
GO:0002065	GO:0030855
GO:0002066	GO:0002064
GO:0002067	GO:0002065
GO:0002068	GO:0002066
GO:0002069	GO:0002070
GO:0002070	GO:0048469
GO:0002071	GO:0002069
GO:0002072	GO:0016331
GO:0002074	GO:0007519
GO:0002074	GO:0060538
GO:0002075	GO:0060538
GO:0002076	GO:0048468
GO:0002080	GO:0030667
GO:0002085	GO:0022603
GO:0002085	GO:0030857
GO:0002085	GO:0045995
GO:0002085	GO:0048505
GO:0002087	GO:0044065
GO:0002087	GO:0050877
GO:0002088	GO:0048856
GO:0002089	GO:0009653
GO:0002093	GO:0048598
GO:0002093	GO:0048667
GO:0002117	GO:0002164
GO:0002119	GO:0002164
GO:0002158	GO:0070661
GO:0002159	GO:0002934
GO:0002159	GO:0007043
GO:0002164	GO:0007275
GO:0002164	GO:0009791
GO:0002165	GO:0007275
GO:0002165	GO:0009791
GO:0002168	GO:0002164
GO:0002168	GO:0002165
GO:0002176	GO:0036093
GO:0002181	GO:0006412
GO:0002182	GO:0006414
GO:0002183	GO:0006413
GO:0002184	GO:0006415
GO:0002200	GO:0002376
GO:0002204	GO:0002208
GO:0002204	GO:0016447
GO:0002208	GO:0016445
GO:0002213	GO:0006952
GO:0002213	GO:0051707
GO:0002215	GO:0006952
GO:0002215	GO:0051707
GO:0002225	GO:0002702
GO:0002225	GO:0002760
GO:0002225	GO:0002784
GO:0002227	GO:0002385
GO:0002227	GO:0045087
GO:0002228	GO:0002449
GO:0002228	GO:0045087
GO:0002232	GO:0002523
GO:0002232	GO:0030595
GO:0002233	GO:0002522
GO:0002233	GO:0030595
GO:0002244	GO:0030154
GO:0002246	GO:0042060
GO:0002250	GO:0006955
GO:0002251	GO:0006955
GO:0002252	GO:0002376
GO:0002260	GO:0001776
GO:0002262	GO:0002376
GO:0002262	GO:0048872
GO:0002263	GO:0001775
GO:0002263	GO:0002252
GO:0002264	GO:0002263
GO:0002264	GO:0042118
GO:0002265	GO:0002263
GO:0002265	GO:0048143
GO:0002269	GO:0045321
GO:0002274	GO:0045321
GO:0002275	GO:0002274
GO:0002275	GO:0002366
GO:0002277	GO:0001773
GO:0002277	GO:0002275
GO:0002280	GO:0002275
GO:0002280	GO:0042117
GO:0002281	GO:0002366
GO:0002281	GO:0042116
GO:0002283	GO:0002275
GO:0002283	GO:0042119
GO:0002284	GO:0002277
GO:0002284	GO:0043011
GO:0002285	GO:0002366
GO:0002285	GO:0046649
GO:0002286	GO:0002285
GO:0002286	GO:0042110
GO:0002292	GO:0002286
GO:0002292	GO:0030217
GO:0002309	GO:0002286
GO:0002309	GO:0042098
GO:0002312	GO:0002285
GO:0002312	GO:0042113
GO:0002313	GO:0002312
GO:0002313	GO:0002335
GO:0002314	GO:0002313
GO:0002316	GO:0002313
GO:0002317	GO:0002313
GO:0002318	GO:0002244
GO:0002319	GO:0002313
GO:0002319	GO:0090715
GO:0002320	GO:0002244
GO:0002321	GO:0002320
GO:0002322	GO:0002312
GO:0002322	GO:0042100
GO:0002323	GO:0002285
GO:0002323	GO:0030101
GO:0002324	GO:0001787
GO:0002324	GO:0002285
GO:0002325	GO:0001779
GO:0002325	GO:0002285
GO:0002327	GO:0030183
GO:0002328	GO:0002320
GO:0002329	GO:0002327
GO:0002332	GO:0002327
GO:0002335	GO:0030183
GO:0002337	GO:0001923
GO:0002338	GO:0001923
GO:0002339	GO:0002376
GO:0002343	GO:0002339
GO:0002344	GO:0002343
GO:0002349	GO:0002532
GO:0002351	GO:0002532
GO:0002358	GO:0042100
GO:0002359	GO:0042100
GO:0002366	GO:0002263
GO:0002366	GO:0045321
GO:0002367	GO:0001816
GO:0002367	GO:0002440
GO:0002368	GO:0002367
GO:0002368	GO:0019724
GO:0002369	GO:0002367
GO:0002369	GO:0002456
GO:0002370	GO:0002228
GO:0002370	GO:0002367
GO:0002371	GO:0002367
GO:0002371	GO:0002443
GO:0002372	GO:0002371
GO:0002372	GO:0002444
GO:0002372	GO:0061082
GO:0002376	GO:0008150
GO:0002377	GO:0002440
GO:0002381	GO:0002377
GO:0002384	GO:0002251
GO:0002385	GO:0002251
GO:0002387	GO:0006955
GO:0002388	GO:0002387
GO:0002395	GO:0002387
GO:0002396	GO:0065003
GO:0002399	GO:0002396
GO:0002407	GO:0030595
GO:0002407	GO:0036336
GO:0002408	GO:0002407
GO:0002408	GO:0097529
GO:0002409	GO:0002408
GO:0002440	GO:0002376
GO:0002440	GO:0010467
GO:0002441	GO:0001821
GO:0002441	GO:0046879
GO:0002442	GO:0001820
GO:0002443	GO:0002252
GO:0002444	GO:0002443
GO:0002446	GO:0002444
GO:0002449	GO:0002443
GO:0002450	GO:0019882
GO:0002456	GO:0002449
GO:0002456	GO:0002460
GO:0002457	GO:0019882
GO:0002460	GO:0002250
GO:0002467	GO:0002460
GO:0002467	GO:0048646
GO:0002468	GO:0019882
GO:0002469	GO:0002468
GO:0002471	GO:0019882
GO:0002472	GO:0019882
GO:0002483	GO:0019883
GO:0002483	GO:0048002
GO:0002491	GO:0002483
GO:0002491	GO:0002495
GO:0002495	GO:0002504
GO:0002495	GO:0048002
GO:0002496	GO:0051603
GO:0002500	GO:0002496
GO:0002504	GO:0019882
GO:0002520	GO:0002376
GO:0002520	GO:0048731
GO:0002521	GO:0030154
GO:0002522	GO:0002252
GO:0002522	GO:0050900
GO:0002523	GO:0050900
GO:0002532	GO:0032501
GO:0002534	GO:0001816
GO:0002534	GO:0002532
GO:0002548	GO:0030595
GO:0002548	GO:0071674
GO:0002548	GO:0097529
GO:0002554	GO:0002442
GO:0002554	GO:0051649
GO:0002554	GO:0140029
GO:0002555	GO:0002441
GO:0002555	GO:0051649
GO:0002555	GO:0140029
GO:0002562	GO:0002200
GO:0002562	GO:0016444
GO:0002566	GO:0002200
GO:0002572	GO:0002320
GO:0002573	GO:0002521
GO:0002573	GO:0030099
GO:0002574	GO:0030099
GO:0002576	GO:0045055
GO:0002576	GO:0051649
GO:0002577	GO:0002682
GO:0002578	GO:0002577
GO:0002578	GO:0002683
GO:0002579	GO:0002577
GO:0002579	GO:0002684
GO:0002580	GO:0002577
GO:0002581	GO:0002578
GO:0002581	GO:0002580
GO:0002582	GO:0002579
GO:0002582	GO:0002580
GO:0002583	GO:0002577
GO:0002584	GO:0002578
GO:0002584	GO:0002583
GO:0002585	GO:0002579
GO:0002585	GO:0002583
GO:0002586	GO:0002580
GO:0002586	GO:0002583
GO:0002587	GO:0002581
GO:0002587	GO:0002584
GO:0002587	GO:0002586
GO:0002588	GO:0002582
GO:0002588	GO:0002585
GO:0002588	GO:0002586
GO:0002604	GO:0002577
GO:0002605	GO:0002578
GO:0002605	GO:0002604
GO:0002606	GO:0002579
GO:0002606	GO:0002604
GO:0002607	GO:0002604
GO:0002608	GO:0002605
GO:0002608	GO:0002607
GO:0002609	GO:0002606
GO:0002609	GO:0002607
GO:0002613	GO:0002577
GO:0002614	GO:0002578
GO:0002614	GO:0002613
GO:0002615	GO:0002579
GO:0002615	GO:0002613
GO:0002616	GO:0002577
GO:0002617	GO:0002578
GO:0002617	GO:0002616
GO:0002618	GO:0002579
GO:0002618	GO:0002616
GO:0002622	GO:0002577
GO:0002622	GO:0002712
GO:0002623	GO:0002578
GO:0002623	GO:0002622
GO:0002623	GO:0002713
GO:0002624	GO:0002579
GO:0002624	GO:0002622
GO:0002625	GO:0002577
GO:0002625	GO:0002709
GO:0002626	GO:0002578
GO:0002626	GO:0002625
GO:0002626	GO:0002710
GO:0002627	GO:0002579
GO:0002627	GO:0002625
GO:0002627	GO:0002711
GO:0002628	GO:1903050
GO:0002629	GO:0002584
GO:0002629	GO:0002628
GO:0002629	GO:0042177
GO:0002629	GO:1903051
GO:0002630	GO:0002585
GO:0002630	GO:0002628
GO:0002630	GO:0045732
GO:0002630	GO:1903052
GO:0002634	GO:0002822
GO:0002634	GO:0022603
GO:0002635	GO:0002634
GO:0002635	GO:0002823
GO:0002635	GO:0051093
GO:0002636	GO:0002634
GO:0002636	GO:0002824
GO:0002636	GO:0051094
GO:0002637	GO:0002700
GO:0002638	GO:0002637
GO:0002638	GO:0002701
GO:0002639	GO:0002637
GO:0002639	GO:0002702
GO:0002682	GO:0050789
GO:0002683	GO:0002682
GO:0002683	GO:0048519
GO:0002684	GO:0002682
GO:0002684	GO:0048518
GO:0002685	GO:0002682
GO:0002685	GO:0030334
GO:0002686	GO:0002683
GO:0002686	GO:0002685
GO:0002686	GO:0030336
GO:0002687	GO:0002684
GO:0002687	GO:0002685
GO:0002687	GO:0030335
GO:0002688	GO:0002685
GO:0002688	GO:0050920
GO:0002689	GO:0002686
GO:0002689	GO:0002688
GO:0002689	GO:0050922
GO:0002690	GO:0002687
GO:0002690	GO:0002688
GO:0002690	GO:0050921
GO:0002694	GO:0002682
GO:0002694	GO:0050865
GO:0002695	GO:0002683
GO:0002695	GO:0002694
GO:0002695	GO:0050866
GO:0002696	GO:0002684
GO:0002696	GO:0002694
GO:0002696	GO:0050867
GO:0002697	GO:0002682
GO:0002698	GO:0002683
GO:0002698	GO:0002697
GO:0002699	GO:0002684
GO:0002699	GO:0002697
GO:0002700	GO:0002697
GO:0002700	GO:0010468
GO:0002701	GO:0002698
GO:0002701	GO:0002700
GO:0002701	GO:0010629
GO:0002702	GO:0002699
GO:0002702	GO:0002700
GO:0002702	GO:0010628
GO:0002703	GO:0002697
GO:0002704	GO:0002698
GO:0002704	GO:0002703
GO:0002705	GO:0002699
GO:0002705	GO:0002703
GO:0002706	GO:0002703
GO:0002707	GO:0002704
GO:0002707	GO:0002706
GO:0002708	GO:0002705
GO:0002708	GO:0002706
GO:0002709	GO:0002706
GO:0002709	GO:0002822
GO:0002710	GO:0002707
GO:0002710	GO:0002709
GO:0002710	GO:0002823
GO:0002711	GO:0002708
GO:0002711	GO:0002709
GO:0002711	GO:0002824
GO:0002712	GO:0002706
GO:0002712	GO:0002822
GO:0002713	GO:0002707
GO:0002713	GO:0002712
GO:0002713	GO:0002823
GO:0002714	GO:0002708
GO:0002714	GO:0002712
GO:0002714	GO:0002824
GO:0002715	GO:0002706
GO:0002715	GO:0045088
GO:0002716	GO:0002707
GO:0002716	GO:0002715
GO:0002716	GO:0045824
GO:0002717	GO:0002708
GO:0002717	GO:0002715
GO:0002717	GO:0045089
GO:0002718	GO:0001817
GO:0002718	GO:0002700
GO:0002719	GO:0001818
GO:0002719	GO:0002701
GO:0002719	GO:0002718
GO:0002720	GO:0001819
GO:0002720	GO:0002702
GO:0002720	GO:0002718
GO:0002721	GO:0002712
GO:0002721	GO:0002718
GO:0002722	GO:0002713
GO:0002722	GO:0002719
GO:0002722	GO:0002721
GO:0002723	GO:0002714
GO:0002723	GO:0002720
GO:0002723	GO:0002721
GO:0002724	GO:0002709
GO:0002724	GO:0002718
GO:0002725	GO:0002710
GO:0002725	GO:0002719
GO:0002725	GO:0002724
GO:0002726	GO:0002711
GO:0002726	GO:0002720
GO:0002726	GO:0002724
GO:0002727	GO:0002715
GO:0002727	GO:0002718
GO:0002728	GO:0002716
GO:0002728	GO:0002719
GO:0002728	GO:0002727
GO:0002729	GO:0002717
GO:0002729	GO:0002720
GO:0002729	GO:0002727
GO:0002730	GO:0002703
GO:0002730	GO:0002718
GO:0002731	GO:0002704
GO:0002731	GO:0002719
GO:0002731	GO:0002730
GO:0002732	GO:0002705
GO:0002732	GO:0002720
GO:0002732	GO:0002730
GO:0002733	GO:0002730
GO:0002733	GO:0002886
GO:0002734	GO:0002731
GO:0002734	GO:0002733
GO:0002734	GO:0002887
GO:0002735	GO:0002732
GO:0002735	GO:0002733
GO:0002735	GO:0002888
GO:0002735	GO:0061081
GO:0002759	GO:0002831
GO:0002759	GO:0002920
GO:0002759	GO:0031347
GO:0002759	GO:0032101
GO:0002760	GO:0002759
GO:0002760	GO:0002833
GO:0002760	GO:0002922
GO:0002760	GO:0031349
GO:0002760	GO:0032103
GO:0002761	GO:0045637
GO:0002761	GO:1902105
GO:0002762	GO:0002761
GO:0002762	GO:0045638
GO:0002762	GO:1902106
GO:0002763	GO:0002761
GO:0002763	GO:0045639
GO:0002763	GO:1902107
GO:0002775	GO:0002440
GO:0002776	GO:0002790
GO:0002784	GO:0002700
GO:0002784	GO:0002759
GO:0002785	GO:0002701
GO:0002785	GO:0002784
GO:0002785	GO:0008348
GO:0002790	GO:0015833
GO:0002790	GO:0046903
GO:0002791	GO:0051046
GO:0002791	GO:0090087
GO:0002792	GO:0002791
GO:0002792	GO:0051048
GO:0002793	GO:0002791
GO:0002793	GO:0051047
GO:0002794	GO:0002784
GO:0002794	GO:0002791
GO:0002795	GO:0002785
GO:0002795	GO:0002792
GO:0002795	GO:0002794
GO:0002796	GO:0002225
GO:0002796	GO:0002793
GO:0002796	GO:0002794
GO:0002819	GO:0050776
GO:0002820	GO:0002819
GO:0002820	GO:0050777
GO:0002821	GO:0002819
GO:0002821	GO:0050778
GO:0002822	GO:0002819
GO:0002823	GO:0002820
GO:0002823	GO:0002822
GO:0002824	GO:0002821
GO:0002824	GO:0002822
GO:0002828	GO:0050776
GO:0002829	GO:0002828
GO:0002829	GO:0050777
GO:0002830	GO:0002828
GO:0002830	GO:0050778
GO:0002831	GO:0048583
GO:0002832	GO:0002831
GO:0002832	GO:0048585
GO:0002833	GO:0002831
GO:0002833	GO:0048584
GO:0002886	GO:0002703
GO:0002887	GO:0002704
GO:0002887	GO:0002886
GO:0002888	GO:0002705
GO:0002888	GO:0002886
GO:0002889	GO:0002712
GO:0002890	GO:0002713
GO:0002890	GO:0002889
GO:0002891	GO:0002714
GO:0002891	GO:0002889
GO:0002901	GO:0001783
GO:0002902	GO:0070228
GO:0002903	GO:0002902
GO:0002903	GO:0070229
GO:0002904	GO:0002902
GO:0002904	GO:0070230
GO:0002905	GO:0002682
GO:0002905	GO:0002902
GO:0002906	GO:0002903
GO:0002906	GO:0002905
GO:0002907	GO:0002684
GO:0002907	GO:0002904
GO:0002907	GO:0002905
GO:0002920	GO:0050776
GO:0002921	GO:0002920
GO:0002921	GO:0050777
GO:0002922	GO:0002920
GO:0002922	GO:0050778
GO:0002930	GO:0009888
GO:0002932	GO:0061448
GO:0002934	GO:0045216
GO:0002941	GO:0050673
GO:0003002	GO:0007389
GO:0003006	GO:0022414
GO:0003006	GO:0032502
GO:0003007	GO:0009887
GO:0003008	GO:0032501
GO:0003009	GO:0006941
GO:0003012	GO:0003008
GO:0003013	GO:0003008
GO:0003014	GO:0003008
GO:0003015	GO:0003013
GO:0003016	GO:0003008
GO:0003017	GO:0003013
GO:0003018	GO:0003013
GO:0003019	GO:0001976
GO:0003020	GO:0070483
GO:0003022	GO:0003030
GO:0003025	GO:0001976
GO:0003027	GO:0001979
GO:0003029	GO:0002007
GO:0003030	GO:0009593
GO:0003032	GO:0009593
GO:0003032	GO:0070482
GO:0003039	GO:0003020
GO:0003044	GO:0003073
GO:0003071	GO:0003014
GO:0003073	GO:0008217
GO:0003081	GO:0001990
GO:0003091	GO:0003014
GO:0003091	GO:0050891
GO:0003093	GO:0001977
GO:0003093	GO:0098801
GO:0003094	GO:0097205
GO:0003096	GO:0003014
GO:0003096	GO:0006814
GO:0003097	GO:0003014
GO:0003097	GO:0006833
GO:0003104	GO:0003093
GO:0003104	GO:0051240
GO:0003105	GO:0003093
GO:0003105	GO:0051241
GO:0003131	GO:0007267
GO:0003133	GO:0007267
GO:0003142	GO:0009653
GO:0003143	GO:0048598
GO:0003143	GO:0060562
GO:0003144	GO:0001838
GO:0003145	GO:0003144
GO:0003147	GO:0001755
GO:0003147	GO:0060974
GO:0003148	GO:0060411
GO:0003149	GO:0009653
GO:0003150	GO:0060415
GO:0003151	GO:0009653
GO:0003152	GO:0048598
GO:0003152	GO:0060571
GO:0003156	GO:2000027
GO:0003157	GO:0048856
GO:0003158	GO:0060429
GO:0003159	GO:0002009
GO:0003160	GO:0009653
GO:0003161	GO:0048738
GO:0003162	GO:0048738
GO:0003163	GO:0003228
GO:0003164	GO:0003229
GO:0003165	GO:0003229
GO:0003166	GO:0003229
GO:0003167	GO:0060932
GO:0003168	GO:0060932
GO:0003169	GO:0048845
GO:0003169	GO:0060977
GO:0003170	GO:0048856
GO:0003171	GO:0003170
GO:0003172	GO:0003170
GO:0003173	GO:0003170
GO:0003174	GO:0003171
GO:0003175	GO:0003171
GO:0003176	GO:1905314
GO:0003177	GO:1905314
GO:0003178	GO:0003170
GO:0003179	GO:0009653
GO:0003180	GO:0003179
GO:0003181	GO:0003179
GO:0003182	GO:0003179
GO:0003183	GO:0003181
GO:0003184	GO:0003179
GO:0003185	GO:0003179
GO:0003186	GO:0003181
GO:0003187	GO:0003179
GO:0003188	GO:0048646
GO:0003189	GO:0003188
GO:0003190	GO:0003188
GO:0003191	GO:0003188
GO:0003192	GO:0003190
GO:0003193	GO:0003188
GO:0003194	GO:0003188
GO:0003195	GO:0003190
GO:0003196	GO:0003188
GO:0003197	GO:0060485
GO:0003203	GO:0072132
GO:0003204	GO:0061448
GO:0003205	GO:0048856
GO:0003206	GO:0009653
GO:0003207	GO:0048646
GO:0003208	GO:0003206
GO:0003209	GO:0003206
GO:0003210	GO:0003207
GO:0003211	GO:0003207
GO:0003212	GO:0003209
GO:0003213	GO:0003209
GO:0003214	GO:0003208
GO:0003215	GO:0003208
GO:0003216	GO:0003210
GO:0003217	GO:0003210
GO:0003218	GO:0003211
GO:0003219	GO:0003211
GO:0003220	GO:0055010
GO:0003221	GO:0055010
GO:0003222	GO:0055010
GO:0003222	GO:0061384
GO:0003223	GO:0055010
GO:0003224	GO:0003220
GO:0003224	GO:0003223
GO:0003225	GO:0003220
GO:0003225	GO:0003222
GO:0003226	GO:0003221
GO:0003226	GO:0003223
GO:0003227	GO:0003221
GO:0003227	GO:0003222
GO:0003228	GO:0048738
GO:0003229	GO:0048738
GO:0003230	GO:0003205
GO:0003231	GO:0003205
GO:0003232	GO:0003205
GO:0003233	GO:0003206
GO:0003234	GO:0003207
GO:0003235	GO:0003205
GO:0003236	GO:0003206
GO:0003237	GO:0003207
GO:0003238	GO:0003205
GO:0003239	GO:0003206
GO:0003240	GO:0003207
GO:0003241	GO:0060560
GO:0003245	GO:0003241
GO:0003245	GO:0055017
GO:0003248	GO:0048589
GO:0003249	GO:0061323
GO:0003249	GO:2000793
GO:0003250	GO:2000136
GO:0003251	GO:0003250
GO:0003251	GO:2000138
GO:0003252	GO:0003250
GO:0003252	GO:2000137
GO:0003253	GO:0001755
GO:0003253	GO:0060973
GO:0003260	GO:0060974
GO:0003272	GO:0048646
GO:0003273	GO:0060973
GO:0003274	GO:0061343
GO:0003274	GO:0098609
GO:0003275	GO:0003278
GO:0003276	GO:0003278
GO:0003277	GO:0003278
GO:0003278	GO:0060561
GO:0003279	GO:0048856
GO:0003281	GO:0003279
GO:0003282	GO:0003281
GO:0003283	GO:0003279
GO:0003284	GO:0003283
GO:0003285	GO:0003283
GO:0003286	GO:0003283
GO:0003288	GO:0060412
GO:0003289	GO:0060413
GO:0003290	GO:0060413
GO:0003291	GO:0060413
GO:0003292	GO:0035051
GO:0003293	GO:0035051
GO:0003298	GO:0014896
GO:0003300	GO:0014897
GO:0003301	GO:0003298
GO:0003301	GO:0003300
GO:0003309	GO:0035883
GO:0003310	GO:0035883
GO:0003311	GO:0035883
GO:0003311	GO:0061101
GO:0003312	GO:0035883
GO:0003313	GO:0060429
GO:0003314	GO:0002009
GO:0003314	GO:0048598
GO:0003315	GO:0048646
GO:0003322	GO:0002064
GO:0003323	GO:0002064
GO:0003324	GO:0002066
GO:0003324	GO:0048666
GO:0003325	GO:0002064
GO:0003330	GO:1903053
GO:0003330	GO:1903530
GO:0003331	GO:0003330
GO:0003331	GO:1903055
GO:0003331	GO:1903532
GO:0003332	GO:0003330
GO:0003332	GO:1903054
GO:0003332	GO:1903531
GO:0003333	GO:0006865
GO:0003333	GO:0055085
GO:0003334	GO:0002064
GO:0003335	GO:0048468
GO:0003337	GO:0035850
GO:0003337	GO:0060231
GO:0003337	GO:0072202
GO:0003338	GO:0060993
GO:0003339	GO:2000696
GO:0003340	GO:0003339
GO:0003340	GO:2000697
GO:0003341	GO:0007018
GO:0003342	GO:0060485
GO:0003343	GO:0060485
GO:0003344	GO:0002011
GO:0003344	GO:0048598
GO:0003348	GO:0035051
GO:0003348	GO:0045446
GO:0003350	GO:0014706
GO:0003351	GO:0003341
GO:0003351	GO:0006858
GO:0003351	GO:0099111
GO:0003352	GO:0060632
GO:0003353	GO:0003352
GO:0003353	GO:0048522
GO:0003354	GO:0003352
GO:0003354	GO:0048523
GO:0003355	GO:0003351
GO:0003357	GO:0030182
GO:0003358	GO:0048666
GO:0003360	GO:0048856
GO:0003361	GO:0003357
GO:0003365	GO:0030010
GO:0003367	GO:0098609
GO:0003371	GO:0030952
GO:0003379	GO:0003365
GO:0003380	GO:0003371
GO:0003381	GO:0003382
GO:0003382	GO:0000902
GO:0003386	GO:0007423
GO:0003387	GO:0030182
GO:0003388	GO:0048666
GO:0003398	GO:0010001
GO:0003403	GO:0048646
GO:0003404	GO:0048598
GO:0003404	GO:0048729
GO:0003406	GO:0060429
GO:0003407	GO:0048856
GO:0003411	GO:0048870
GO:0003413	GO:0002062
GO:0003414	GO:0090171
GO:0003415	GO:0048588
GO:0003416	GO:0098868
GO:0003417	GO:0060351
GO:0003417	GO:0061448
GO:0003418	GO:0003413
GO:0003422	GO:0060536
GO:0003429	GO:0003414
GO:0003429	GO:0003422
GO:0003430	GO:0003415
GO:0003430	GO:0060560
GO:0003431	GO:0003433
GO:0003432	GO:0003430
GO:0003433	GO:0002063
GO:0003436	GO:0030155
GO:0003437	GO:0010646
GO:0003674	BFO:0000015
GO:0003676	GO:0005488
GO:0003677	GO:0003676
GO:0003682	GO:0005488
GO:0003723	GO:0003676
GO:0003824	GO:0003674
GO:0004518	GO:0140640
GO:0004536	GO:0004518
GO:0004536	GO:0140097
GO:0004672	GO:0016301
GO:0004672	GO:0016773
GO:0004672	GO:0140096
GO:0004713	GO:0004672
GO:0004714	GO:0004713
GO:0004714	GO:0019199
GO:0004888	GO:0038023
GO:0004896	GO:0004888
GO:0004896	GO:0140375
GO:0004925	GO:0004896
GO:0004930	GO:0004888
GO:0004948	GO:0097642
GO:0004967	GO:0008528
GO:0004969	GO:0008227
GO:0004977	GO:0008528
GO:0004978	GO:0004977
GO:0004978	GO:0008188
GO:0004993	GO:0008227
GO:0004994	GO:0008188
GO:0005000	GO:0008528
GO:0005009	GO:0004714
GO:0005009	GO:0016500
GO:0005102	GO:0005515
GO:0005126	GO:0005102
GO:0005172	GO:0005126
GO:0005172	GO:0070851
GO:0005173	GO:0005126
GO:0005215	GO:0003674
GO:0005275	GO:0022857
GO:0005277	GO:0005326
GO:0005277	GO:1901375
GO:0005302	GO:0015173
GO:0005302	GO:0015179
GO:0005310	GO:0046943
GO:0005313	GO:0015172
GO:0005313	GO:0015179
GO:0005315	GO:0015291
GO:0005319	GO:0005215
GO:0005326	GO:0022857
GO:0005337	GO:0015932
GO:0005337	GO:1901505
GO:0005345	GO:0015205
GO:0005346	GO:0015216
GO:0005346	GO:1901505
GO:0005347	GO:0000295
GO:0005347	GO:0005346
GO:0005372	GO:0022857
GO:0005381	GO:0046915
GO:0005488	GO:0003674
GO:0005496	GO:0008289
GO:0005500	GO:0019840
GO:0005500	GO:0042562
GO:0005504	GO:0008289
GO:0005504	GO:0033293
GO:0005506	GO:0046914
GO:0005509	GO:0046872
GO:0005515	GO:0005488
GO:0005518	GO:0044877
GO:0005524	GO:0032559
GO:0005524	GO:0035639
GO:0005536	GO:0048029
GO:0005539	GO:0097367
GO:0005540	GO:0005539
GO:0005543	GO:0008289
GO:0005548	GO:0005319
GO:0005575	BFO:0000040
GO:0005576	GO:0110165
GO:0005577	GO:0032991
GO:0005581	GO:0032991
GO:0005583	GO:0005581
GO:0005584	GO:0005583
GO:0005585	GO:0005583
GO:0005586	GO:0005583
GO:0005587	GO:0098642
GO:0005604	GO:0031012
GO:0005614	GO:0031012
GO:0005615	GO:0110165
GO:0005622	GO:0110165
GO:0005634	GO:0043231
GO:0005635	GO:0031967
GO:0005640	GO:0031965
GO:0005640	GO:0031968
GO:0005677	GO:0140513
GO:0005694	GO:0043232
GO:0005730	GO:0043232
GO:0005737	GO:0110165
GO:0005764	GO:0000323
GO:0005765	GO:0098852
GO:0005766	GO:0005764
GO:0005773	GO:0043231
GO:0005774	GO:0098588
GO:0005775	GO:0070013
GO:0005794	GO:0043231
GO:0005798	GO:0031410
GO:0005811	GO:0043232
GO:0005814	GO:0043232
GO:0005815	GO:0110165
GO:0005829	GO:0110165
GO:0005840	GO:0043232
GO:0005856	GO:0043232
GO:0005874	GO:0099513
GO:0005879	GO:0005881
GO:0005880	GO:0005874
GO:0005881	GO:0005874
GO:0005882	GO:0099513
GO:0005883	GO:0005882
GO:0005884	GO:0099513
GO:0005886	GO:0016020
GO:0005899	GO:0098802
GO:0005899	GO:1902911
GO:0005902	GO:0098858
GO:0005903	GO:0098862
GO:0005911	GO:0070161
GO:0005923	GO:0070160
GO:0005929	GO:0043227
GO:0005929	GO:0120025
GO:0005930	GO:0110165
GO:0005938	GO:0005737
GO:0005975	GO:0044238
GO:0005976	GO:0005975
GO:0005976	GO:0043170
GO:0005977	GO:0006112
GO:0005977	GO:0044042
GO:0005978	GO:0005977
GO:0005978	GO:0009250
GO:0005979	GO:0010962
GO:0005979	GO:0070873
GO:0005980	GO:0005977
GO:0005980	GO:0009251
GO:0005981	GO:0043470
GO:0005981	GO:0070873
GO:0005982	GO:0044042
GO:0005983	GO:0005982
GO:0005983	GO:0009251
GO:0005996	GO:0005975
GO:0005996	GO:0044281
GO:0006006	GO:0019318
GO:0006007	GO:0006006
GO:0006007	GO:0019320
GO:0006014	GO:0019321
GO:0006022	GO:0043170
GO:0006022	GO:1901135
GO:0006023	GO:0006022
GO:0006023	GO:0009059
GO:0006023	GO:1901137
GO:0006024	GO:0006023
GO:0006024	GO:0030203
GO:0006026	GO:0006022
GO:0006026	GO:0009057
GO:0006026	GO:1901136
GO:0006027	GO:0006026
GO:0006027	GO:0030203
GO:0006030	GO:0006022
GO:0006030	GO:0006040
GO:0006031	GO:0006023
GO:0006031	GO:0006030
GO:0006031	GO:1901073
GO:0006032	GO:0006026
GO:0006032	GO:0006030
GO:0006032	GO:1901072
GO:0006040	GO:1901135
GO:0006066	GO:0044281
GO:0006081	GO:0008152
GO:0006082	GO:0044281
GO:0006083	GO:0032787
GO:0006091	GO:0008152
GO:0006094	GO:0006006
GO:0006094	GO:0019319
GO:0006109	GO:0080090
GO:0006111	GO:0010906
GO:0006111	GO:0043255
GO:0006112	GO:0015980
GO:0006113	GO:0015980
GO:0006139	GO:0044238
GO:0006140	GO:0019219
GO:0006140	GO:0051174
GO:0006140	GO:0062012
GO:0006141	GO:0019219
GO:0006141	GO:0062012
GO:0006144	GO:0009112
GO:0006144	GO:0072521
GO:0006145	GO:0006144
GO:0006145	GO:0046113
GO:0006145	GO:0072523
GO:0006146	GO:0006145
GO:0006146	GO:0046083
GO:0006152	GO:0009164
GO:0006152	GO:0042278
GO:0006152	GO:0072523
GO:0006154	GO:0046085
GO:0006154	GO:0046130
GO:0006163	GO:0009117
GO:0006163	GO:0072521
GO:0006164	GO:0006163
GO:0006164	GO:0009165
GO:0006164	GO:0072522
GO:0006172	GO:0009152
GO:0006172	GO:0009180
GO:0006172	GO:0046031
GO:0006195	GO:0006163
GO:0006195	GO:0009166
GO:0006195	GO:0072523
GO:0006259	GO:0090304
GO:0006308	GO:0006259
GO:0006308	GO:0141188
GO:0006309	GO:0006308
GO:0006310	GO:0006259
GO:0006325	GO:0016043
GO:0006338	GO:0006325
GO:0006399	GO:0016070
GO:0006401	GO:0016070
GO:0006401	GO:0141188
GO:0006403	GO:0033036
GO:0006404	GO:0050658
GO:0006404	GO:0051170
GO:0006405	GO:0050658
GO:0006405	GO:0051168
GO:0006409	GO:0006405
GO:0006409	GO:0051031
GO:0006412	GO:0009059
GO:0006412	GO:0019538
GO:0006413	GO:0008152
GO:0006414	GO:0009059
GO:0006415	GO:0032984
GO:0006417	GO:0010608
GO:0006417	GO:0051246
GO:0006446	GO:0006417
GO:0006448	GO:0006417
GO:0006449	GO:0006417
GO:0006449	GO:0043244
GO:0006468	GO:0016310
GO:0006468	GO:0036211
GO:0006469	GO:0001933
GO:0006469	GO:0033673
GO:0006469	GO:0045859
GO:0006508	GO:0019538
GO:0006516	GO:0009100
GO:0006516	GO:0030163
GO:0006516	GO:1901136
GO:0006518	GO:0008152
GO:0006520	GO:0044238
GO:0006521	GO:0080090
GO:0006536	GO:0009064
GO:0006536	GO:0043648
GO:0006537	GO:0006536
GO:0006537	GO:0009084
GO:0006537	GO:0043650
GO:0006538	GO:0006536
GO:0006538	GO:0043649
GO:0006538	GO:0170035
GO:0006538	GO:0170040
GO:0006558	GO:0009072
GO:0006558	GO:0170033
GO:0006558	GO:0170039
GO:0006559	GO:0006558
GO:0006559	GO:0009074
GO:0006559	GO:0170035
GO:0006559	GO:0170040
GO:0006570	GO:0009072
GO:0006570	GO:0170033
GO:0006570	GO:0170039
GO:0006571	GO:0006570
GO:0006571	GO:0009095
GO:0006571	GO:0170034
GO:0006571	GO:0170038
GO:0006572	GO:0006570
GO:0006572	GO:0009074
GO:0006572	GO:0170035
GO:0006572	GO:0170040
GO:0006575	GO:0008152
GO:0006576	GO:0009308
GO:0006581	GO:0008291
GO:0006581	GO:0009056
GO:0006584	GO:0006576
GO:0006584	GO:0009712
GO:0006585	GO:0006570
GO:0006585	GO:0042416
GO:0006590	GO:0042403
GO:0006606	GO:0006886
GO:0006606	GO:0034504
GO:0006606	GO:0051170
GO:0006606	GO:0072594
GO:0006611	GO:0006886
GO:0006611	GO:0051168
GO:0006624	GO:0016485
GO:0006629	GO:0044238
GO:0006631	GO:0006629
GO:0006631	GO:0032787
GO:0006633	GO:0006631
GO:0006633	GO:0008610
GO:0006633	GO:0072330
GO:0006643	GO:0006629
GO:0006644	GO:0006629
GO:0006644	GO:0006796
GO:0006644	GO:0019637
GO:0006664	GO:0006643
GO:0006664	GO:1903509
GO:0006665	GO:0006643
GO:0006672	GO:0006665
GO:0006672	GO:0043603
GO:0006677	GO:0006672
GO:0006677	GO:0006687
GO:0006681	GO:0006677
GO:0006681	GO:0019374
GO:0006682	GO:0006681
GO:0006682	GO:0006688
GO:0006682	GO:0019375
GO:0006682	GO:0046513
GO:0006683	GO:0006681
GO:0006683	GO:0019376
GO:0006683	GO:0046477
GO:0006687	GO:0006664
GO:0006687	GO:0006665
GO:0006688	GO:0006687
GO:0006688	GO:0009247
GO:0006688	GO:0030148
GO:0006694	GO:0008202
GO:0006694	GO:0008610
GO:0006699	GO:0008206
GO:0006699	GO:0072330
GO:0006700	GO:0008207
GO:0006700	GO:0042446
GO:0006700	GO:0120178
GO:0006701	GO:0006700
GO:0006701	GO:0042181
GO:0006701	GO:0042448
GO:0006701	GO:0120255
GO:0006704	GO:0008211
GO:0006704	GO:0120178
GO:0006705	GO:0008212
GO:0006705	GO:0042446
GO:0006705	GO:0120178
GO:0006706	GO:0008202
GO:0006706	GO:0016042
GO:0006709	GO:0008208
GO:0006709	GO:0042182
GO:0006709	GO:0042448
GO:0006709	GO:0120256
GO:0006712	GO:0006706
GO:0006712	GO:0008212
GO:0006712	GO:0042447
GO:0006713	GO:0006706
GO:0006713	GO:0008211
GO:0006714	GO:0006721
GO:0006716	GO:0006714
GO:0006716	GO:0042445
GO:0006718	GO:0006716
GO:0006718	GO:0016106
GO:0006718	GO:0042446
GO:0006719	GO:0006716
GO:0006719	GO:0016107
GO:0006719	GO:0042447
GO:0006720	GO:0006629
GO:0006721	GO:0006720
GO:0006723	GO:0120251
GO:0006753	GO:0006796
GO:0006753	GO:0019637
GO:0006753	GO:0055086
GO:0006754	GO:0009152
GO:0006754	GO:0009206
GO:0006754	GO:0046034
GO:0006778	GO:0033013
GO:0006779	GO:0006778
GO:0006779	GO:0033014
GO:0006787	GO:0006778
GO:0006787	GO:0033015
GO:0006790	GO:0008152
GO:0006793	GO:0008152
GO:0006796	GO:0006793
GO:0006805	GO:0008152
GO:0006810	GO:0051234
GO:0006811	GO:0006810
GO:0006812	GO:0006811
GO:0006813	GO:0030001
GO:0006814	GO:0030001
GO:0006816	GO:0030001
GO:0006817	GO:0015698
GO:0006826	GO:0000041
GO:0006833	GO:0042044
GO:0006835	GO:0046942
GO:0006836	GO:0006810
GO:0006837	GO:0015844
GO:0006837	GO:0015850
GO:0006846	GO:0015718
GO:0006847	GO:0035433
GO:0006858	GO:0006810
GO:0006860	GO:0006858
GO:0006860	GO:0006865
GO:0006862	GO:0015748
GO:0006862	GO:0015931
GO:0006863	GO:0015851
GO:0006865	GO:0006810
GO:0006869	GO:0006810
GO:0006873	GO:0050801
GO:0006873	GO:0055082
GO:0006874	GO:0030003
GO:0006874	GO:0055074
GO:0006879	GO:0030003
GO:0006879	GO:0098771
GO:0006883	GO:0030003
GO:0006883	GO:0055078
GO:0006884	GO:0008361
GO:0006884	GO:0019725
GO:0006885	GO:0055080
GO:0006885	GO:0065007
GO:0006886	GO:0015031
GO:0006886	GO:0046907
GO:0006887	GO:0016192
GO:0006887	GO:0032940
GO:0006892	GO:0048193
GO:0006893	GO:0006892
GO:0006893	GO:0098876
GO:0006896	GO:0006892
GO:0006896	GO:0007034
GO:0006897	GO:0016192
GO:0006897	GO:0098657
GO:0006900	GO:0016050
GO:0006900	GO:0061024
GO:0006903	GO:0009987
GO:0006906	GO:0016050
GO:0006906	GO:0090174
GO:0006909	GO:0006897
GO:0006913	GO:0051169
GO:0006915	GO:0012501
GO:0006921	GO:0022411
GO:0006925	GO:0006915
GO:0006935	GO:0042330
GO:0006936	GO:0003012
GO:0006937	GO:0090257
GO:0006939	GO:0006936
GO:0006940	GO:0006937
GO:0006941	GO:0006936
GO:0006942	GO:0006937
GO:0006949	GO:0009987
GO:0006949	GO:0048646
GO:0006950	GO:0050896
GO:0006952	GO:0006950
GO:0006954	GO:0006952
GO:0006955	GO:0002376
GO:0006955	GO:0050896
GO:0006959	GO:0006955
GO:0006996	GO:0016043
GO:0006997	GO:0006996
GO:0006998	GO:0061024
GO:0007000	GO:0006997
GO:0007009	GO:0061024
GO:0007010	GO:0006996
GO:0007015	GO:0097435
GO:0007017	GO:0009987
GO:0007018	GO:0007017
GO:0007019	GO:0031109
GO:0007019	GO:0051261
GO:0007019	GO:0097435
GO:0007020	GO:0000226
GO:0007026	GO:0031111
GO:0007026	GO:0031114
GO:0007026	GO:1901880
GO:0007026	GO:1902904
GO:0007027	GO:0007026
GO:0007027	GO:0010937
GO:0007027	GO:0031345
GO:0007027	GO:0120035
GO:0007028	GO:0016043
GO:0007030	GO:0006996
GO:0007033	GO:0006996
GO:0007034	GO:0046907
GO:0007036	GO:0006874
GO:0007039	GO:0030163
GO:0007040	GO:0080171
GO:0007041	GO:0007034
GO:0007043	GO:0034329
GO:0007043	GO:0045216
GO:0007049	GO:0009987
GO:0007059	GO:0022402
GO:0007076	GO:0030261
GO:0007076	GO:1903047
GO:0007077	GO:0051081
GO:0007077	GO:1903047
GO:0007088	GO:0007346
GO:0007088	GO:0010564
GO:0007088	GO:0051783
GO:0007097	GO:0046907
GO:0007097	GO:0051647
GO:0007097	GO:0051656
GO:0007113	GO:0000278
GO:0007135	GO:0061983
GO:0007135	GO:0140013
GO:0007140	GO:0140013
GO:0007142	GO:0007135
GO:0007142	GO:0007140
GO:0007143	GO:0140013
GO:0007147	GO:0007135
GO:0007147	GO:0007143
GO:0007154	GO:0009987
GO:0007155	GO:0009987
GO:0007159	GO:0098609
GO:0007162	GO:0030155
GO:0007162	GO:0048523
GO:0007163	GO:0009987
GO:0007165	GO:0009987
GO:0007165	GO:0050794
GO:0007166	GO:0007165
GO:0007167	GO:0007166
GO:0007169	GO:0007167
GO:0007186	GO:0007165
GO:0007204	GO:0065008
GO:0007213	GO:0007186
GO:0007213	GO:0095500
GO:0007214	GO:0007267
GO:0007215	GO:0007166
GO:0007216	GO:0007186
GO:0007216	GO:0007215
GO:0007218	GO:0007186
GO:0007267	GO:0007154
GO:0007267	GO:0023052
GO:0007268	GO:0098916
GO:0007269	GO:0006836
GO:0007269	GO:0051649
GO:0007269	GO:0099643
GO:0007271	GO:0007268
GO:0007272	GO:0009987
GO:0007274	GO:0007268
GO:0007275	GO:0032501
GO:0007275	GO:0048856
GO:0007276	GO:0048609
GO:0007281	GO:0003006
GO:0007281	GO:0022412
GO:0007281	GO:0048468
GO:0007283	GO:0003006
GO:0007283	GO:0048232
GO:0007284	GO:0051301
GO:0007285	GO:0003006
GO:0007285	GO:0048588
GO:0007286	GO:0007281
GO:0007288	GO:0003006
GO:0007288	GO:0035082
GO:0007289	GO:0006997
GO:0007292	GO:0007276
GO:0007293	GO:0003006
GO:0007293	GO:0048646
GO:0007297	GO:0010631
GO:0007304	GO:0030703
GO:0007305	GO:0030704
GO:0007306	GO:0003006
GO:0007306	GO:0010927
GO:0007306	GO:0022412
GO:0007306	GO:0045229
GO:0007308	GO:0003006
GO:0007308	GO:0048469
GO:0007309	GO:0003006
GO:0007309	GO:0009798
GO:0007314	GO:0007309
GO:0007314	GO:0009948
GO:0007320	GO:0044703
GO:0007320	GO:0044706
GO:0007320	GO:0048609
GO:0007338	GO:0009566
GO:0007343	GO:0001775
GO:0007346	GO:0051726
GO:0007350	GO:0009880
GO:0007350	GO:0035282
GO:0007351	GO:0003002
GO:0007354	GO:0008595
GO:0007369	GO:0048598
GO:0007378	GO:0048646
GO:0007389	GO:0032501
GO:0007398	GO:0009888
GO:0007399	GO:0048731
GO:0007405	GO:0061351
GO:0007406	GO:0050768
GO:0007406	GO:1902692
GO:0007406	GO:2000178
GO:0007407	GO:0001775
GO:0007409	GO:0048812
GO:0007416	GO:0034329
GO:0007416	GO:0050808
GO:0007417	GO:0048731
GO:0007418	GO:0048856
GO:0007419	GO:0048513
GO:0007420	GO:0048513
GO:0007422	GO:0048731
GO:0007423	GO:0048513
GO:0007424	GO:0060541
GO:0007431	GO:0048732
GO:0007435	GO:0022612
GO:0007439	GO:0048729
GO:0007440	GO:0009653
GO:0007442	GO:0009653
GO:0007443	GO:0048598
GO:0007443	GO:0061333
GO:0007444	GO:0048513
GO:0007446	GO:0048589
GO:0007455	GO:0007560
GO:0007469	GO:0035114
GO:0007472	GO:0007560
GO:0007476	GO:0035114
GO:0007476	GO:0035120
GO:0007478	GO:0007560
GO:0007480	GO:0035114
GO:0007480	GO:0035120
GO:0007481	GO:0007560
GO:0007482	GO:0048737
GO:0007488	GO:0000902
GO:0007488	GO:0007560
GO:0007492	GO:0009888
GO:0007494	GO:0048565
GO:0007498	GO:0009888
GO:0007503	GO:0048513
GO:0007506	GO:0003006
GO:0007506	GO:0007498
GO:0007506	GO:0060485
GO:0007507	GO:0048513
GO:0007516	GO:0030097
GO:0007517	GO:0048513
GO:0007517	GO:0061061
GO:0007519	GO:0014706
GO:0007525	GO:0061061
GO:0007528	GO:0050808
GO:0007548	GO:0003006
GO:0007552	GO:0007275
GO:0007557	GO:0019747
GO:0007557	GO:0046885
GO:0007557	GO:0046890
GO:0007558	GO:0032368
GO:0007558	GO:0044060
GO:0007558	GO:0046883
GO:0007560	GO:0009887
GO:0007562	GO:0071684
GO:0007563	GO:2000026
GO:0007565	GO:0044703
GO:0007565	GO:0044706
GO:0007566	GO:0022414
GO:0007585	GO:0032501
GO:0007586	GO:0032501
GO:0007588	GO:0003008
GO:0007589	GO:0046903
GO:0007589	GO:0050878
GO:0007591	GO:0042303
GO:0007595	GO:0007589
GO:0007596	GO:0007599
GO:0007596	GO:0050817
GO:0007599	GO:0050878
GO:0007600	GO:0050877
GO:0007601	GO:0050953
GO:0007605	GO:0050954
GO:0007606	GO:0007600
GO:0007608	GO:0007606
GO:0007610	GO:0032501
GO:0007611	GO:0007610
GO:0007611	GO:0050890
GO:0007612	GO:0007611
GO:0007613	GO:0007611
GO:0007617	GO:0019098
GO:0007620	GO:0007617
GO:0007622	GO:0007610
GO:0007623	GO:0048511
GO:0007625	GO:0007610
GO:0007626	GO:0007610
GO:0007631	GO:0007610
GO:0007635	GO:0007610
GO:0008015	GO:0003013
GO:0008016	GO:1903522
GO:0008017	GO:0015631
GO:0008028	GO:0046943
GO:0008056	GO:0007423
GO:0008061	GO:0097367
GO:0008066	GO:0004888
GO:0008078	GO:0001667
GO:0008088	GO:0010970
GO:0008089	GO:0098930
GO:0008090	GO:0098930
GO:0008092	GO:0005515
GO:0008104	GO:0033036
GO:0008134	GO:0005515
GO:0008150	BFO:0000015
GO:0008152	GO:0009987
GO:0008188	GO:0008528
GO:0008202	GO:0006629
GO:0008206	GO:0008202
GO:0008206	GO:0032787
GO:0008207	GO:0008202
GO:0008207	GO:0042445
GO:0008208	GO:0006706
GO:0008208	GO:0008207
GO:0008208	GO:0042447
GO:0008211	GO:0008202
GO:0008212	GO:0008202
GO:0008212	GO:0042445
GO:0008217	GO:0065008
GO:0008219	GO:0009987
GO:0008227	GO:0004930
GO:0008271	GO:0015116
GO:0008271	GO:0015291
GO:0008277	GO:0009966
GO:0008283	GO:0009987
GO:0008284	GO:0042127
GO:0008284	GO:0048522
GO:0008285	GO:0042127
GO:0008285	GO:0048523
GO:0008286	GO:0007169
GO:0008289	GO:0005488
GO:0008291	GO:0008152
GO:0008292	GO:0008291
GO:0008292	GO:0009058
GO:0008299	GO:0006720
GO:0008299	GO:0008610
GO:0008300	GO:0006720
GO:0008300	GO:0016042
GO:0008306	GO:0007612
GO:0008320	GO:0022884
GO:0008320	GO:0140318
GO:0008324	GO:0015075
GO:0008347	GO:0016477
GO:0008348	GO:0002759
GO:0008348	GO:0002832
GO:0008348	GO:0002921
GO:0008348	GO:0031348
GO:0008348	GO:0032102
GO:0008354	GO:0016477
GO:0008355	GO:0008306
GO:0008355	GO:0042048
GO:0008356	GO:0051301
GO:0008358	GO:0008595
GO:0008361	GO:0032535
GO:0008366	GO:0007272
GO:0008406	GO:0048513
GO:0008406	GO:0048608
GO:0008502	GO:0004930
GO:0008504	GO:0022804
GO:0008528	GO:0001653
GO:0008528	GO:0004930
GO:0008544	GO:0009888
GO:0008584	GO:0008406
GO:0008585	GO:0008406
GO:0008586	GO:0009886
GO:0008594	GO:0048667
GO:0008595	GO:0000578
GO:0008595	GO:0009948
GO:0008610	GO:0006629
GO:0008610	GO:0009058
GO:0008643	GO:0006810
GO:0008645	GO:0015749
GO:0008652	GO:0006520
GO:0008652	GO:0009058
GO:0008654	GO:0006644
GO:0008654	GO:0008610
GO:0008654	GO:0090407
GO:0009056	GO:0008152
GO:0009057	GO:0009056
GO:0009057	GO:0043170
GO:0009058	GO:0008152
GO:0009059	GO:0009058
GO:0009059	GO:0043170
GO:0009062	GO:0006631
GO:0009062	GO:0016042
GO:0009062	GO:0072329
GO:0009063	GO:0006520
GO:0009063	GO:0009056
GO:0009064	GO:0170033
GO:0009064	GO:0170039
GO:0009072	GO:0006520
GO:0009072	GO:0019752
GO:0009073	GO:0009072
GO:0009073	GO:0046394
GO:0009074	GO:0009072
GO:0009074	GO:0046395
GO:0009084	GO:0009064
GO:0009084	GO:0170034
GO:0009084	GO:0170038
GO:0009094	GO:0006558
GO:0009094	GO:0009095
GO:0009094	GO:0170034
GO:0009094	GO:0170038
GO:0009095	GO:0009073
GO:0009100	GO:0019538
GO:0009100	GO:1901135
GO:0009101	GO:0009059
GO:0009101	GO:0009100
GO:0009101	GO:1901137
GO:0009112	GO:0055086
GO:0009113	GO:0006144
GO:0009113	GO:0046112
GO:0009113	GO:0072522
GO:0009116	GO:0055086
GO:0009116	GO:1901135
GO:0009117	GO:0006753
GO:0009118	GO:0019219
GO:0009118	GO:0062012
GO:0009119	GO:0009116
GO:0009132	GO:0006753
GO:0009133	GO:0009132
GO:0009133	GO:1901293
GO:0009134	GO:0009132
GO:0009134	GO:1901292
GO:0009135	GO:0009132
GO:0009136	GO:0009133
GO:0009136	GO:0009135
GO:0009137	GO:0009134
GO:0009137	GO:0009135
GO:0009141	GO:0006753
GO:0009142	GO:0009141
GO:0009142	GO:1901293
GO:0009143	GO:0009141
GO:0009143	GO:1901292
GO:0009144	GO:0009141
GO:0009145	GO:0009142
GO:0009145	GO:0009144
GO:0009146	GO:0009143
GO:0009146	GO:0009144
GO:0009150	GO:0006163
GO:0009150	GO:0009259
GO:0009152	GO:0006164
GO:0009152	GO:0009150
GO:0009152	GO:0009260
GO:0009154	GO:0006195
GO:0009154	GO:0009150
GO:0009154	GO:0009261
GO:0009163	GO:0009116
GO:0009163	GO:0034404
GO:0009163	GO:1901659
GO:0009164	GO:0009116
GO:0009164	GO:0034656
GO:0009164	GO:1901658
GO:0009165	GO:0009117
GO:0009165	GO:1901293
GO:0009166	GO:0009117
GO:0009166	GO:1901292
GO:0009179	GO:0009135
GO:0009179	GO:0009185
GO:0009180	GO:0009136
GO:0009180	GO:0009179
GO:0009180	GO:0009188
GO:0009181	GO:0009137
GO:0009181	GO:0009179
GO:0009181	GO:0009191
GO:0009185	GO:0009132
GO:0009188	GO:0009133
GO:0009188	GO:0009185
GO:0009191	GO:0009134
GO:0009191	GO:0009185
GO:0009201	GO:0009142
GO:0009203	GO:0009143
GO:0009205	GO:0009144
GO:0009206	GO:0009145
GO:0009206	GO:0009201
GO:0009206	GO:0009205
GO:0009207	GO:0009146
GO:0009207	GO:0009203
GO:0009207	GO:0009205
GO:0009247	GO:0006664
GO:0009247	GO:0046467
GO:0009247	GO:1901137
GO:0009250	GO:0000271
GO:0009250	GO:0044042
GO:0009251	GO:0000272
GO:0009251	GO:0044042
GO:0009259	GO:0009117
GO:0009259	GO:0019693
GO:0009260	GO:0009165
GO:0009260	GO:0009259
GO:0009260	GO:0046390
GO:0009261	GO:0009166
GO:0009261	GO:0009259
GO:0009261	GO:1901136
GO:0009266	GO:0009628
GO:0009306	GO:0015031
GO:0009306	GO:0032940
GO:0009306	GO:0035592
GO:0009306	GO:0071692
GO:0009308	GO:0008152
GO:0009309	GO:0009058
GO:0009309	GO:0009308
GO:0009310	GO:0009056
GO:0009310	GO:0009308
GO:0009314	GO:0009628
GO:0009395	GO:0006644
GO:0009395	GO:0016042
GO:0009395	GO:0046434
GO:0009410	GO:0042221
GO:0009414	GO:0006950
GO:0009414	GO:0009415
GO:0009415	GO:0001101
GO:0009415	GO:0009628
GO:0009415	GO:1901700
GO:0009416	GO:0009314
GO:0009448	GO:0032787
GO:0009448	GO:0170041
GO:0009449	GO:0008652
GO:0009449	GO:0009448
GO:0009449	GO:0170043
GO:0009450	GO:0009063
GO:0009450	GO:0009448
GO:0009450	GO:0170044
GO:0009566	GO:0022414
GO:0009581	GO:0009605
GO:0009581	GO:0051606
GO:0009582	GO:0009628
GO:0009582	GO:0051606
GO:0009583	GO:0009416
GO:0009583	GO:0009581
GO:0009583	GO:0009582
GO:0009584	GO:0009583
GO:0009590	GO:0009581
GO:0009590	GO:0009582
GO:0009590	GO:0009629
GO:0009593	GO:0051606
GO:0009605	GO:0050896
GO:0009607	GO:0050896
GO:0009611	GO:0006950
GO:0009612	GO:0009605
GO:0009612	GO:0009628
GO:0009620	GO:0051707
GO:0009628	GO:0050896
GO:0009629	GO:0009628
GO:0009636	GO:0042221
GO:0009653	GO:0032502
GO:0009712	GO:0018958
GO:0009713	GO:0009712
GO:0009713	GO:0046189
GO:0009719	GO:0050896
GO:0009725	GO:0009719
GO:0009725	GO:0042221
GO:0009743	GO:1901700
GO:0009746	GO:0034284
GO:0009749	GO:0009746
GO:0009755	GO:0007165
GO:0009786	GO:0051302
GO:0009790	GO:0007275
GO:0009791	GO:0032501
GO:0009792	GO:0009790
GO:0009798	GO:0007389
GO:0009820	GO:0008152
GO:0009821	GO:0009820
GO:0009821	GO:0044550
GO:0009822	GO:0009056
GO:0009822	GO:0009820
GO:0009880	GO:0007389
GO:0009886	GO:0009653
GO:0009887	GO:0009653
GO:0009888	GO:0048856
GO:0009889	GO:0019222
GO:0009890	GO:0009889
GO:0009890	GO:0009892
GO:0009891	GO:0009889
GO:0009891	GO:0009893
GO:0009892	GO:0019222
GO:0009892	GO:0048523
GO:0009893	GO:0019222
GO:0009893	GO:0048522
GO:0009894	GO:0019222
GO:0009895	GO:0009892
GO:0009895	GO:0009894
GO:0009896	GO:0009893
GO:0009896	GO:0009894
GO:0009913	GO:0030855
GO:0009914	GO:0006810
GO:0009914	GO:0010817
GO:0009948	GO:0009798
GO:0009952	GO:0003002
GO:0009966	GO:0010646
GO:0009966	GO:0023051
GO:0009966	GO:0048583
GO:0009967	GO:0009966
GO:0009967	GO:0010647
GO:0009967	GO:0023056
GO:0009967	GO:0048584
GO:0009968	GO:0009966
GO:0009968	GO:0010648
GO:0009968	GO:0023057
GO:0009968	GO:0048585
GO:0009977	GO:0008320
GO:0009977	GO:0015291
GO:0009987	GO:0008150
GO:0009992	GO:0006884
GO:0009992	GO:0055082
GO:0009994	GO:0003006
GO:0009994	GO:0030154
GO:0010001	GO:0030154
GO:0010002	GO:0035051
GO:0010002	GO:0048863
GO:0010004	GO:0001703
GO:0010021	GO:0009059
GO:0010021	GO:1901137
GO:0010021	GO:2000896
GO:0010032	GO:0030261
GO:0010032	GO:0070192
GO:0010034	GO:1901700
GO:0010037	GO:1901700
GO:0010038	GO:0042221
GO:0010039	GO:0010038
GO:0010070	GO:0008356
GO:0010155	GO:1904062
GO:0010160	GO:0003002
GO:0010160	GO:0048859
GO:0010171	GO:0009653
GO:0010200	GO:1901698
GO:0010200	GO:1901700
GO:0010232	GO:0003018
GO:0010232	GO:0006810
GO:0010256	GO:0016043
GO:0010324	GO:0061024
GO:0010453	GO:0050793
GO:0010453	GO:0050794
GO:0010454	GO:0010453
GO:0010454	GO:0045596
GO:0010455	GO:0010453
GO:0010455	GO:0045597
GO:0010456	GO:0061351
GO:0010463	GO:0008283
GO:0010464	GO:0042127
GO:0010467	GO:0009059
GO:0010468	GO:0010556
GO:0010469	GO:0009966
GO:0010469	GO:0065009
GO:0010470	GO:0022603
GO:0010470	GO:0045995
GO:0010481	GO:0051301
GO:0010482	GO:0051302
GO:0010496	GO:0006810
GO:0010496	GO:0009987
GO:0010543	GO:0050865
GO:0010544	GO:0010543
GO:0010544	GO:0030195
GO:0010544	GO:0050866
GO:0010549	GO:0051128
GO:0010556	GO:0009889
GO:0010556	GO:0060255
GO:0010557	GO:0009891
GO:0010557	GO:0010556
GO:0010557	GO:0010604
GO:0010558	GO:0009890
GO:0010558	GO:0010556
GO:0010558	GO:0010605
GO:0010559	GO:0010556
GO:0010559	GO:1903018
GO:0010560	GO:0010557
GO:0010560	GO:0010559
GO:0010560	GO:1903020
GO:0010561	GO:0010558
GO:0010561	GO:0010559
GO:0010561	GO:1903019
GO:0010562	GO:0009893
GO:0010562	GO:0051174
GO:0010563	GO:0009892
GO:0010563	GO:0051174
GO:0010564	GO:0051726
GO:0010565	GO:0019222
GO:0010566	GO:0009889
GO:0010566	GO:0010565
GO:0010566	GO:0062012
GO:0010567	GO:0009894
GO:0010567	GO:0010565
GO:0010567	GO:0062012
GO:0010572	GO:0010543
GO:0010572	GO:0050867
GO:0010581	GO:0010962
GO:0010581	GO:2000904
GO:0010594	GO:0030334
GO:0010595	GO:0010594
GO:0010595	GO:0030335
GO:0010596	GO:0010594
GO:0010596	GO:0030336
GO:0010604	GO:0009893
GO:0010604	GO:0060255
GO:0010605	GO:0009892
GO:0010605	GO:0060255
GO:0010608	GO:0010468
GO:0010611	GO:0014743
GO:0010611	GO:0043502
GO:0010612	GO:0043502
GO:0010613	GO:0010611
GO:0010613	GO:0014742
GO:0010614	GO:0010611
GO:0010614	GO:0014741
GO:0010615	GO:0010612
GO:0010615	GO:0014744
GO:0010616	GO:0010612
GO:0010616	GO:0014745
GO:0010623	GO:0012501
GO:0010623	GO:0048869
GO:0010624	GO:0060251
GO:0010625	GO:0010624
GO:0010625	GO:0060252
GO:0010626	GO:0010624
GO:0010626	GO:0060253
GO:0010628	GO:0010468
GO:0010628	GO:0010557
GO:0010629	GO:0010468
GO:0010629	GO:0010558
GO:0010631	GO:0001667
GO:0010632	GO:0030334
GO:0010632	GO:0051239
GO:0010633	GO:0010632
GO:0010633	GO:0030336
GO:0010633	GO:0051241
GO:0010634	GO:0010632
GO:0010634	GO:0030335
GO:0010638	GO:0033043
GO:0010638	GO:0051130
GO:0010639	GO:0033043
GO:0010639	GO:0051129
GO:0010646	GO:0050794
GO:0010647	GO:0010646
GO:0010647	GO:0048522
GO:0010648	GO:0010646
GO:0010648	GO:0048523
GO:0010656	GO:0010660
GO:0010656	GO:0043066
GO:0010657	GO:0006915
GO:0010658	GO:0010657
GO:0010659	GO:0010658
GO:0010660	GO:0042981
GO:0010661	GO:0010660
GO:0010661	GO:0043065
GO:0010662	GO:0010660
GO:0010663	GO:0010661
GO:0010663	GO:0010662
GO:0010664	GO:0010656
GO:0010664	GO:0010662
GO:0010665	GO:0010662
GO:0010666	GO:0010663
GO:0010666	GO:0010665
GO:0010667	GO:0010664
GO:0010667	GO:0010665
GO:0010668	GO:0030154
GO:0010700	GO:0014061
GO:0010700	GO:0033604
GO:0010701	GO:0014061
GO:0010701	GO:0033605
GO:0010710	GO:0009894
GO:0010710	GO:0010712
GO:0010711	GO:0009895
GO:0010711	GO:0010710
GO:0010711	GO:0010713
GO:0010712	GO:0019222
GO:0010713	GO:0009892
GO:0010713	GO:0010712
GO:0010714	GO:0009893
GO:0010714	GO:0010712
GO:0010715	GO:1903053
GO:0010716	GO:0010715
GO:0010716	GO:1903054
GO:0010717	GO:0045595
GO:0010718	GO:0010717
GO:0010718	GO:0045597
GO:0010718	GO:0051240
GO:0010719	GO:0010717
GO:0010719	GO:0045596
GO:0010719	GO:0051241
GO:0010720	GO:0045597
GO:0010720	GO:0060284
GO:0010721	GO:0045596
GO:0010721	GO:0060284
GO:0010758	GO:0002688
GO:0010758	GO:1905521
GO:0010759	GO:0002690
GO:0010759	GO:0010758
GO:0010759	GO:0071622
GO:0010759	GO:1905523
GO:0010760	GO:0002689
GO:0010760	GO:0010758
GO:0010760	GO:1905522
GO:0010761	GO:0001667
GO:0010762	GO:0030334
GO:0010763	GO:0010762
GO:0010763	GO:0030335
GO:0010764	GO:0010762
GO:0010764	GO:0030336
GO:0010765	GO:0002028
GO:0010765	GO:0043270
GO:0010766	GO:0002028
GO:0010766	GO:0043271
GO:0010770	GO:0010720
GO:0010770	GO:0022604
GO:0010771	GO:0010721
GO:0010771	GO:0022604
GO:0010816	GO:0042447
GO:0010816	GO:0043603
GO:0010817	GO:0065008
GO:0010818	GO:0048247
GO:0010818	GO:0072678
GO:0010819	GO:1901623
GO:0010819	GO:2000404
GO:0010820	GO:0010819
GO:0010820	GO:0140131
GO:0010820	GO:2000406
GO:0010827	GO:0034762
GO:0010828	GO:0010827
GO:0010828	GO:0034764
GO:0010829	GO:0010827
GO:0010829	GO:0034763
GO:0010830	GO:0051153
GO:0010831	GO:0010830
GO:0010831	GO:0051155
GO:0010832	GO:0010830
GO:0010832	GO:0051154
GO:0010837	GO:0050678
GO:0010838	GO:0010837
GO:0010838	GO:0050679
GO:0010839	GO:0010837
GO:0010839	GO:0050680
GO:0010842	GO:0048646
GO:0010876	GO:0033036
GO:0010893	GO:0045940
GO:0010893	GO:0046889
GO:0010893	GO:0050810
GO:0010894	GO:0045939
GO:0010894	GO:0050810
GO:0010894	GO:0051055
GO:0010906	GO:0006109
GO:0010906	GO:0062012
GO:0010907	GO:0010906
GO:0010907	GO:0045913
GO:0010907	GO:0062013
GO:0010927	GO:0022607
GO:0010927	GO:0048646
GO:0010934	GO:0061082
GO:0010935	GO:0002718
GO:0010936	GO:0002719
GO:0010936	GO:0010935
GO:0010937	GO:0031114
GO:0010938	GO:0007019
GO:0010938	GO:0031122
GO:0010948	GO:0010564
GO:0010948	GO:0045786
GO:0010954	GO:0045862
GO:0010954	GO:0070613
GO:0010954	GO:1903319
GO:0010955	GO:0045861
GO:0010955	GO:0070613
GO:0010955	GO:1903318
GO:0010958	GO:1903789
GO:0010959	GO:0043269
GO:0010962	GO:0032885
GO:0010966	GO:0051049
GO:0010968	GO:0031113
GO:0010970	GO:0007018
GO:0010970	GO:0030705
GO:0010970	GO:0099111
GO:0010975	GO:0120035
GO:0010976	GO:0010975
GO:0010976	GO:0031346
GO:0010977	GO:0010975
GO:0010977	GO:0031345
GO:0012501	GO:0008219
GO:0012505	GO:0110165
GO:0012506	GO:0031090
GO:0014000	GO:0009790
GO:0014002	GO:0021782
GO:0014003	GO:0021782
GO:0014009	GO:0008283
GO:0014010	GO:0014009
GO:0014013	GO:0050767
GO:0014014	GO:0014013
GO:0014014	GO:0050768
GO:0014015	GO:0014013
GO:0014015	GO:0050769
GO:0014016	GO:0030154
GO:0014019	GO:0048468
GO:0014020	GO:0001838
GO:0014023	GO:0048646
GO:0014025	GO:0048646
GO:0014028	GO:0048646
GO:0014029	GO:0001837
GO:0014029	GO:0048646
GO:0014031	GO:0048468
GO:0014032	GO:0048864
GO:0014033	GO:0048762
GO:0014033	GO:0048863
GO:0014037	GO:0010001
GO:0014038	GO:0045685
GO:0014039	GO:0014038
GO:0014039	GO:0045686
GO:0014040	GO:0014038
GO:0014040	GO:0045687
GO:0014041	GO:0045664
GO:0014041	GO:1903429
GO:0014042	GO:0014041
GO:0014042	GO:1903431
GO:0014043	GO:0014041
GO:0014043	GO:1903430
GO:0014044	GO:0021782
GO:0014046	GO:0015872
GO:0014046	GO:0023061
GO:0014046	GO:0050432
GO:0014047	GO:0006835
GO:0014047	GO:0015800
GO:0014047	GO:0032940
GO:0014047	GO:0071705
GO:0014048	GO:0032890
GO:0014048	GO:0051955
GO:0014048	GO:1903530
GO:0014049	GO:0014048
GO:0014049	GO:0032892
GO:0014049	GO:0051957
GO:0014049	GO:1903532
GO:0014050	GO:0014048
GO:0014050	GO:0032891
GO:0014050	GO:0051956
GO:0014050	GO:1903531
GO:0014051	GO:0015812
GO:0014051	GO:0046717
GO:0014052	GO:0032890
GO:0014052	GO:0051046
GO:0014052	GO:0051955
GO:0014053	GO:0014052
GO:0014053	GO:0032891
GO:0014053	GO:0051048
GO:0014053	GO:0051956
GO:0014054	GO:0014052
GO:0014054	GO:0032892
GO:0014054	GO:0051047
GO:0014054	GO:0051957
GO:0014055	GO:0007269
GO:0014055	GO:0061526
GO:0014056	GO:0032222
GO:0014056	GO:0046928
GO:0014056	GO:0051952
GO:0014057	GO:0001956
GO:0014057	GO:0014056
GO:0014057	GO:0032224
GO:0014057	GO:0051954
GO:0014058	GO:0014056
GO:0014058	GO:0032223
GO:0014058	GO:0046929
GO:0014058	GO:0051953
GO:0014059	GO:0050433
GO:0014060	GO:0050433
GO:0014061	GO:0050433
GO:0014062	GO:0043269
GO:0014062	GO:1903530
GO:0014063	GO:0014062
GO:0014063	GO:0043271
GO:0014063	GO:1903531
GO:0014064	GO:0014062
GO:0014064	GO:0043270
GO:0014064	GO:1903532
GO:0014074	GO:1901698
GO:0014075	GO:1901698
GO:0014706	GO:0060537
GO:0014707	GO:0007517
GO:0014707	GO:0007519
GO:0014708	GO:0048634
GO:0014709	GO:0014708
GO:0014709	GO:0048636
GO:0014710	GO:0014708
GO:0014710	GO:0048635
GO:0014711	GO:0048641
GO:0014712	GO:0014711
GO:0014712	GO:0048643
GO:0014713	GO:0014711
GO:0014713	GO:0048642
GO:0014725	GO:0048641
GO:0014726	GO:0014725
GO:0014726	GO:0048642
GO:0014727	GO:0014725
GO:0014727	GO:0048643
GO:0014733	GO:0043502
GO:0014734	GO:0014897
GO:0014734	GO:0043501
GO:0014741	GO:0014743
GO:0014741	GO:0051241
GO:0014742	GO:0014743
GO:0014742	GO:0051240
GO:0014743	GO:0090257
GO:0014744	GO:0043502
GO:0014744	GO:0048584
GO:0014744	GO:0051240
GO:0014745	GO:0043502
GO:0014745	GO:0048585
GO:0014745	GO:0051241
GO:0014805	GO:0043500
GO:0014807	GO:0022603
GO:0014807	GO:0051239
GO:0014812	GO:0016477
GO:0014819	GO:0006942
GO:0014821	GO:0006939
GO:0014827	GO:0014821
GO:0014827	GO:0014831
GO:0014831	GO:0006939
GO:0014832	GO:0014848
GO:0014835	GO:0045445
GO:0014839	GO:0051451
GO:0014848	GO:0006939
GO:0014849	GO:0014821
GO:0014849	GO:0014848
GO:0014852	GO:0014819
GO:0014853	GO:0098815
GO:0014855	GO:0033002
GO:0014856	GO:0014855
GO:0014857	GO:0042127
GO:0014858	GO:0008284
GO:0014858	GO:0014857
GO:0014859	GO:0008285
GO:0014859	GO:0014857
GO:0014860	GO:0007269
GO:0014861	GO:0014819
GO:0014861	GO:0098900
GO:0014866	GO:0030239
GO:0014872	GO:0051301
GO:0014874	GO:0050896
GO:0014878	GO:0014874
GO:0014878	GO:0051602
GO:0014879	GO:0014878
GO:0014879	GO:0050981
GO:0014887	GO:0014888
GO:0014888	GO:0043500
GO:0014895	GO:0014805
GO:0014895	GO:0014896
GO:0014896	GO:0003012
GO:0014897	GO:0014896
GO:0014902	GO:0051146
GO:0014904	GO:0055002
GO:0014906	GO:0014904
GO:0014908	GO:0014902
GO:0014909	GO:0014812
GO:0014910	GO:0030334
GO:0014911	GO:0014910
GO:0014911	GO:0030335
GO:0014912	GO:0014910
GO:0014912	GO:0030336
GO:0015031	GO:0008104
GO:0015031	GO:0045184
GO:0015031	GO:0071705
GO:0015075	GO:0022857
GO:0015078	GO:0008324
GO:0015079	GO:0046873
GO:0015081	GO:0046873
GO:0015085	GO:0046873
GO:0015106	GO:0022857
GO:0015116	GO:1901682
GO:0015123	GO:0008028
GO:0015125	GO:0008028
GO:0015125	GO:0170055
GO:0015127	GO:0005310
GO:0015144	GO:0022857
GO:0015145	GO:0051119
GO:0015146	GO:0015145
GO:0015149	GO:0015145
GO:0015159	GO:0015144
GO:0015159	GO:0022884
GO:0015160	GO:0015159
GO:0015171	GO:0022857
GO:0015172	GO:0015171
GO:0015173	GO:0046943
GO:0015179	GO:0015171
GO:0015179	GO:0046943
GO:0015185	GO:0008028
GO:0015185	GO:0015171
GO:0015192	GO:0015173
GO:0015192	GO:0015179
GO:0015205	GO:0022857
GO:0015207	GO:0005345
GO:0015211	GO:0005337
GO:0015215	GO:0015605
GO:0015215	GO:0015932
GO:0015216	GO:0015215
GO:0015217	GO:0000295
GO:0015217	GO:0005346
GO:0015220	GO:0022857
GO:0015245	GO:0008028
GO:0015245	GO:0170055
GO:0015291	GO:0022804
GO:0015355	GO:0008028
GO:0015355	GO:0015291
GO:0015464	GO:0004888
GO:0015464	GO:0098960
GO:0015499	GO:0008028
GO:0015552	GO:0015636
GO:0015567	GO:0022857
GO:0015591	GO:0015146
GO:0015605	GO:0022857
GO:0015629	GO:0005856
GO:0015630	GO:0005856
GO:0015631	GO:0008092
GO:0015636	GO:0015245
GO:0015651	GO:0022857
GO:0015665	GO:0022857
GO:0015669	GO:0006810
GO:0015670	GO:0015669
GO:0015670	GO:0019755
GO:0015671	GO:0015669
GO:0015695	GO:0006810
GO:0015697	GO:0071705
GO:0015698	GO:0006810
GO:0015701	GO:0015711
GO:0015711	GO:0006810
GO:0015718	GO:0046942
GO:0015721	GO:0006869
GO:0015721	GO:0015718
GO:0015721	GO:0015850
GO:0015723	GO:0006835
GO:0015723	GO:0071705
GO:0015724	GO:0015718
GO:0015730	GO:0015913
GO:0015748	GO:0006810
GO:0015749	GO:0034219
GO:0015750	GO:0015749
GO:0015752	GO:0015750
GO:0015774	GO:0008643
GO:0015775	GO:0015774
GO:0015800	GO:0006865
GO:0015801	GO:0046942
GO:0015801	GO:0071705
GO:0015807	GO:0006865
GO:0015807	GO:0046942
GO:0015807	GO:0071705
GO:0015812	GO:0006865
GO:0015812	GO:0046942
GO:0015812	GO:0071705
GO:0015813	GO:0051938
GO:0015813	GO:1902475
GO:0015823	GO:0046942
GO:0015823	GO:0071705
GO:0015828	GO:0015695
GO:0015828	GO:0015801
GO:0015828	GO:0015807
GO:0015833	GO:0042886
GO:0015837	GO:0071705
GO:0015844	GO:0071705
GO:0015849	GO:0006810
GO:0015850	GO:0006810
GO:0015851	GO:0071705
GO:0015853	GO:0006863
GO:0015858	GO:0015931
GO:0015858	GO:1901264
GO:0015859	GO:0015858
GO:0015859	GO:0046907
GO:0015860	GO:0072530
GO:0015860	GO:1901642
GO:0015865	GO:0006862
GO:0015866	GO:0015711
GO:0015866	GO:0015868
GO:0015866	GO:0051503
GO:0015867	GO:0015711
GO:0015867	GO:0015868
GO:0015867	GO:0051503
GO:0015868	GO:0015865
GO:0015868	GO:1901264
GO:0015870	GO:0015695
GO:0015870	GO:0071705
GO:0015870	GO:1901374
GO:0015871	GO:0015695
GO:0015871	GO:0071705
GO:0015872	GO:0051937
GO:0015874	GO:0015695
GO:0015874	GO:0051937
GO:0015895	GO:0006810
GO:0015908	GO:0006869
GO:0015908	GO:0015718
GO:0015912	GO:0015908
GO:0015913	GO:0015912
GO:0015913	GO:1902001
GO:0015914	GO:0006869
GO:0015914	GO:0015748
GO:0015931	GO:0071705
GO:0015932	GO:0022857
GO:0015942	GO:0032787
GO:0015943	GO:0015942
GO:0015943	GO:0072330
GO:0015980	GO:0006091
GO:0016020	GO:0110165
GO:0016042	GO:0006629
GO:0016042	GO:0009056
GO:0016043	GO:0071840
GO:0016048	GO:0009266
GO:0016048	GO:0009581
GO:0016048	GO:0009582
GO:0016049	GO:0009987
GO:0016049	GO:0040007
GO:0016050	GO:0006996
GO:0016051	GO:0005975
GO:0016051	GO:0009058
GO:0016052	GO:0005975
GO:0016052	GO:0009056
GO:0016053	GO:0006082
GO:0016053	GO:0044283
GO:0016054	GO:0006082
GO:0016054	GO:0044282
GO:0016057	GO:0042391
GO:0016064	GO:0019724
GO:0016070	GO:0090304
GO:0016078	GO:0006399
GO:0016078	GO:0006401
GO:0016079	GO:0045055
GO:0016079	GO:0051649
GO:0016079	GO:0099003
GO:0016079	GO:0099643
GO:0016106	GO:0006714
GO:0016106	GO:0016114
GO:0016107	GO:0006714
GO:0016107	GO:0016115
GO:0016109	GO:0016114
GO:0016110	GO:0016115
GO:0016114	GO:0006721
GO:0016114	GO:0008299
GO:0016115	GO:0006721
GO:0016115	GO:0008300
GO:0016116	GO:0006721
GO:0016117	GO:0016109
GO:0016117	GO:0016116
GO:0016117	GO:0046148
GO:0016118	GO:0016110
GO:0016118	GO:0016116
GO:0016119	GO:0042214
GO:0016120	GO:0016119
GO:0016120	GO:0046246
GO:0016121	GO:0016119
GO:0016121	GO:0046247
GO:0016122	GO:0016116
GO:0016123	GO:0016117
GO:0016123	GO:0016122
GO:0016124	GO:0016118
GO:0016124	GO:0016122
GO:0016192	GO:0006810
GO:0016192	GO:0009987
GO:0016202	GO:0048634
GO:0016202	GO:1901861
GO:0016301	GO:0016772
GO:0016310	GO:0006796
GO:0016319	GO:0048856
GO:0016321	GO:0045132
GO:0016325	GO:0030951
GO:0016331	GO:0002009
GO:0016331	GO:0048598
GO:0016358	GO:0031175
GO:0016358	GO:0048856
GO:0016444	GO:0006310
GO:0016445	GO:0002200
GO:0016446	GO:0002566
GO:0016446	GO:0016445
GO:0016447	GO:0002562
GO:0016447	GO:0016445
GO:0016477	GO:0048870
GO:0016482	GO:0046907
GO:0016485	GO:0006508
GO:0016485	GO:0051604
GO:0016486	GO:0042445
GO:0016486	GO:0043603
GO:0016486	GO:0140448
GO:0016500	GO:0038023
GO:0016502	GO:0004888
GO:0016525	GO:0045765
GO:0016525	GO:2000181
GO:0016528	GO:0005737
GO:0016595	GO:0016597
GO:0016595	GO:0031406
GO:0016597	GO:0005488
GO:0016740	GO:0003824
GO:0016746	GO:0016740
GO:0016755	GO:0016746
GO:0016772	GO:0016740
GO:0016773	GO:0016772
GO:0016907	GO:0008227
GO:0016907	GO:0015464
GO:0016907	GO:0099528
GO:0016917	GO:0004888
GO:0017046	GO:0033218
GO:0017046	GO:0042562
GO:0017076	GO:0000166
GO:0017085	GO:0009636
GO:0017126	GO:0007000
GO:0017126	GO:0044085
GO:0017145	GO:0051301
GO:0017148	GO:0006417
GO:0017148	GO:0010629
GO:0017148	GO:0051248
GO:0017156	GO:0045055
GO:0017157	GO:0060627
GO:0017157	GO:1903530
GO:0017158	GO:1903305
GO:0018108	GO:0006468
GO:0018108	GO:0018212
GO:0018193	GO:0036211
GO:0018212	GO:0018193
GO:0018910	GO:0042537
GO:0018910	GO:0120252
GO:0018958	GO:0008152
GO:0018970	GO:0042537
GO:0018970	GO:0120252
GO:0018989	GO:0022404
GO:0019098	GO:0007610
GO:0019098	GO:0048609
GO:0019199	GO:0004672
GO:0019199	GO:0004888
GO:0019215	GO:0005488
GO:0019216	GO:0080090
GO:0019217	GO:0010565
GO:0019217	GO:0019216
GO:0019217	GO:0062012
GO:0019218	GO:0019216
GO:0019219	GO:0080090
GO:0019221	GO:0007166
GO:0019222	GO:0050794
GO:0019226	GO:0050877
GO:0019228	GO:0001508
GO:0019230	GO:0007600
GO:0019233	GO:0007600
GO:0019236	GO:0042221
GO:0019252	GO:0005982
GO:0019252	GO:0009250
GO:0019293	GO:0006571
GO:0019302	GO:0006014
GO:0019302	GO:0019322
GO:0019303	GO:0006014
GO:0019303	GO:0019323
GO:0019318	GO:0005996
GO:0019319	GO:0019318
GO:0019319	GO:0046364
GO:0019320	GO:0019318
GO:0019320	GO:0046365
GO:0019321	GO:0005996
GO:0019322	GO:0019321
GO:0019322	GO:0046364
GO:0019323	GO:0019321
GO:0019323	GO:0046365
GO:0019336	GO:0009056
GO:0019336	GO:0018958
GO:0019374	GO:0006664
GO:0019375	GO:0009247
GO:0019375	GO:0019374
GO:0019376	GO:0019374
GO:0019376	GO:0019377
GO:0019377	GO:0006664
GO:0019377	GO:0046466
GO:0019377	GO:1901136
GO:0019413	GO:0006083
GO:0019413	GO:0072330
GO:0019478	GO:0046416
GO:0019478	GO:0170044
GO:0019478	GO:1901606
GO:0019538	GO:0043170
GO:0019538	GO:0044238
GO:0019541	GO:0046459
GO:0019542	GO:0019541
GO:0019542	GO:0051790
GO:0019543	GO:0019541
GO:0019543	GO:0019626
GO:0019605	GO:0046459
GO:0019614	GO:0009712
GO:0019614	GO:0019336
GO:0019626	GO:0009062
GO:0019626	GO:0046459
GO:0019637	GO:0006793
GO:0019653	GO:0006113
GO:0019653	GO:0006145
GO:0019693	GO:0006796
GO:0019693	GO:0019637
GO:0019693	GO:1901135
GO:0019695	GO:0008152
GO:0019724	GO:0002449
GO:0019724	GO:0002460
GO:0019725	GO:0042592
GO:0019730	GO:0006959
GO:0019730	GO:0140546
GO:0019747	GO:0019216
GO:0019748	GO:0008152
GO:0019752	GO:0043436
GO:0019755	GO:0006810
GO:0019814	GO:0032991
GO:0019815	GO:0019814
GO:0019815	GO:0098802
GO:0019825	GO:0036094
GO:0019827	GO:0032501
GO:0019827	GO:0098727
GO:0019840	GO:0008289
GO:0019865	GO:0044877
GO:0019867	GO:0016020
GO:0019882	GO:0002376
GO:0019883	GO:0019882
GO:0019953	GO:0022414
GO:0019955	GO:0005515
GO:0021501	GO:0048646
GO:0021503	GO:0048598
GO:0021503	GO:0060571
GO:0021504	GO:0048646
GO:0021506	GO:0016331
GO:0021508	GO:0048646
GO:0021509	GO:0048646
GO:0021510	GO:0048856
GO:0021514	GO:0021515
GO:0021514	GO:0021953
GO:0021515	GO:0030154
GO:0021516	GO:0048856
GO:0021517	GO:0048856
GO:0021522	GO:0021515
GO:0021522	GO:0021953
GO:0021523	GO:0021522
GO:0021531	GO:0021515
GO:0021531	GO:0060019
GO:0021532	GO:0003002
GO:0021533	GO:0030154
GO:0021534	GO:0061351
GO:0021535	GO:0016477
GO:0021536	GO:0048856
GO:0021537	GO:0048856
GO:0021538	GO:0048856
GO:0021539	GO:0048856
GO:0021540	GO:0021952
GO:0021541	GO:0048856
GO:0021542	GO:0048856
GO:0021543	GO:0048856
GO:0021544	GO:0048856
GO:0021545	GO:0021675
GO:0021546	GO:0048856
GO:0021547	GO:0003002
GO:0021547	GO:0048859
GO:0021548	GO:0048856
GO:0021549	GO:0048856
GO:0021550	GO:0048856
GO:0021551	GO:0009653
GO:0021553	GO:0021545
GO:0021554	GO:0021545
GO:0021555	GO:0048598
GO:0021556	GO:0048646
GO:0021557	GO:0021545
GO:0021558	GO:0021545
GO:0021559	GO:0021545
GO:0021560	GO:0021545
GO:0021561	GO:0021545
GO:0021562	GO:0021545
GO:0021563	GO:0021545
GO:0021564	GO:0021545
GO:0021565	GO:0021545
GO:0021566	GO:0021545
GO:0021567	GO:0021546
GO:0021568	GO:0021546
GO:0021569	GO:0021546
GO:0021570	GO:0021546
GO:0021571	GO:0021546
GO:0021572	GO:0021546
GO:0021573	GO:0021546
GO:0021574	GO:0021546
GO:0021575	GO:0009653
GO:0021576	GO:0048646
GO:0021578	GO:0071695
GO:0021579	GO:0009653
GO:0021580	GO:0048646
GO:0021582	GO:0071695
GO:0021583	GO:0009653
GO:0021584	GO:0048646
GO:0021586	GO:0071695
GO:0021587	GO:0009653
GO:0021588	GO:0048646
GO:0021590	GO:0071695
GO:0021591	GO:0048731
GO:0021592	GO:0048856
GO:0021593	GO:0009653
GO:0021594	GO:0048646
GO:0021598	GO:0021602
GO:0021599	GO:0021603
GO:0021601	GO:0021605
GO:0021602	GO:0009653
GO:0021603	GO:0048646
GO:0021605	GO:0021682
GO:0021606	GO:0021605
GO:0021607	GO:0021602
GO:0021608	GO:0021603
GO:0021610	GO:0021602
GO:0021611	GO:0021603
GO:0021613	GO:0021605
GO:0021614	GO:0021605
GO:0021615	GO:0021602
GO:0021616	GO:0021603
GO:0021618	GO:0021602
GO:0021619	GO:0021605
GO:0021620	GO:0021603
GO:0021622	GO:0021602
GO:0021623	GO:0021603
GO:0021625	GO:0021605
GO:0021626	GO:0071695
GO:0021627	GO:0021602
GO:0021628	GO:0021603
GO:0021630	GO:0021605
GO:0021631	GO:0021602
GO:0021632	GO:0021605
GO:0021634	GO:0021603
GO:0021635	GO:0021605
GO:0021636	GO:0021602
GO:0021638	GO:0021603
GO:0021639	GO:0021602
GO:0021640	GO:0021605
GO:0021642	GO:0021603
GO:0021643	GO:0021605
GO:0021644	GO:0021602
GO:0021646	GO:0021603
GO:0021647	GO:0021605
GO:0021648	GO:0021602
GO:0021650	GO:0021603
GO:0021651	GO:0021593
GO:0021652	GO:0021594
GO:0021654	GO:0048859
GO:0021655	GO:0021593
GO:0021657	GO:0021594
GO:0021658	GO:0021593
GO:0021660	GO:0021594
GO:0021661	GO:0021593
GO:0021663	GO:0021594
GO:0021664	GO:0021593
GO:0021666	GO:0021594
GO:0021667	GO:0021593
GO:0021669	GO:0021594
GO:0021670	GO:0048856
GO:0021671	GO:0021593
GO:0021673	GO:0021594
GO:0021674	GO:0021593
GO:0021675	GO:0048856
GO:0021677	GO:0021594
GO:0021678	GO:0048856
GO:0021679	GO:0048856
GO:0021680	GO:0048856
GO:0021681	GO:0048856
GO:0021682	GO:0071695
GO:0021683	GO:0009653
GO:0021684	GO:0048646
GO:0021686	GO:0071695
GO:0021687	GO:0009653
GO:0021688	GO:0048646
GO:0021690	GO:0071695
GO:0021691	GO:0071695
GO:0021692	GO:0009653
GO:0021694	GO:0048646
GO:0021695	GO:0048856
GO:0021696	GO:0009653
GO:0021697	GO:0048646
GO:0021699	GO:0071695
GO:0021700	GO:0032502
GO:0021701	GO:0021533
GO:0021701	GO:0021953
GO:0021701	GO:0097154
GO:0021702	GO:0021533
GO:0021702	GO:0021953
GO:0021702	GO:0097154
GO:0021703	GO:0048857
GO:0021704	GO:0009653
GO:0021705	GO:0048646
GO:0021706	GO:0071695
GO:0021707	GO:0021533
GO:0021707	GO:0021953
GO:0021707	GO:1905962
GO:0021710	GO:0021533
GO:0021710	GO:0021953
GO:0021710	GO:0097154
GO:0021713	GO:0048857
GO:0021714	GO:0009653
GO:0021715	GO:0048646
GO:0021717	GO:0071695
GO:0021718	GO:0048857
GO:0021719	GO:0009653
GO:0021720	GO:0048646
GO:0021722	GO:0071695
GO:0021723	GO:0048856
GO:0021724	GO:0048857
GO:0021725	GO:0048857
GO:0021726	GO:0048857
GO:0021727	GO:0048856
GO:0021728	GO:0048857
GO:0021729	GO:0048856
GO:0021730	GO:0048857
GO:0021731	GO:0048857
GO:0021732	GO:0071695
GO:0021735	GO:0048857
GO:0021736	GO:0048857
GO:0021737	GO:0048857
GO:0021738	GO:0048857
GO:0021739	GO:0021730
GO:0021740	GO:0021730
GO:0021741	GO:0021730
GO:0021742	GO:0048857
GO:0021743	GO:0048857
GO:0021744	GO:0048857
GO:0021745	GO:0048857
GO:0021746	GO:0048857
GO:0021747	GO:0048857
GO:0021748	GO:0021747
GO:0021749	GO:0021747
GO:0021750	GO:0048857
GO:0021751	GO:0048857
GO:0021752	GO:0021751
GO:0021753	GO:0021751
GO:0021754	GO:0048857
GO:0021756	GO:0048856
GO:0021757	GO:0048857
GO:0021758	GO:0048857
GO:0021759	GO:0048857
GO:0021761	GO:0048731
GO:0021762	GO:0048857
GO:0021763	GO:0048857
GO:0021764	GO:0048856
GO:0021765	GO:0048856
GO:0021766	GO:0048856
GO:0021767	GO:0048856
GO:0021768	GO:0048857
GO:0021769	GO:0048856
GO:0021770	GO:0048856
GO:0021771	GO:0048857
GO:0021772	GO:0048856
GO:0021782	GO:0048468
GO:0021783	GO:0048731
GO:0021784	GO:0048483
GO:0021794	GO:0048856
GO:0021795	GO:0022029
GO:0021799	GO:0021795
GO:0021801	GO:0021799
GO:0021801	GO:0022030
GO:0021814	GO:0048870
GO:0021815	GO:0000226
GO:0021819	GO:0048646
GO:0021822	GO:1903976
GO:0021826	GO:0022029
GO:0021830	GO:0021843
GO:0021843	GO:0021826
GO:0021846	GO:0061351
GO:0021848	GO:0055057
GO:0021849	GO:0055057
GO:0021852	GO:0021801
GO:0021852	GO:0140650
GO:0021853	GO:0021830
GO:0021853	GO:1904936
GO:0021854	GO:0048856
GO:0021859	GO:0021953
GO:0021860	GO:0021884
GO:0021861	GO:0060019
GO:0021863	GO:0014016
GO:0021872	GO:0048699
GO:0021879	GO:0021953
GO:0021884	GO:0021954
GO:0021885	GO:0016477
GO:0021889	GO:0021879
GO:0021891	GO:0021884
GO:0021892	GO:0021895
GO:0021892	GO:0097154
GO:0021894	GO:0021884
GO:0021895	GO:0021879
GO:0021896	GO:0048708
GO:0021897	GO:0014002
GO:0021903	GO:0009952
GO:0021905	GO:0048856
GO:0021905	GO:0048859
GO:0021906	GO:0048859
GO:0021915	GO:0035295
GO:0021915	GO:0060429
GO:0021921	GO:2000177
GO:0021952	GO:0021955
GO:0021953	GO:0030182
GO:0021954	GO:0048666
GO:0021955	GO:0007409
GO:0021957	GO:0021952
GO:0021958	GO:0021952
GO:0021959	GO:0021952
GO:0021960	GO:0021952
GO:0021961	GO:0021952
GO:0021962	GO:0021952
GO:0021963	GO:0021952
GO:0021964	GO:0021952
GO:0021965	GO:0021952
GO:0021974	GO:0021952
GO:0021975	GO:0021952
GO:0021976	GO:0021952
GO:0021977	GO:0021952
GO:0021982	GO:0048732
GO:0021983	GO:0048732
GO:0021984	GO:0048856
GO:0021985	GO:0048732
GO:0021986	GO:0048856
GO:0021987	GO:0048856
GO:0021988	GO:0048856
GO:0021989	GO:0048856
GO:0021990	GO:0048646
GO:0021995	GO:0016331
GO:0021996	GO:0048646
GO:0021999	GO:0009952
GO:0021999	GO:0060897
GO:0022006	GO:0048859
GO:0022008	GO:0030154
GO:0022009	GO:0001570
GO:0022010	GO:0032291
GO:0022010	GO:0042552
GO:0022011	GO:0032292
GO:0022011	GO:0042552
GO:0022012	GO:0021846
GO:0022028	GO:0022029
GO:0022029	GO:0021885
GO:0022030	GO:0008347
GO:0022030	GO:0022029
GO:0022031	GO:0022030
GO:0022031	GO:0043615
GO:0022032	GO:0022030
GO:0022035	GO:0021535
GO:0022037	GO:0048856
GO:0022038	GO:0048856
GO:0022402	GO:0009987
GO:0022404	GO:0032501
GO:0022405	GO:0022404
GO:0022406	GO:0009987
GO:0022407	GO:0030155
GO:0022408	GO:0007162
GO:0022408	GO:0022407
GO:0022409	GO:0022407
GO:0022409	GO:0045785
GO:0022410	GO:0048512
GO:0022411	GO:0016043
GO:0022412	GO:0009987
GO:0022412	GO:0048609
GO:0022414	GO:0008150
GO:0022600	GO:0003008
GO:0022602	GO:0022414
GO:0022602	GO:0048511
GO:0022603	GO:0050793
GO:0022604	GO:0022603
GO:0022605	GO:0048609
GO:0022607	GO:0016043
GO:0022612	GO:0009887
GO:0022613	GO:0044085
GO:0022617	GO:0022411
GO:0022617	GO:0030198
GO:0022618	GO:0065003
GO:0022618	GO:0071826
GO:0022626	GO:0005840
GO:0022804	GO:0022857
GO:0022857	GO:0005215
GO:0022884	GO:0022857
GO:0022898	GO:0034762
GO:0022898	GO:0065009
GO:0023019	GO:0007165
GO:0023023	GO:0044877
GO:0023026	GO:0023023
GO:0023051	GO:0050789
GO:0023052	GO:0050789
GO:0023056	GO:0023051
GO:0023056	GO:0048518
GO:0023057	GO:0023051
GO:0023057	GO:0048519
GO:0023061	GO:0032940
GO:0030001	GO:0006812
GO:0030003	GO:0006873
GO:0030003	GO:0055080
GO:0030007	GO:0030003
GO:0030007	GO:0055075
GO:0030010	GO:0007163
GO:0030016	GO:0043292
GO:0030017	GO:0110165
GO:0030029	GO:0009987
GO:0030030	GO:0016043
GO:0030031	GO:0022607
GO:0030031	GO:0030030
GO:0030033	GO:0032528
GO:0030033	GO:0120031
GO:0030036	GO:0007010
GO:0030036	GO:0030029
GO:0030048	GO:0030029
GO:0030050	GO:0030048
GO:0030050	GO:0099515
GO:0030050	GO:0099518
GO:0030054	GO:0110165
GO:0030057	GO:0005911
GO:0030070	GO:0016486
GO:0030070	GO:1901142
GO:0030072	GO:0002790
GO:0030072	GO:0046879
GO:0030073	GO:0009306
GO:0030073	GO:0030072
GO:0030097	GO:0048468
GO:0030098	GO:0046649
GO:0030098	GO:1903131
GO:0030099	GO:0030154
GO:0030100	GO:0051128
GO:0030100	GO:0060627
GO:0030101	GO:0046649
GO:0030103	GO:0030072
GO:0030133	GO:0031410
GO:0030141	GO:0099503
GO:0030148	GO:0006665
GO:0030148	GO:0046467
GO:0030149	GO:0006665
GO:0030149	GO:0046466
GO:0030154	GO:0048869
GO:0030155	GO:0050794
GO:0030162	GO:0051246
GO:0030163	GO:0009057
GO:0030163	GO:0019538
GO:0030168	GO:0001775
GO:0030182	GO:0030154
GO:0030183	GO:0030098
GO:0030183	GO:0042113
GO:0030186	GO:0042430
GO:0030186	GO:0042445
GO:0030186	GO:0043603
GO:0030187	GO:0030186
GO:0030187	GO:0042435
GO:0030187	GO:0042446
GO:0030187	GO:0043604
GO:0030193	GO:0032101
GO:0030193	GO:0050818
GO:0030193	GO:0061041
GO:0030193	GO:1900046
GO:0030194	GO:0030193
GO:0030194	GO:0050820
GO:0030194	GO:0090303
GO:0030194	GO:1900048
GO:0030195	GO:0030193
GO:0030195	GO:0050819
GO:0030195	GO:0061045
GO:0030195	GO:1900047
GO:0030198	GO:0043062
GO:0030198	GO:0045229
GO:0030199	GO:0030198
GO:0030203	GO:0006022
GO:0030212	GO:0030203
GO:0030213	GO:0006024
GO:0030213	GO:0030212
GO:0030214	GO:0006027
GO:0030214	GO:0030212
GO:0030216	GO:0009913
GO:0030217	GO:0030098
GO:0030217	GO:0042110
GO:0030218	GO:0030099
GO:0030219	GO:0030099
GO:0030220	GO:0030099
GO:0030220	GO:0048646
GO:0030223	GO:0030851
GO:0030224	GO:0002573
GO:0030224	GO:1903131
GO:0030225	GO:0002573
GO:0030225	GO:1903131
GO:0030239	GO:0010927
GO:0030239	GO:0031032
GO:0030239	GO:0097435
GO:0030239	GO:0140694
GO:0030243	GO:0051273
GO:0030244	GO:0030243
GO:0030244	GO:0051274
GO:0030245	GO:0030243
GO:0030245	GO:0051275
GO:0030246	GO:0005488
GO:0030247	GO:0030246
GO:0030248	GO:0030247
GO:0030252	GO:0030072
GO:0030261	GO:0051276
GO:0030262	GO:0006921
GO:0030263	GO:0030261
GO:0030264	GO:0071763
GO:0030278	GO:0051239
GO:0030279	GO:0030278
GO:0030279	GO:0051241
GO:0030282	GO:0031214
GO:0030307	GO:0001558
GO:0030307	GO:0045927
GO:0030307	GO:0048522
GO:0030308	GO:0001558
GO:0030308	GO:0045926
GO:0030308	GO:0048523
GO:0030312	GO:0110165
GO:0030316	GO:0002573
GO:0030317	GO:0060285
GO:0030317	GO:0060294
GO:0030317	GO:0097722
GO:0030318	GO:0050931
GO:0030323	GO:0035295
GO:0030323	GO:0048513
GO:0030324	GO:0048513
GO:0030325	GO:0048732
GO:0030334	GO:2000145
GO:0030335	GO:0030334
GO:0030335	GO:2000147
GO:0030336	GO:0030334
GO:0030336	GO:2000146
GO:0030397	GO:0022411
GO:0030397	GO:0061024
GO:0030421	GO:0007588
GO:0030421	GO:0022600
GO:0030424	GO:0043005
GO:0030425	GO:0043005
GO:0030431	GO:0032501
GO:0030432	GO:0014821
GO:0030473	GO:0007097
GO:0030473	GO:0072384
GO:0030485	GO:0043292
GO:0030500	GO:0030278
GO:0030500	GO:0070167
GO:0030501	GO:0030500
GO:0030501	GO:0045778
GO:0030501	GO:0070169
GO:0030502	GO:0030279
GO:0030502	GO:0030500
GO:0030502	GO:0070168
GO:0030539	GO:0048806
GO:0030539	GO:0061458
GO:0030540	GO:0048806
GO:0030554	GO:0017076
GO:0030573	GO:0008206
GO:0030573	GO:0072329
GO:0030574	GO:0009056
GO:0030574	GO:0032963
GO:0030593	GO:0071621
GO:0030593	GO:1990266
GO:0030594	GO:0038023
GO:0030595	GO:0050900
GO:0030595	GO:0060326
GO:0030642	GO:0055063
GO:0030642	GO:0055082
GO:0030643	GO:0055062
GO:0030643	GO:0055082
GO:0030645	GO:0006007
GO:0030645	GO:0006113
GO:0030645	GO:0019605
GO:0030658	GO:0030659
GO:0030658	GO:0098588
GO:0030659	GO:0012506
GO:0030660	GO:0030659
GO:0030660	GO:0098588
GO:0030661	GO:0030659
GO:0030661	GO:0098588
GO:0030667	GO:0030659
GO:0030667	GO:0098588
GO:0030703	GO:0003006
GO:0030703	GO:0048646
GO:0030704	GO:0003006
GO:0030704	GO:0010927
GO:0030704	GO:0035803
GO:0030704	GO:0085029
GO:0030705	GO:0046907
GO:0030707	GO:0002064
GO:0030707	GO:0003006
GO:0030718	GO:0019827
GO:0030720	GO:0051674
GO:0030808	GO:0006140
GO:0030808	GO:0009889
GO:0030809	GO:0009890
GO:0030809	GO:0030808
GO:0030809	GO:0045980
GO:0030810	GO:0009891
GO:0030810	GO:0030808
GO:0030810	GO:0045981
GO:0030811	GO:0006140
GO:0030811	GO:0009894
GO:0030812	GO:0009895
GO:0030812	GO:0030811
GO:0030812	GO:0045980
GO:0030813	GO:0009896
GO:0030813	GO:0030811
GO:0030813	GO:0045981
GO:0030850	GO:0048608
GO:0030850	GO:0048732
GO:0030851	GO:0002573
GO:0030852	GO:0002761
GO:0030853	GO:0002762
GO:0030853	GO:0030852
GO:0030854	GO:0002763
GO:0030854	GO:0030852
GO:0030855	GO:0030154
GO:0030856	GO:0045595
GO:0030856	GO:2000026
GO:0030857	GO:0030856
GO:0030857	GO:0045596
GO:0030858	GO:0030856
GO:0030858	GO:0045597
GO:0030863	GO:0005856
GO:0030864	GO:0030863
GO:0030865	GO:0007010
GO:0030866	GO:0030036
GO:0030866	GO:0030865
GO:0030878	GO:0048732
GO:0030879	GO:0048732
GO:0030885	GO:0002694
GO:0030886	GO:0002695
GO:0030886	GO:0030885
GO:0030887	GO:0002696
GO:0030887	GO:0030885
GO:0030888	GO:0050670
GO:0030888	GO:0050864
GO:0030889	GO:0030888
GO:0030889	GO:0050672
GO:0030889	GO:0050869
GO:0030890	GO:0030888
GO:0030890	GO:0050671
GO:0030890	GO:0050871
GO:0030900	GO:0048856
GO:0030901	GO:0048856
GO:0030902	GO:0048856
GO:0030903	GO:0048568
GO:0030910	GO:0060788
GO:0030916	GO:0072175
GO:0030917	GO:0048856
GO:0030936	GO:0005581
GO:0030936	GO:0098797
GO:0030951	GO:0000226
GO:0030951	GO:0030952
GO:0030952	GO:0007010
GO:0030952	GO:0007163
GO:0030955	GO:0031420
GO:0030990	GO:0032991
GO:0031012	GO:0030312
GO:0031016	GO:0048513
GO:0031017	GO:0048732
GO:0031018	GO:0048856
GO:0031022	GO:0007097
GO:0031022	GO:0030048
GO:0031022	GO:0099515
GO:0031023	GO:0007017
GO:0031023	GO:0016043
GO:0031032	GO:0030036
GO:0031045	GO:0030141
GO:0031069	GO:0009653
GO:0031069	GO:0022405
GO:0031076	GO:0043010
GO:0031076	GO:0048568
GO:0031090	GO:0016020
GO:0031099	GO:0048856
GO:0031100	GO:0031099
GO:0031100	GO:0048513
GO:0031101	GO:0042246
GO:0031109	GO:0000226
GO:0031110	GO:0070507
GO:0031111	GO:0031110
GO:0031111	GO:0051494
GO:0031112	GO:0031110
GO:0031112	GO:0051495
GO:0031113	GO:0031110
GO:0031113	GO:0032271
GO:0031113	GO:1902903
GO:0031114	GO:0031110
GO:0031114	GO:1901879
GO:0031114	GO:1902903
GO:0031115	GO:0031111
GO:0031115	GO:0031113
GO:0031115	GO:0032272
GO:0031115	GO:1902904
GO:0031116	GO:0031112
GO:0031116	GO:0031113
GO:0031116	GO:0032273
GO:0031116	GO:1902905
GO:0031117	GO:0031112
GO:0031117	GO:0031114
GO:0031117	GO:1901881
GO:0031117	GO:1902905
GO:0031122	GO:0000226
GO:0031122	GO:0097435
GO:0031128	GO:0032502
GO:0031143	GO:0120025
GO:0031175	GO:0120036
GO:0031201	GO:0098796
GO:0031214	GO:0009888
GO:0031252	GO:0110165
GO:0031253	GO:0098590
GO:0031256	GO:0110165
GO:0031268	GO:0120036
GO:0031269	GO:0031268
GO:0031269	GO:0120031
GO:0031270	GO:0022411
GO:0031270	GO:0031268
GO:0031272	GO:0120032
GO:0031273	GO:0031272
GO:0031273	GO:0120033
GO:0031274	GO:0031272
GO:0031274	GO:0120034
GO:0031333	GO:0043254
GO:0031333	GO:0051129
GO:0031334	GO:0043254
GO:0031334	GO:0044089
GO:0031334	GO:0051130
GO:0031338	GO:0033043
GO:0031338	GO:0060627
GO:0031339	GO:0010639
GO:0031339	GO:0031338
GO:0031339	GO:0051051
GO:0031340	GO:0010638
GO:0031340	GO:0031338
GO:0031340	GO:0051050
GO:0031341	GO:0050794
GO:0031342	GO:0031341
GO:0031342	GO:0048523
GO:0031343	GO:0031341
GO:0031343	GO:0048522
GO:0031344	GO:0051128
GO:0031345	GO:0031344
GO:0031345	GO:0051129
GO:0031346	GO:0031344
GO:0031346	GO:0051130
GO:0031347	GO:0080134
GO:0031348	GO:0031347
GO:0031348	GO:0048585
GO:0031349	GO:0031347
GO:0031349	GO:0048584
GO:0031399	GO:0051246
GO:0031400	GO:0031399
GO:0031400	GO:0051248
GO:0031401	GO:0031399
GO:0031401	GO:0051247
GO:0031402	GO:0031420
GO:0031406	GO:0043168
GO:0031406	GO:0043177
GO:0031409	GO:0005488
GO:0031410	GO:0097708
GO:0031413	GO:0065007
GO:0031420	GO:0046872
GO:0031424	GO:0032501
GO:0031445	GO:0010468
GO:0031445	GO:0120261
GO:0031452	GO:0010628
GO:0031452	GO:0031445
GO:0031452	GO:0120262
GO:0031453	GO:0031445
GO:0031453	GO:0044089
GO:0031453	GO:0120263
GO:0031503	GO:0033036
GO:0031507	GO:0022607
GO:0031507	GO:0045814
GO:0031507	GO:0070828
GO:0031514	GO:0005929
GO:0031594	GO:0045202
GO:0031641	GO:0050794
GO:0031641	GO:0051960
GO:0031642	GO:0031641
GO:0031642	GO:0031645
GO:0031642	GO:0048523
GO:0031643	GO:0031641
GO:0031643	GO:0031646
GO:0031643	GO:0048522
GO:0031644	GO:0044057
GO:0031645	GO:0031644
GO:0031645	GO:0051241
GO:0031646	GO:0031644
GO:0031646	GO:0051240
GO:0031727	GO:0048020
GO:0031737	GO:0042379
GO:0031887	GO:0072384
GO:0031943	GO:0019218
GO:0031943	GO:0032350
GO:0031946	GO:0031943
GO:0031946	GO:0090030
GO:0031947	GO:0031946
GO:0031947	GO:0090032
GO:0031948	GO:0031946
GO:0031948	GO:0090031
GO:0031949	GO:0031943
GO:0031949	GO:0050994
GO:0031950	GO:0031949
GO:0031950	GO:0045939
GO:0031950	GO:0050995
GO:0031951	GO:0031949
GO:0031951	GO:0045940
GO:0031951	GO:0050996
GO:0031960	GO:0048545
GO:0031965	GO:0031090
GO:0031967	GO:0110165
GO:0031968	GO:0019867
GO:0031968	GO:0098588
GO:0031974	GO:0110165
GO:0031981	GO:0070013
GO:0031982	GO:0043227
GO:0031987	GO:0040011
GO:0032019	GO:0043232
GO:0032024	GO:0050714
GO:0032024	GO:0050796
GO:0032024	GO:0090277
GO:0032052	GO:0033293
GO:0032053	GO:0031023
GO:0032053	GO:0044782
GO:0032057	GO:0045947
GO:0032058	GO:0045948
GO:0032059	GO:0120025
GO:0032060	GO:0120031
GO:0032065	GO:0032507
GO:0032077	GO:0043085
GO:0032077	GO:0051054
GO:0032091	GO:0043393
GO:0032091	GO:0051100
GO:0032092	GO:0043393
GO:0032092	GO:0051099
GO:0032101	GO:0048583
GO:0032102	GO:0032101
GO:0032102	GO:0048585
GO:0032103	GO:0032101
GO:0032103	GO:0048584
GO:0032127	GO:0030667
GO:0032222	GO:0050804
GO:0032223	GO:0032222
GO:0032223	GO:0050805
GO:0032224	GO:0032222
GO:0032224	GO:0050806
GO:0032225	GO:0050804
GO:0032226	GO:0032225
GO:0032226	GO:0050806
GO:0032227	GO:0032225
GO:0032227	GO:0050805
GO:0032228	GO:0050804
GO:0032229	GO:0032228
GO:0032229	GO:0050805
GO:0032230	GO:0032228
GO:0032230	GO:0050806
GO:0032231	GO:0044087
GO:0032231	GO:0110053
GO:0032232	GO:0032231
GO:0032232	GO:0051494
GO:0032232	GO:1902904
GO:0032233	GO:0032231
GO:0032233	GO:0044089
GO:0032233	GO:0051495
GO:0032233	GO:1902905
GO:0032238	GO:0015858
GO:0032239	GO:0051049
GO:0032240	GO:0032239
GO:0032240	GO:0051051
GO:0032241	GO:0032239
GO:0032241	GO:0051050
GO:0032242	GO:0032239
GO:0032243	GO:0032240
GO:0032243	GO:0032242
GO:0032244	GO:0032241
GO:0032244	GO:0032242
GO:0032245	GO:0032242
GO:0032247	GO:0032243
GO:0032247	GO:0032245
GO:0032248	GO:0032244
GO:0032248	GO:0032245
GO:0032249	GO:0032245
GO:0032250	GO:0032247
GO:0032250	GO:0032249
GO:0032251	GO:0032248
GO:0032251	GO:0032249
GO:0032252	GO:0051648
GO:0032253	GO:0032252
GO:0032271	GO:0043254
GO:0032272	GO:0031333
GO:0032272	GO:0032271
GO:0032273	GO:0031334
GO:0032273	GO:0032271
GO:0032274	GO:0060986
GO:0032275	GO:0032274
GO:0032276	GO:0044060
GO:0032276	GO:0046883
GO:0032277	GO:0032276
GO:0032277	GO:0046888
GO:0032277	GO:0051241
GO:0032278	GO:0032276
GO:0032278	GO:0046887
GO:0032278	GO:0051240
GO:0032288	GO:0010927
GO:0032289	GO:0032288
GO:0032290	GO:0032288
GO:0032291	GO:0008366
GO:0032292	GO:0008366
GO:0032330	GO:0045595
GO:0032330	GO:0061035
GO:0032331	GO:0032330
GO:0032331	GO:0045596
GO:0032331	GO:0061037
GO:0032332	GO:0032330
GO:0032332	GO:0045597
GO:0032332	GO:0061036
GO:0032341	GO:0006081
GO:0032341	GO:0008207
GO:0032341	GO:0008212
GO:0032341	GO:0034308
GO:0032341	GO:0042180
GO:0032341	GO:0120254
GO:0032342	GO:0006700
GO:0032342	GO:0006705
GO:0032342	GO:0032341
GO:0032342	GO:0034309
GO:0032342	GO:0042181
GO:0032342	GO:0046184
GO:0032342	GO:0120255
GO:0032343	GO:0006712
GO:0032343	GO:0008208
GO:0032343	GO:0032341
GO:0032343	GO:0034310
GO:0032343	GO:0042182
GO:0032343	GO:0046185
GO:0032343	GO:0120256
GO:0032344	GO:0010565
GO:0032344	GO:0019218
GO:0032344	GO:0032350
GO:0032344	GO:0062012
GO:0032347	GO:0010566
GO:0032347	GO:0032344
GO:0032347	GO:0090030
GO:0032347	GO:1902930
GO:0032348	GO:0032347
GO:0032348	GO:0090032
GO:0032348	GO:1902931
GO:0032349	GO:0032347
GO:0032349	GO:0090031
GO:0032349	GO:1902932
GO:0032350	GO:0010817
GO:0032350	GO:0019222
GO:0032351	GO:0009892
GO:0032351	GO:0032350
GO:0032352	GO:0009893
GO:0032352	GO:0032350
GO:0032353	GO:0009890
GO:0032353	GO:0032351
GO:0032353	GO:0046885
GO:0032364	GO:0055082
GO:0032365	GO:0006869
GO:0032365	GO:0046907
GO:0032368	GO:0051049
GO:0032368	GO:1905952
GO:0032369	GO:0032368
GO:0032369	GO:0051051
GO:0032369	GO:1905953
GO:0032370	GO:0032368
GO:0032370	GO:0051050
GO:0032370	GO:1905954
GO:0032377	GO:0032368
GO:0032377	GO:0032386
GO:0032378	GO:0032369
GO:0032378	GO:0032377
GO:0032378	GO:0032387
GO:0032379	GO:0032370
GO:0032379	GO:0032377
GO:0032379	GO:0032388
GO:0032386	GO:0051049
GO:0032386	GO:0060341
GO:0032387	GO:0032386
GO:0032387	GO:0048523
GO:0032387	GO:0051051
GO:0032388	GO:0032386
GO:0032388	GO:0048522
GO:0032388	GO:0051050
GO:0032400	GO:0051875
GO:0032401	GO:0051905
GO:0032402	GO:0032400
GO:0032402	GO:0032401
GO:0032402	GO:0051904
GO:0032410	GO:0044092
GO:0032410	GO:0051051
GO:0032411	GO:0044093
GO:0032411	GO:0051050
GO:0032413	GO:0022898
GO:0032413	GO:0032410
GO:0032413	GO:0034766
GO:0032414	GO:0022898
GO:0032414	GO:0032411
GO:0032414	GO:0034767
GO:0032418	GO:1990849
GO:0032432	GO:0110165
GO:0032438	GO:0048753
GO:0032468	GO:0006874
GO:0032472	GO:0006816
GO:0032474	GO:0048598
GO:0032475	GO:0048646
GO:0032501	GO:0008150
GO:0032502	GO:0008150
GO:0032507	GO:0045185
GO:0032507	GO:0051651
GO:0032528	GO:0120036
GO:0032529	GO:0032528
GO:0032530	GO:0120035
GO:0032531	GO:0032530
GO:0032534	GO:0032530
GO:0032534	GO:0120032
GO:0032535	GO:0016043
GO:0032535	GO:0090066
GO:0032549	GO:0001882
GO:0032550	GO:0001883
GO:0032550	GO:0032549
GO:0032553	GO:0000166
GO:0032553	GO:0097367
GO:0032555	GO:0017076
GO:0032555	GO:0032553
GO:0032559	GO:0030554
GO:0032559	GO:0032555
GO:0032570	GO:0048545
GO:0032570	GO:1901654
GO:0032589	GO:0031253
GO:0032589	GO:0031256
GO:0032590	GO:0032589
GO:0032594	GO:0006886
GO:0032594	GO:0061024
GO:0032609	GO:0001816
GO:0032649	GO:0001817
GO:0032689	GO:0001818
GO:0032689	GO:0032649
GO:0032729	GO:0001819
GO:0032729	GO:0032649
GO:0032774	GO:0016070
GO:0032774	GO:0141187
GO:0032782	GO:0015718
GO:0032782	GO:0046717
GO:0032787	GO:0019752
GO:0032790	GO:1903008
GO:0032808	GO:0048732
GO:0032811	GO:0014060
GO:0032811	GO:0033604
GO:0032812	GO:0014060
GO:0032812	GO:0033605
GO:0032814	GO:0051249
GO:0032815	GO:0032814
GO:0032815	GO:0051250
GO:0032816	GO:0032814
GO:0032816	GO:0051251
GO:0032817	GO:0032814
GO:0032817	GO:0050670
GO:0032818	GO:0032815
GO:0032818	GO:0032817
GO:0032818	GO:0050672
GO:0032819	GO:0032816
GO:0032819	GO:0032817
GO:0032819	GO:0050671
GO:0032820	GO:0002697
GO:0032820	GO:0032817
GO:0032820	GO:0050776
GO:0032821	GO:0002698
GO:0032821	GO:0032818
GO:0032821	GO:0032820
GO:0032821	GO:0050777
GO:0032822	GO:0002699
GO:0032822	GO:0032819
GO:0032822	GO:0032820
GO:0032823	GO:0032814
GO:0032823	GO:0045619
GO:0032824	GO:0032815
GO:0032824	GO:0032823
GO:0032824	GO:0045620
GO:0032825	GO:0032816
GO:0032825	GO:0032823
GO:0032825	GO:0045621
GO:0032826	GO:0002697
GO:0032826	GO:0032823
GO:0032827	GO:0002698
GO:0032827	GO:0032824
GO:0032827	GO:0032826
GO:0032827	GO:0050777
GO:0032828	GO:0002699
GO:0032828	GO:0032825
GO:0032828	GO:0032826
GO:0032828	GO:0050778
GO:0032835	GO:0048856
GO:0032836	GO:0030198
GO:0032836	GO:0048856
GO:0032838	GO:0099568
GO:0032839	GO:0120111
GO:0032841	GO:0097644
GO:0032868	GO:0043434
GO:0032869	GO:0032868
GO:0032869	GO:0071375
GO:0032870	GO:0009725
GO:0032870	GO:0070887
GO:0032870	GO:0071495
GO:0032871	GO:1903353
GO:0032878	GO:0050794
GO:0032879	GO:0050789
GO:0032880	GO:0032879
GO:0032881	GO:0006109
GO:0032881	GO:0060255
GO:0032882	GO:0032881
GO:0032883	GO:0032882
GO:0032883	GO:0032885
GO:0032885	GO:0010556
GO:0032885	GO:0032881
GO:0032885	GO:0043255
GO:0032886	GO:0050794
GO:0032890	GO:0051049
GO:0032891	GO:0032890
GO:0032891	GO:0051051
GO:0032892	GO:0032890
GO:0032892	GO:0051050
GO:0032940	GO:0046903
GO:0032940	GO:0140352
GO:0032941	GO:0032501
GO:0032941	GO:0046903
GO:0032943	GO:0070661
GO:0032944	GO:0070663
GO:0032945	GO:0032944
GO:0032945	GO:0070664
GO:0032946	GO:0032944
GO:0032946	GO:0070665
GO:0032950	GO:0032881
GO:0032951	GO:0010962
GO:0032951	GO:0032950
GO:0032956	GO:0032970
GO:0032956	GO:0051493
GO:0032963	GO:0008152
GO:0032964	GO:0009058
GO:0032964	GO:0032963
GO:0032965	GO:0009889
GO:0032965	GO:0010712
GO:0032966	GO:0009890
GO:0032966	GO:0010713
GO:0032966	GO:0032965
GO:0032967	GO:0009891
GO:0032967	GO:0010714
GO:0032967	GO:0032965
GO:0032970	GO:0050794
GO:0032973	GO:0003333
GO:0032973	GO:0140115
GO:0032974	GO:0003333
GO:0032974	GO:0034486
GO:0032975	GO:0003333
GO:0032975	GO:0034486
GO:0032980	GO:0001775
GO:0032984	GO:0022411
GO:0032984	GO:0043933
GO:0032988	GO:0032984
GO:0032988	GO:0071826
GO:0032989	GO:0016043
GO:0032991	COB:0000080
GO:0032991	GO:0005575
GO:0032997	GO:0098797
GO:0033001	GO:0032997
GO:0033002	GO:0008283
GO:0033013	GO:0008152
GO:0033014	GO:0009058
GO:0033014	GO:0033013
GO:0033015	GO:0009056
GO:0033015	GO:0033013
GO:0033028	GO:0006915
GO:0033029	GO:0002682
GO:0033029	GO:0033032
GO:0033029	GO:2000106
GO:0033030	GO:0033029
GO:0033030	GO:0033033
GO:0033030	GO:2000107
GO:0033031	GO:0002684
GO:0033031	GO:0033029
GO:0033031	GO:0033034
GO:0033031	GO:2000108
GO:0033032	GO:0042981
GO:0033033	GO:0033032
GO:0033033	GO:0043066
GO:0033034	GO:0033032
GO:0033034	GO:0043065
GO:0033036	GO:0051179
GO:0033037	GO:0033036
GO:0033043	GO:0051128
GO:0033044	GO:0033043
GO:0033045	GO:0033044
GO:0033045	GO:0051983
GO:0033046	GO:0033045
GO:0033046	GO:0051985
GO:0033046	GO:2001251
GO:0033047	GO:0033045
GO:0033048	GO:0033046
GO:0033048	GO:0033047
GO:0033059	GO:0009987
GO:0033059	GO:0043473
GO:0033077	GO:0030217
GO:0033079	GO:0042098
GO:0033080	GO:0033079
GO:0033081	GO:0045580
GO:0033083	GO:0042129
GO:0033084	GO:0033083
GO:0033085	GO:0033081
GO:0033085	GO:0045581
GO:0033087	GO:0033083
GO:0033087	GO:0042130
GO:0033088	GO:0033084
GO:0033088	GO:0033085
GO:0033088	GO:0033087
GO:0033089	GO:0033081
GO:0033089	GO:0045582
GO:0033091	GO:0033083
GO:0033091	GO:0042102
GO:0033092	GO:0033084
GO:0033092	GO:0033091
GO:0033121	GO:0030811
GO:0033121	GO:1900542
GO:0033122	GO:0030812
GO:0033122	GO:0033121
GO:0033122	GO:1900543
GO:0033123	GO:0030813
GO:0033123	GO:0033121
GO:0033123	GO:1900544
GO:0033151	GO:0002562
GO:0033152	GO:0016447
GO:0033152	GO:0033151
GO:0033157	GO:0032386
GO:0033157	GO:0051223
GO:0033162	GO:0090741
GO:0033198	GO:0014074
GO:0033198	GO:0046683
GO:0033198	GO:1901700
GO:0033212	GO:0006826
GO:0033212	GO:0006879
GO:0033212	GO:0051649
GO:0033218	GO:0005488
GO:0033238	GO:0019222
GO:0033239	GO:0009892
GO:0033239	GO:0033238
GO:0033240	GO:0009893
GO:0033240	GO:0033238
GO:0033241	GO:0009894
GO:0033241	GO:0033238
GO:0033242	GO:0009895
GO:0033242	GO:0033239
GO:0033242	GO:0033241
GO:0033243	GO:0009896
GO:0033243	GO:0033240
GO:0033243	GO:0033241
GO:0033265	GO:0043169
GO:0033268	GO:0110165
GO:0033278	GO:0061351
GO:0033293	GO:0031406
GO:0033326	GO:0007589
GO:0033326	GO:0032941
GO:0033327	GO:0003006
GO:0033327	GO:0030154
GO:0033333	GO:0048736
GO:0033334	GO:0035107
GO:0033335	GO:0033338
GO:0033336	GO:0033338
GO:0033337	GO:0033338
GO:0033338	GO:0033333
GO:0033339	GO:0033333
GO:0033339	GO:0060173
GO:0033340	GO:0033333
GO:0033340	GO:0060173
GO:0033363	GO:0016050
GO:0033365	GO:0008104
GO:0033366	GO:0033365
GO:0033371	GO:0033363
GO:0033500	GO:0048878
GO:0033504	GO:0048856
GO:0033505	GO:0048598
GO:0033505	GO:0048729
GO:0033508	GO:0006538
GO:0033508	GO:0019605
GO:0033509	GO:0006538
GO:0033509	GO:0019541
GO:0033526	GO:0006536
GO:0033526	GO:0033014
GO:0033569	GO:0008320
GO:0033571	GO:0006826
GO:0033571	GO:0015031
GO:0033574	GO:0033993
GO:0033574	GO:1901654
GO:0033602	GO:0014059
GO:0033602	GO:0033604
GO:0033603	GO:0014059
GO:0033603	GO:0033605
GO:0033604	GO:0050433
GO:0033604	GO:0051953
GO:0033604	GO:1903531
GO:0033605	GO:0050433
GO:0033605	GO:0051954
GO:0033605	GO:1903532
GO:0033673	GO:0042326
GO:0033673	GO:0043086
GO:0033673	GO:0043549
GO:0033674	GO:0042327
GO:0033674	GO:0043085
GO:0033674	GO:0043549
GO:0033684	GO:0032276
GO:0033685	GO:0032277
GO:0033685	GO:0033684
GO:0033686	GO:0032278
GO:0033686	GO:0033684
GO:0033687	GO:0008283
GO:0033688	GO:0042127
GO:0033689	GO:0008285
GO:0033689	GO:0033688
GO:0033690	GO:0008284
GO:0033690	GO:0033688
GO:0033693	GO:0045110
GO:0033696	GO:0070828
GO:0033750	GO:0051640
GO:0033762	GO:0043434
GO:0033993	GO:0042221
GO:0034067	GO:0033365
GO:0034097	GO:1901652
GO:0034101	GO:0002262
GO:0034103	GO:0051239
GO:0034104	GO:0034103
GO:0034104	GO:0051241
GO:0034105	GO:0034103
GO:0034105	GO:0051240
GO:0034185	GO:0005515
GO:0034219	GO:0008643
GO:0034219	GO:0055085
GO:0034220	GO:0006811
GO:0034220	GO:0055085
GO:0034242	GO:0051093
GO:0034242	GO:0051129
GO:0034242	GO:0060142
GO:0034248	GO:0019222
GO:0034249	GO:0009892
GO:0034249	GO:0034248
GO:0034250	GO:0009893
GO:0034250	GO:0034248
GO:0034251	GO:0009894
GO:0034251	GO:0034248
GO:0034252	GO:0009895
GO:0034252	GO:0034249
GO:0034252	GO:0034251
GO:0034253	GO:0009896
GO:0034253	GO:0034250
GO:0034253	GO:0034251
GO:0034284	GO:0009743
GO:0034308	GO:0006066
GO:0034309	GO:0034308
GO:0034309	GO:0046165
GO:0034310	GO:0034308
GO:0034310	GO:0046164
GO:0034329	GO:0022607
GO:0034329	GO:0034330
GO:0034330	GO:0016043
GO:0034349	GO:0006915
GO:0034350	GO:0042981
GO:0034351	GO:0034350
GO:0034351	GO:0043066
GO:0034352	GO:0034350
GO:0034352	GO:0043065
GO:0034389	GO:0006996
GO:0034390	GO:0010657
GO:0034391	GO:0010660
GO:0034392	GO:0010656
GO:0034392	GO:0034391
GO:0034393	GO:0010661
GO:0034393	GO:0034391
GO:0034404	GO:0034654
GO:0034404	GO:0044283
GO:0034404	GO:0055086
GO:0034429	GO:0021952
GO:0034436	GO:0015031
GO:0034436	GO:1901264
GO:0034486	GO:0055085
GO:0034487	GO:0003333
GO:0034502	GO:0033365
GO:0034504	GO:0033365
GO:0034505	GO:0031214
GO:0034654	GO:0006139
GO:0034654	GO:0009058
GO:0034655	GO:0006139
GO:0034655	GO:0009056
GO:0034656	GO:0034655
GO:0034656	GO:0044282
GO:0034656	GO:0055086
GO:0034672	GO:0039017
GO:0034672	GO:0072098
GO:0034755	GO:0006826
GO:0034755	GO:0098655
GO:0034756	GO:0010959
GO:0034757	GO:0034756
GO:0034757	GO:0043271
GO:0034758	GO:0034756
GO:0034758	GO:0043270
GO:0034759	GO:0034756
GO:0034759	GO:1904062
GO:0034760	GO:0034757
GO:0034760	GO:0034759
GO:0034760	GO:1904063
GO:0034761	GO:0034758
GO:0034761	GO:0034759
GO:0034761	GO:1904064
GO:0034762	GO:0050794
GO:0034762	GO:0051049
GO:0034763	GO:0034762
GO:0034763	GO:0048523
GO:0034763	GO:0051051
GO:0034764	GO:0034762
GO:0034764	GO:0048522
GO:0034764	GO:0051050
GO:0034765	GO:0034762
GO:0034765	GO:0043269
GO:0034766	GO:0034763
GO:0034766	GO:0034765
GO:0034766	GO:0043271
GO:0034767	GO:0034764
GO:0034767	GO:0034765
GO:0034767	GO:0043270
GO:0034769	GO:0022617
GO:0034769	GO:0071711
GO:0034776	GO:1901698
GO:0035019	GO:0019827
GO:0035039	GO:0006997
GO:0035039	GO:0070925
GO:0035040	GO:0051081
GO:0035045	GO:0007009
GO:0035045	GO:0022412
GO:0035045	GO:0030397
GO:0035050	GO:0035295
GO:0035050	GO:0060429
GO:0035051	GO:0030154
GO:0035082	GO:0001578
GO:0035082	GO:0022607
GO:0035099	GO:0016477
GO:0035107	GO:0009653
GO:0035108	GO:0035107
GO:0035112	GO:0003006
GO:0035112	GO:0009887
GO:0035114	GO:0035107
GO:0035120	GO:0009886
GO:0035120	GO:0035107
GO:0035136	GO:0035108
GO:0035137	GO:0035108
GO:0035138	GO:0033334
GO:0035139	GO:0033334
GO:0035141	GO:0033334
GO:0035142	GO:0035141
GO:0035143	GO:0035141
GO:0035144	GO:0035141
GO:0035148	GO:0048646
GO:0035162	GO:0030097
GO:0035162	GO:0048568
GO:0035172	GO:0002376
GO:0035172	GO:0008283
GO:0035188	GO:0071684
GO:0035190	GO:0007097
GO:0035206	GO:0002682
GO:0035206	GO:0042127
GO:0035206	GO:0050793
GO:0035206	GO:0051239
GO:0035207	GO:0002683
GO:0035207	GO:0008285
GO:0035207	GO:0035206
GO:0035208	GO:0002684
GO:0035208	GO:0008284
GO:0035208	GO:0035206
GO:0035209	GO:0002165
GO:0035211	GO:0009887
GO:0035214	GO:0007444
GO:0035216	GO:0007444
GO:0035218	GO:0007444
GO:0035220	GO:0007444
GO:0035234	GO:0003006
GO:0035234	GO:0010623
GO:0035239	GO:0009653
GO:0035240	GO:0043169
GO:0035240	GO:1901338
GO:0035249	GO:0007268
GO:0035260	GO:0035112
GO:0035261	GO:0035112
GO:0035262	GO:0003006
GO:0035262	GO:0009887
GO:0035264	GO:0032501
GO:0035264	GO:0048589
GO:0035265	GO:0032501
GO:0035265	GO:0048589
GO:0035270	GO:0048731
GO:0035272	GO:0048731
GO:0035282	GO:0003002
GO:0035290	GO:0035282
GO:0035295	GO:0048856
GO:0035315	GO:0009913
GO:0035315	GO:0030182
GO:0035316	GO:0120036
GO:0035317	GO:0035316
GO:0035322	GO:0090497
GO:0035369	GO:0098796
GO:0035372	GO:0072698
GO:0035374	GO:0005539
GO:0035374	GO:1901681
GO:0035377	GO:0006833
GO:0035377	GO:0042045
GO:0035378	GO:0015670
GO:0035378	GO:0055085
GO:0035379	GO:0022857
GO:0035418	GO:1902414
GO:0035433	GO:0006846
GO:0035433	GO:1905039
GO:0035435	GO:0006817
GO:0035435	GO:0055085
GO:0035441	GO:0016477
GO:0035493	GO:0065003
GO:0035494	GO:0032984
GO:0035495	GO:0043244
GO:0035540	GO:0035495
GO:0035540	GO:0043243
GO:0035540	GO:0051050
GO:0035541	GO:0035495
GO:0035541	GO:0043242
GO:0035541	GO:0051051
GO:0035542	GO:0043254
GO:0035543	GO:0031334
GO:0035543	GO:0031340
GO:0035543	GO:0035542
GO:0035544	GO:0031333
GO:0035544	GO:0031339
GO:0035544	GO:0035542
GO:0035556	GO:0007165
GO:0035562	GO:0051100
GO:0035563	GO:0051099
GO:0035577	GO:0005765
GO:0035577	GO:0030667
GO:0035588	GO:0007186
GO:0035588	GO:0035590
GO:0035589	GO:0035590
GO:0035590	GO:0007166
GO:0035592	GO:0045184
GO:0035622	GO:0061009
GO:0035627	GO:0006869
GO:0035627	GO:0042886
GO:0035628	GO:0061009
GO:0035630	GO:0030282
GO:0035639	GO:0043168
GO:0035639	GO:1901265
GO:0035639	GO:1901363
GO:0035645	GO:0051145
GO:0035675	GO:0048666
GO:0035676	GO:0035675
GO:0035677	GO:0035675
GO:0035678	GO:0048667
GO:0035700	GO:0043615
GO:0035700	GO:0060326
GO:0035701	GO:0016477
GO:0035702	GO:0001776
GO:0035702	GO:0002262
GO:0035719	GO:0006404
GO:0035719	GO:0051031
GO:0035725	GO:0006814
GO:0035725	GO:0098655
GO:0035733	GO:0072537
GO:0035735	GO:0042073
GO:0035736	GO:0008283
GO:0035747	GO:0048247
GO:0035754	GO:0048247
GO:0035761	GO:0071695
GO:0035762	GO:0009653
GO:0035764	GO:0048646
GO:0035765	GO:0021535
GO:0035767	GO:0043542
GO:0035767	GO:0060326
GO:0035773	GO:0030073
GO:0035773	GO:0051649
GO:0035774	GO:0032024
GO:0035774	GO:0061178
GO:0035775	GO:0072102
GO:0035776	GO:0039020
GO:0035776	GO:0072014
GO:0035777	GO:0039020
GO:0035777	GO:0072017
GO:0035778	GO:0039014
GO:0035778	GO:0072160
GO:0035779	GO:0048863
GO:0035787	GO:0016477
GO:0035788	GO:0035787
GO:0035799	GO:0048799
GO:0035801	GO:0048856
GO:0035802	GO:0048646
GO:0035803	GO:0022412
GO:0035809	GO:0003014
GO:0035809	GO:0050878
GO:0035834	GO:0009820
GO:0035835	GO:0009821
GO:0035835	GO:0035834
GO:0035844	GO:0048856
GO:0035845	GO:0016043
GO:0035846	GO:0003006
GO:0035846	GO:0060429
GO:0035847	GO:0035846
GO:0035848	GO:0009887
GO:0035848	GO:0035239
GO:0035850	GO:0030855
GO:0035850	GO:0061005
GO:0035855	GO:0061515
GO:0035864	GO:0010038
GO:0035865	GO:0035864
GO:0035865	GO:0071248
GO:0035869	GO:0110165
GO:0035878	GO:0048856
GO:0035881	GO:0021953
GO:0035883	GO:0030855
GO:0035886	GO:0051145
GO:0035887	GO:0035886
GO:0035898	GO:0060986
GO:0035904	GO:0060840
GO:0035905	GO:0048856
GO:0035906	GO:0048856
GO:0035907	GO:0035904
GO:0035908	GO:0035904
GO:0035909	GO:0048844
GO:0035910	GO:0009653
GO:0035911	GO:0009653
GO:0035912	GO:0035909
GO:0035913	GO:0035909
GO:0035914	GO:0030154
GO:0035921	GO:0002934
GO:0035921	GO:0150147
GO:0035929	GO:0060986
GO:0035929	GO:0140353
GO:0035930	GO:0035929
GO:0035931	GO:0035930
GO:0035932	GO:0015850
GO:0035932	GO:0035931
GO:0035933	GO:0035930
GO:0035935	GO:0035929
GO:0035936	GO:0015850
GO:0035936	GO:0046879
GO:0035936	GO:0140353
GO:0035981	GO:0098528
GO:0035987	GO:0030154
GO:0035989	GO:0061448
GO:0035990	GO:0030154
GO:0035992	GO:0048646
GO:0035993	GO:0048856
GO:0036022	GO:0009653
GO:0036035	GO:0061515
GO:0036035	GO:0098751
GO:0036053	GO:0046930
GO:0036064	GO:0005815
GO:0036072	GO:0001503
GO:0036073	GO:0001957
GO:0036074	GO:0036072
GO:0036075	GO:0001503
GO:0036093	GO:0008283
GO:0036094	GO:0005488
GO:0036099	GO:0030718
GO:0036135	GO:0008347
GO:0036145	GO:0001776
GO:0036147	GO:0022600
GO:0036160	GO:0030072
GO:0036161	GO:0030072
GO:0036179	GO:0048469
GO:0036194	GO:0120025
GO:0036195	GO:0031253
GO:0036211	GO:0019538
GO:0036211	GO:0043412
GO:0036230	GO:0002274
GO:0036293	GO:0070482
GO:0036302	GO:0048856
GO:0036303	GO:0009653
GO:0036304	GO:0009653
GO:0036305	GO:0002065
GO:0036333	GO:0048872
GO:0036334	GO:0048872
GO:0036336	GO:0071674
GO:0036342	GO:0009653
GO:0036344	GO:0000902
GO:0036345	GO:0048469
GO:0036376	GO:0035725
GO:0036376	GO:0140115
GO:0036379	GO:0110165
GO:0036477	GO:0110165
GO:0036484	GO:0001755
GO:0036504	GO:0090174
GO:0036520	GO:0150098
GO:0038023	GO:0060089
GO:0038161	GO:0009755
GO:0038161	GO:0019221
GO:0038169	GO:0007186
GO:0038170	GO:0009755
GO:0038170	GO:0038169
GO:0038187	GO:0038023
GO:0039006	GO:0072079
GO:0039007	GO:0072028
GO:0039008	GO:0072078
GO:0039009	GO:0048856
GO:0039011	GO:0039008
GO:0039011	GO:0072158
GO:0039013	GO:0039008
GO:0039013	GO:0072156
GO:0039014	GO:0061005
GO:0039015	GO:0072111
GO:0039016	GO:0060995
GO:0039017	GO:0061004
GO:0039018	GO:0048856
GO:0039019	GO:0072006
GO:0039020	GO:0072080
GO:0039021	GO:0032835
GO:0039022	GO:0072176
GO:0039023	GO:0072178
GO:0040002	GO:0042335
GO:0040003	GO:0042335
GO:0040007	GO:0008150
GO:0040008	GO:0050789
GO:0040011	GO:0008150
GO:0040012	GO:0050789
GO:0040013	GO:0040012
GO:0040013	GO:0048519
GO:0040014	GO:0048638
GO:0040014	GO:0051239
GO:0040015	GO:0040014
GO:0040015	GO:0048640
GO:0040015	GO:0051241
GO:0040016	GO:0051301
GO:0040017	GO:0040012
GO:0040017	GO:0048518
GO:0040018	GO:0040014
GO:0040018	GO:0048639
GO:0040018	GO:0051240
GO:0040019	GO:0045995
GO:0040019	GO:0051094
GO:0040019	GO:0051240
GO:0040020	GO:0010564
GO:0040020	GO:0051445
GO:0040020	GO:0051783
GO:0040029	GO:0006338
GO:0040029	GO:0010468
GO:0040034	GO:0050793
GO:0042044	GO:0006810
GO:0042045	GO:0042044
GO:0042045	GO:0070633
GO:0042048	GO:0007635
GO:0042053	GO:0042069
GO:0042060	GO:0009611
GO:0042063	GO:0022008
GO:0042065	GO:0048588
GO:0042069	GO:0033238
GO:0042069	GO:0080090
GO:0042073	GO:0010970
GO:0042074	GO:0001667
GO:0042078	GO:0017145
GO:0042092	GO:0006955
GO:0042098	GO:0042110
GO:0042098	GO:0046651
GO:0042100	GO:0042113
GO:0042100	GO:0046651
GO:0042102	GO:0042129
GO:0042102	GO:0050671
GO:0042102	GO:0050870
GO:0042103	GO:0042102
GO:0042103	GO:0046013
GO:0042110	GO:0046649
GO:0042113	GO:0046649
GO:0042116	GO:0002274
GO:0042117	GO:0002274
GO:0042118	GO:0001775
GO:0042119	GO:0036230
GO:0042127	GO:0050794
GO:0042129	GO:0050670
GO:0042129	GO:0050863
GO:0042130	GO:0042129
GO:0042130	GO:0050672
GO:0042130	GO:0050868
GO:0042157	GO:0019538
GO:0042158	GO:0009059
GO:0042158	GO:0042157
GO:0042159	GO:0030163
GO:0042159	GO:0042157
GO:0042166	GO:0043169
GO:0042175	GO:0016020
GO:0042176	GO:0009894
GO:0042176	GO:0051246
GO:0042177	GO:0009895
GO:0042177	GO:0042176
GO:0042177	GO:0051248
GO:0042178	GO:0006805
GO:0042178	GO:0009056
GO:0042180	GO:0008152
GO:0042181	GO:0042180
GO:0042181	GO:0044283
GO:0042182	GO:0042180
GO:0042182	GO:0044282
GO:0042183	GO:0015942
GO:0042183	GO:0072329
GO:0042203	GO:0018970
GO:0042203	GO:0042178
GO:0042203	GO:0072491
GO:0042203	GO:0120253
GO:0042214	GO:0006720
GO:0042214	GO:0120252
GO:0042219	GO:0006575
GO:0042219	GO:0009056
GO:0042221	GO:0050896
GO:0042246	GO:0031099
GO:0042246	GO:0048589
GO:0042254	GO:0022613
GO:0042255	GO:0140694
GO:0042267	GO:0001909
GO:0042267	GO:0002228
GO:0042269	GO:0001910
GO:0042269	GO:0002715
GO:0042277	GO:0005488
GO:0042278	GO:0009116
GO:0042278	GO:0072521
GO:0042301	GO:0043168
GO:0042303	GO:0032501
GO:0042304	GO:0019217
GO:0042304	GO:0046890
GO:0042306	GO:0033157
GO:0042306	GO:0046822
GO:0042306	GO:1900180
GO:0042307	GO:0042306
GO:0042307	GO:0046824
GO:0042307	GO:0090316
GO:0042307	GO:1900182
GO:0042308	GO:0042306
GO:0042308	GO:0046823
GO:0042308	GO:0090317
GO:0042308	GO:1900181
GO:0042321	GO:0042754
GO:0042321	GO:0045187
GO:0042321	GO:0048521
GO:0042323	GO:0042321
GO:0042323	GO:0045188
GO:0042325	GO:0051174
GO:0042326	GO:0042325
GO:0042326	GO:0045936
GO:0042327	GO:0042325
GO:0042327	GO:0045937
GO:0042330	GO:0040011
GO:0042335	GO:0048856
GO:0042337	GO:0040003
GO:0042379	GO:0001664
GO:0042379	GO:0005126
GO:0042386	GO:0002376
GO:0042386	GO:0030154
GO:0042391	GO:0065008
GO:0042398	GO:0006575
GO:0042398	GO:0009058
GO:0042401	GO:0006576
GO:0042401	GO:0009309
GO:0042402	GO:0009310
GO:0042403	GO:0006575
GO:0042403	GO:0018958
GO:0042403	GO:0042445
GO:0042414	GO:0006584
GO:0042415	GO:0006584
GO:0042416	GO:0042417
GO:0042416	GO:0042423
GO:0042417	GO:0006584
GO:0042418	GO:0042414
GO:0042418	GO:0042423
GO:0042419	GO:0042414
GO:0042419	GO:0042424
GO:0042420	GO:0042417
GO:0042420	GO:0042424
GO:0042421	GO:0042415
GO:0042421	GO:0042423
GO:0042422	GO:0042415
GO:0042422	GO:0042424
GO:0042423	GO:0006584
GO:0042423	GO:0009713
GO:0042423	GO:0042401
GO:0042424	GO:0006584
GO:0042424	GO:0019614
GO:0042424	GO:0042402
GO:0042425	GO:0019695
GO:0042425	GO:0042401
GO:0042426	GO:0019695
GO:0042426	GO:0042402
GO:0042427	GO:0042428
GO:0042427	GO:0042435
GO:0042427	GO:0046189
GO:0042427	GO:1901162
GO:0042428	GO:0018958
GO:0042428	GO:0042430
GO:0042429	GO:0019336
GO:0042429	GO:0042428
GO:0042429	GO:0042436
GO:0042429	GO:1901161
GO:0042430	GO:0008152
GO:0042435	GO:0009058
GO:0042435	GO:0042430
GO:0042436	GO:0009056
GO:0042436	GO:0042430
GO:0042440	GO:0008152
GO:0042442	GO:0030186
GO:0042442	GO:0042436
GO:0042442	GO:0042447
GO:0042445	GO:0008152
GO:0042445	GO:0010817
GO:0042446	GO:0009058
GO:0042446	GO:0042445
GO:0042447	GO:0009056
GO:0042447	GO:0042445
GO:0042448	GO:0008207
GO:0042448	GO:0042180
GO:0042448	GO:0120254
GO:0042451	GO:0009163
GO:0042451	GO:0042278
GO:0042451	GO:0072522
GO:0042454	GO:0009119
GO:0042454	GO:0009164
GO:0042455	GO:0009119
GO:0042455	GO:0009163
GO:0042461	GO:0048666
GO:0042462	GO:0042461
GO:0042470	GO:0048770
GO:0042471	GO:0048562
GO:0042471	GO:0090596
GO:0042472	GO:0048598
GO:0042473	GO:0048598
GO:0042474	GO:0048598
GO:0042475	GO:0042476
GO:0042476	GO:0009887
GO:0042478	GO:0046532
GO:0042478	GO:0060284
GO:0042479	GO:0010720
GO:0042479	GO:0042478
GO:0042479	GO:0046534
GO:0042480	GO:0010721
GO:0042480	GO:0042478
GO:0042481	GO:2000027
GO:0042482	GO:0042481
GO:0042482	GO:0110110
GO:0042483	GO:0042481
GO:0042483	GO:0110111
GO:0042487	GO:0042481
GO:0042488	GO:0042482
GO:0042488	GO:0042487
GO:0042489	GO:0042483
GO:0042489	GO:0042487
GO:0042490	GO:0030182
GO:0042491	GO:0035315
GO:0042491	GO:0060113
GO:0042537	GO:0008152
GO:0042551	GO:0048469
GO:0042552	GO:0008366
GO:0042562	GO:0005488
GO:0042571	GO:0019814
GO:0042582	GO:0005766
GO:0042582	GO:0030141
GO:0042585	GO:0001674
GO:0042588	GO:0030141
GO:0042589	GO:0030667
GO:0042592	GO:0008150
GO:0042593	GO:0033500
GO:0042599	GO:0030141
GO:0042600	GO:0030312
GO:0042611	GO:0098797
GO:0042613	GO:0042611
GO:0042633	GO:0042303
GO:0042634	GO:0051239
GO:0042635	GO:0042634
GO:0042635	GO:0051240
GO:0042636	GO:0042634
GO:0042636	GO:0051241
GO:0042641	GO:0110165
GO:0042670	GO:0060219
GO:0042692	GO:0030154
GO:0042698	GO:0048511
GO:0042698	GO:0048609
GO:0042701	GO:0022412
GO:0042701	GO:0022602
GO:0042701	GO:0035929
GO:0042702	GO:0022602
GO:0042702	GO:0048589
GO:0042713	GO:0048609
GO:0042745	GO:0048512
GO:0042748	GO:0022410
GO:0042749	GO:0042752
GO:0042749	GO:0050795
GO:0042752	GO:0050789
GO:0042753	GO:0042752
GO:0042753	GO:0048518
GO:0042754	GO:0042752
GO:0042754	GO:0048519
GO:0042762	GO:0019222
GO:0042886	GO:0071705
GO:0042887	GO:0022857
GO:0042923	GO:0042277
GO:0042940	GO:0006865
GO:0042940	GO:0046942
GO:0042940	GO:0071705
GO:0042943	GO:0015171
GO:0042943	GO:0046943
GO:0042953	GO:0015031
GO:0042953	GO:0044872
GO:0042981	GO:0043067
GO:0042995	GO:0110165
GO:0042996	GO:0051223
GO:0042996	GO:0060627
GO:0042996	GO:1903076
GO:0042997	GO:0042996
GO:0042997	GO:0051224
GO:0042997	GO:1903077
GO:0042998	GO:0042996
GO:0042998	GO:0051222
GO:0042998	GO:1903078
GO:0043001	GO:0006893
GO:0043001	GO:0015031
GO:0043001	GO:0061951
GO:0043001	GO:0072659
GO:0043005	GO:0120025
GO:0043009	GO:0009792
GO:0043010	GO:0001654
GO:0043011	GO:0001773
GO:0043011	GO:0002573
GO:0043011	GO:0097028
GO:0043021	GO:0044877
GO:0043022	GO:0043021
GO:0043025	GO:0044297
GO:0043029	GO:0002260
GO:0043030	GO:0002694
GO:0043031	GO:0002695
GO:0043031	GO:0043030
GO:0043032	GO:0002696
GO:0043032	GO:0043030
GO:0043038	GO:0006520
GO:0043039	GO:0006399
GO:0043039	GO:0043038
GO:0043043	GO:0006518
GO:0043043	GO:0009058
GO:0043049	GO:0060788
GO:0043062	GO:0016043
GO:0043065	GO:0042981
GO:0043065	GO:0043068
GO:0043066	GO:0042981
GO:0043066	GO:0043069
GO:0043067	GO:0050794
GO:0043068	GO:0043067
GO:0043068	GO:0048522
GO:0043069	GO:0043067
GO:0043069	GO:0048523
GO:0043073	GO:0005634
GO:0043083	GO:0005576
GO:0043084	GO:0048609
GO:0043085	GO:0044093
GO:0043085	GO:0050790
GO:0043086	GO:0044092
GO:0043086	GO:0050790
GO:0043114	GO:0003018
GO:0043114	GO:0065008
GO:0043116	GO:0043114
GO:0043117	GO:0043114
GO:0043129	GO:0140962
GO:0043133	GO:0006939
GO:0043133	GO:0022600
GO:0043134	GO:0006940
GO:0043134	GO:0044058
GO:0043143	GO:0006417
GO:0043143	GO:0008104
GO:0043167	GO:0036094
GO:0043168	GO:0043167
GO:0043169	GO:0043167
GO:0043170	GO:0008152
GO:0043171	GO:0006518
GO:0043171	GO:0009056
GO:0043176	GO:0005488
GO:0043177	GO:0036094
GO:0043178	GO:0036094
GO:0043184	GO:0005172
GO:0043199	GO:0043168
GO:0043199	GO:1901681
GO:0043200	GO:0001101
GO:0043207	GO:0009605
GO:0043207	GO:0009607
GO:0043208	GO:0046625
GO:0043208	GO:0051861
GO:0043209	GO:0110165
GO:0043226	GO:0110165
GO:0043227	GO:0043226
GO:0043228	GO:0043226
GO:0043229	GO:0043226
GO:0043230	GO:0043226
GO:0043231	GO:0043227
GO:0043231	GO:0043229
GO:0043232	GO:0043228
GO:0043232	GO:0043229
GO:0043233	GO:0031974
GO:0043235	GO:0032991
GO:0043242	GO:0043244
GO:0043242	GO:0051129
GO:0043243	GO:0043244
GO:0043243	GO:0051130
GO:0043244	GO:0051128
GO:0043249	GO:0048469
GO:0043254	GO:0044087
GO:0043254	GO:0051128
GO:0043255	GO:0006109
GO:0043255	GO:0009889
GO:0043264	GO:0043228
GO:0043264	GO:0043230
GO:0043266	GO:0010959
GO:0043267	GO:0043266
GO:0043267	GO:0043271
GO:0043268	GO:0043266
GO:0043268	GO:0043270
GO:0043269	GO:0051049
GO:0043270	GO:0043269
GO:0043270	GO:0051050
GO:0043271	GO:0043269
GO:0043271	GO:0051051
GO:0043279	GO:1901698
GO:0043282	GO:0007517
GO:0043292	GO:0043232
GO:0043292	GO:0099512
GO:0043296	GO:0005911
GO:0043297	GO:0007043
GO:0043299	GO:0002252
GO:0043299	GO:0045055
GO:0043299	GO:0051649
GO:0043300	GO:0002697
GO:0043300	GO:1903305
GO:0043301	GO:0002698
GO:0043301	GO:0043300
GO:0043301	GO:1903306
GO:0043302	GO:0002699
GO:0043302	GO:0043300
GO:0043302	GO:1903307
GO:0043312	GO:0043299
GO:0043313	GO:0002886
GO:0043313	GO:0043300
GO:0043313	GO:0050776
GO:0043314	GO:0002887
GO:0043314	GO:0043301
GO:0043314	GO:0043313
GO:0043314	GO:0050777
GO:0043315	GO:0002888
GO:0043315	GO:0043302
GO:0043315	GO:0043313
GO:0043315	GO:0050778
GO:0043320	GO:0043299
GO:0043321	GO:0042269
GO:0043321	GO:0043300
GO:0043322	GO:0043301
GO:0043322	GO:0043321
GO:0043322	GO:0045953
GO:0043323	GO:0043302
GO:0043323	GO:0043321
GO:0043323	GO:0045954
GO:0043324	GO:0043474
GO:0043353	GO:0030218
GO:0043354	GO:0043249
GO:0043362	GO:0043249
GO:0043363	GO:0030218
GO:0043388	GO:0051099
GO:0043388	GO:0051101
GO:0043392	GO:0051100
GO:0043392	GO:0051101
GO:0043393	GO:0051098
GO:0043403	GO:0042246
GO:0043412	GO:0043170
GO:0043415	GO:0043416
GO:0043415	GO:0048639
GO:0043416	GO:0032101
GO:0043416	GO:0048638
GO:0043416	GO:2000026
GO:0043417	GO:0043416
GO:0043417	GO:0048640
GO:0043417	GO:0061045
GO:0043434	GO:0009725
GO:0043434	GO:1901698
GO:0043434	GO:1901700
GO:0043436	GO:0006082
GO:0043447	GO:0120251
GO:0043448	GO:0120253
GO:0043455	GO:0019222
GO:0043465	GO:0043467
GO:0043467	GO:0019222
GO:0043470	GO:0006109
GO:0043470	GO:0009894
GO:0043473	GO:0008150
GO:0043474	GO:0042440
GO:0043500	GO:0003012
GO:0043500	GO:0050896
GO:0043501	GO:0014888
GO:0043502	GO:0048583
GO:0043502	GO:0090257
GO:0043523	GO:0042981
GO:0043524	GO:0043066
GO:0043524	GO:0043523
GO:0043525	GO:0043065
GO:0043525	GO:0043523
GO:0043531	GO:0032559
GO:0043531	GO:0043168
GO:0043534	GO:0043542
GO:0043535	GO:0010594
GO:0043536	GO:0010595
GO:0043536	GO:0043535
GO:0043537	GO:0010596
GO:0043537	GO:0043535
GO:0043542	GO:0016477
GO:0043549	GO:0042325
GO:0043549	GO:0051338
GO:0043559	GO:0005515
GO:0043559	GO:0017046
GO:0043576	GO:0051239
GO:0043583	GO:0007423
GO:0043584	GO:0007423
GO:0043585	GO:0090596
GO:0043586	GO:0007423
GO:0043587	GO:0090596
GO:0043588	GO:0048513
GO:0043589	GO:0009887
GO:0043603	GO:0008152
GO:0043604	GO:0009058
GO:0043604	GO:0043603
GO:0043605	GO:0009056
GO:0043605	GO:0043603
GO:0043615	GO:0008347
GO:0043616	GO:0050673
GO:0043648	GO:0019752
GO:0043649	GO:0043648
GO:0043649	GO:0046395
GO:0043650	GO:0043648
GO:0043650	GO:0046394
GO:0043695	GO:0009593
GO:0043695	GO:0019236
GO:0043931	GO:0001503
GO:0043932	GO:0001503
GO:0043933	GO:0016043
GO:0044042	GO:0005976
GO:0044057	GO:0051239
GO:0044058	GO:0044057
GO:0044060	GO:0044057
GO:0044062	GO:0044057
GO:0044062	GO:0051046
GO:0044065	GO:0043576
GO:0044065	GO:0044057
GO:0044085	GO:0071840
GO:0044087	GO:0050794
GO:0044088	GO:0033043
GO:0044089	GO:0044087
GO:0044089	GO:0048522
GO:0044090	GO:0010638
GO:0044090	GO:0044088
GO:0044091	GO:0044085
GO:0044092	GO:0065009
GO:0044093	GO:0065009
GO:0044207	GO:1990904
GO:0044238	GO:0008152
GO:0044258	GO:0016042
GO:0044272	GO:0006790
GO:0044272	GO:0009058
GO:0044273	GO:0006790
GO:0044273	GO:0009056
GO:0044281	GO:0008152
GO:0044282	GO:0009056
GO:0044282	GO:0044281
GO:0044283	GO:0009058
GO:0044283	GO:0044281
GO:0044292	GO:0110165
GO:0044293	GO:0044292
GO:0044297	GO:0110165
GO:0044304	GO:0110165
GO:0044342	GO:0050673
GO:0044346	GO:0006915
GO:0044380	GO:0033365
GO:0044419	GO:0008150
GO:0044423	GO:0005575
GO:0044458	GO:0060271
GO:0044550	GO:0009058
GO:0044550	GO:0019748
GO:0044565	GO:0032943
GO:0044566	GO:0001775
GO:0044591	GO:1901700
GO:0044703	GO:0022414
GO:0044706	GO:0032501
GO:0044743	GO:0033365
GO:0044743	GO:0065002
GO:0044743	GO:0072594
GO:0044782	GO:0006996
GO:0044782	GO:0120036
GO:0044848	GO:0008150
GO:0044872	GO:0033036
GO:0044873	GO:0044872
GO:0044873	GO:0051668
GO:0044874	GO:0044873
GO:0044877	GO:0005488
GO:0045009	GO:0031410
GO:0045026	GO:0007009
GO:0045026	GO:0061025
GO:0045028	GO:0001614
GO:0045028	GO:0004930
GO:0045031	GO:0045028
GO:0045055	GO:0006887
GO:0045058	GO:0002376
GO:0045087	GO:0006955
GO:0045087	GO:0140546
GO:0045088	GO:0002831
GO:0045088	GO:0031347
GO:0045088	GO:0032101
GO:0045088	GO:0050776
GO:0045089	GO:0002833
GO:0045089	GO:0031349
GO:0045089	GO:0032103
GO:0045089	GO:0045088
GO:0045089	GO:0050778
GO:0045095	GO:0005882
GO:0045103	GO:0009987
GO:0045104	GO:0007010
GO:0045104	GO:0045103
GO:0045109	GO:0045104
GO:0045109	GO:0097435
GO:0045110	GO:0022607
GO:0045110	GO:0045109
GO:0045111	GO:0005856
GO:0045117	GO:0055085
GO:0045117	GO:0071705
GO:0045120	GO:0005634
GO:0045124	GO:0046850
GO:0045132	GO:0098813
GO:0045132	GO:1903046
GO:0045137	GO:0003006
GO:0045144	GO:0000819
GO:0045144	GO:0045132
GO:0045144	GO:0070192
GO:0045165	GO:0048869
GO:0045168	GO:0007267
GO:0045177	GO:0110165
GO:0045179	GO:0099738
GO:0045184	GO:0051234
GO:0045185	GO:0051235
GO:0045187	GO:0042749
GO:0045188	GO:0045187
GO:0045190	GO:0002204
GO:0045190	GO:0002312
GO:0045191	GO:0000018
GO:0045191	GO:0002637
GO:0045191	GO:0002889
GO:0045191	GO:0050864
GO:0045196	GO:0007163
GO:0045200	GO:0030010
GO:0045200	GO:0045196
GO:0045202	GO:0030054
GO:0045211	GO:0097060
GO:0045214	GO:0031032
GO:0045216	GO:0034330
GO:0045229	GO:0016043
GO:0045296	GO:0050839
GO:0045299	GO:0031214
GO:0045321	GO:0001775
GO:0045321	GO:0002376
GO:0045443	GO:0046865
GO:0045443	GO:0060986
GO:0045443	GO:0140353
GO:0045444	GO:0030154
GO:0045445	GO:0030154
GO:0045446	GO:0030855
GO:0045453	GO:0001894
GO:0045570	GO:0048638
GO:0045571	GO:0045570
GO:0045571	GO:0048640
GO:0045572	GO:0045570
GO:0045572	GO:0048639
GO:0045577	GO:0045619
GO:0045577	GO:0050864
GO:0045578	GO:0045577
GO:0045578	GO:0045620
GO:0045578	GO:0050869
GO:0045579	GO:0045577
GO:0045579	GO:0045621
GO:0045579	GO:0050871
GO:0045580	GO:0045619
GO:0045580	GO:0050863
GO:0045581	GO:0045580
GO:0045581	GO:0045620
GO:0045581	GO:0050868
GO:0045582	GO:0045580
GO:0045582	GO:0045621
GO:0045582	GO:0050870
GO:0045595	GO:0050793
GO:0045595	GO:0050794
GO:0045596	GO:0045595
GO:0045596	GO:0048523
GO:0045596	GO:0051093
GO:0045597	GO:0045595
GO:0045597	GO:0048522
GO:0045597	GO:0051094
GO:0045598	GO:0045595
GO:0045599	GO:0045596
GO:0045599	GO:0045598
GO:0045600	GO:0045597
GO:0045600	GO:0045598
GO:0045601	GO:0030856
GO:0045602	GO:0030857
GO:0045602	GO:0045601
GO:0045603	GO:0030858
GO:0045603	GO:0045601
GO:0045604	GO:0030856
GO:0045604	GO:0045682
GO:0045605	GO:0030857
GO:0045605	GO:0045604
GO:0045605	GO:0045683
GO:0045606	GO:0030858
GO:0045606	GO:0045604
GO:0045606	GO:0045684
GO:0045607	GO:0045604
GO:0045607	GO:2000980
GO:0045608	GO:0045605
GO:0045608	GO:0045607
GO:0045608	GO:2000981
GO:0045609	GO:0045606
GO:0045609	GO:0045607
GO:0045609	GO:2000982
GO:0045610	GO:0002682
GO:0045610	GO:0045595
GO:0045610	GO:0051239
GO:0045611	GO:0002683
GO:0045611	GO:0045596
GO:0045611	GO:0045610
GO:0045612	GO:0002684
GO:0045612	GO:0045597
GO:0045612	GO:0045610
GO:0045616	GO:0045604
GO:0045617	GO:0045605
GO:0045617	GO:0045616
GO:0045617	GO:0051241
GO:0045618	GO:0045606
GO:0045618	GO:0045616
GO:0045618	GO:0051240
GO:0045619	GO:0051249
GO:0045619	GO:1902105
GO:0045620	GO:0045619
GO:0045620	GO:0051250
GO:0045620	GO:1902106
GO:0045621	GO:0045619
GO:0045621	GO:0051251
GO:0045621	GO:1902107
GO:0045631	GO:0045664
GO:0045632	GO:0045631
GO:0045632	GO:0045665
GO:0045633	GO:0045631
GO:0045633	GO:0045666
GO:0045634	GO:0050932
GO:0045635	GO:0045634
GO:0045635	GO:0050941
GO:0045636	GO:0045634
GO:0045636	GO:0050942
GO:0045637	GO:1903706
GO:0045638	GO:0045596
GO:0045638	GO:0045637
GO:0045639	GO:0045597
GO:0045639	GO:0045637
GO:0045646	GO:0045637
GO:0045647	GO:0045638
GO:0045647	GO:0045646
GO:0045648	GO:0045639
GO:0045648	GO:0045646
GO:0045649	GO:0002761
GO:0045650	GO:0002762
GO:0045650	GO:0045649
GO:0045651	GO:0002763
GO:0045651	GO:0045649
GO:0045652	GO:0045637
GO:0045653	GO:0045638
GO:0045653	GO:0045652
GO:0045654	GO:0045639
GO:0045654	GO:0045652
GO:0045655	GO:0002761
GO:0045656	GO:0002762
GO:0045656	GO:0045655
GO:0045657	GO:0002763
GO:0045657	GO:0045655
GO:0045658	GO:0030852
GO:0045659	GO:0030853
GO:0045659	GO:0045658
GO:0045660	GO:0030854
GO:0045660	GO:0045658
GO:0045661	GO:0045595
GO:0045662	GO:0045596
GO:0045662	GO:0045661
GO:0045663	GO:0045597
GO:0045663	GO:0045661
GO:0045664	GO:0045595
GO:0045665	GO:0045596
GO:0045665	GO:0045664
GO:0045666	GO:0045597
GO:0045666	GO:0045664
GO:0045667	GO:0045595
GO:0045668	GO:0045596
GO:0045668	GO:0045667
GO:0045669	GO:0045597
GO:0045669	GO:0045667
GO:0045670	GO:0002761
GO:0045671	GO:0002762
GO:0045671	GO:0045670
GO:0045672	GO:0002763
GO:0045672	GO:0045670
GO:0045682	GO:0050793
GO:0045683	GO:0045682
GO:0045683	GO:0051093
GO:0045684	GO:0045682
GO:0045684	GO:0051094
GO:0045685	GO:0045595
GO:0045686	GO:0014014
GO:0045686	GO:0045685
GO:0045687	GO:0014015
GO:0045687	GO:0045685
GO:0045700	GO:0051239
GO:0045700	GO:1903353
GO:0045701	GO:0010639
GO:0045701	GO:0045596
GO:0045701	GO:0045700
GO:0045701	GO:0051241
GO:0045701	GO:2000242
GO:0045702	GO:0010638
GO:0045702	GO:0045597
GO:0045702	GO:0045700
GO:0045702	GO:2000243
GO:0045717	GO:0042304
GO:0045717	GO:0045922
GO:0045717	GO:0051055
GO:0045719	GO:0005979
GO:0045719	GO:0010558
GO:0045719	GO:0070874
GO:0045721	GO:0006111
GO:0045721	GO:0009890
GO:0045721	GO:0045912
GO:0045721	GO:0062014
GO:0045722	GO:0006111
GO:0045722	GO:0009891
GO:0045722	GO:0010907
GO:0045723	GO:0042304
GO:0045723	GO:0045923
GO:0045723	GO:0046889
GO:0045724	GO:0120034
GO:0045724	GO:1902017
GO:0045724	GO:1902117
GO:0045725	GO:0005979
GO:0045725	GO:0010557
GO:0045725	GO:0070875
GO:0045727	GO:0006417
GO:0045727	GO:0010628
GO:0045727	GO:0051247
GO:0045732	GO:0009896
GO:0045732	GO:0042176
GO:0045732	GO:0051247
GO:0045733	GO:0006083
GO:0045733	GO:0072329
GO:0045734	GO:0009894
GO:0045734	GO:0010565
GO:0045734	GO:0062012
GO:0045744	GO:0008277
GO:0045744	GO:0009968
GO:0045745	GO:0008277
GO:0045745	GO:0009967
GO:0045753	GO:0009895
GO:0045753	GO:0045734
GO:0045753	GO:0062014
GO:0045754	GO:0009896
GO:0045754	GO:0045734
GO:0045754	GO:0062013
GO:0045759	GO:0048519
GO:0045759	GO:0098900
GO:0045760	GO:0048518
GO:0045760	GO:0098900
GO:0045763	GO:0006521
GO:0045763	GO:0009892
GO:0045764	GO:0006521
GO:0045764	GO:0009893
GO:0045765	GO:0022603
GO:0045765	GO:1901342
GO:0045766	GO:0045765
GO:0045766	GO:1904018
GO:0045769	GO:0009786
GO:0045769	GO:0051782
GO:0045770	GO:0009786
GO:0045770	GO:0051781
GO:0045778	GO:0030278
GO:0045778	GO:0051240
GO:0045779	GO:0045124
GO:0045779	GO:0046851
GO:0045780	GO:0045124
GO:0045780	GO:0051240
GO:0045785	GO:0030155
GO:0045785	GO:0048522
GO:0045786	GO:0048523
GO:0045786	GO:0051726
GO:0045787	GO:0048522
GO:0045787	GO:0051726
GO:0045804	GO:0007563
GO:0045804	GO:0051093
GO:0045804	GO:0051241
GO:0045805	GO:0007563
GO:0045805	GO:0051240
GO:0045806	GO:0030100
GO:0045806	GO:0051051
GO:0045806	GO:0051129
GO:0045807	GO:0030100
GO:0045807	GO:0051050
GO:0045807	GO:0051130
GO:0045814	GO:0010629
GO:0045814	GO:0040029
GO:0045818	GO:0005981
GO:0045818	GO:0009895
GO:0045818	GO:0070874
GO:0045819	GO:0005981
GO:0045819	GO:0009896
GO:0045819	GO:0070875
GO:0045822	GO:0008016
GO:0045822	GO:1903523
GO:0045823	GO:0008016
GO:0045823	GO:1903524
GO:0045824	GO:0002832
GO:0045824	GO:0031348
GO:0045824	GO:0032102
GO:0045824	GO:0045088
GO:0045824	GO:0050777
GO:0045827	GO:0019747
GO:0045827	GO:0045833
GO:0045829	GO:0002638
GO:0045829	GO:0002890
GO:0045829	GO:0045191
GO:0045829	GO:0045910
GO:0045829	GO:0050869
GO:0045829	GO:0051093
GO:0045830	GO:0002639
GO:0045830	GO:0002891
GO:0045830	GO:0045191
GO:0045830	GO:0045911
GO:0045830	GO:0050871
GO:0045830	GO:0051094
GO:0045833	GO:0009892
GO:0045833	GO:0019216
GO:0045834	GO:0009893
GO:0045834	GO:0019216
GO:0045835	GO:0010948
GO:0045835	GO:0040020
GO:0045835	GO:0051447
GO:0045835	GO:0051784
GO:0045836	GO:0040020
GO:0045836	GO:0051446
GO:0045836	GO:0051785
GO:0045836	GO:0090068
GO:0045839	GO:0007088
GO:0045839	GO:0010948
GO:0045839	GO:0045930
GO:0045839	GO:0051784
GO:0045840	GO:0007088
GO:0045840	GO:0051785
GO:0045840	GO:0090068
GO:0045843	GO:0016202
GO:0045843	GO:0048635
GO:0045843	GO:1901862
GO:0045844	GO:0016202
GO:0045844	GO:0048636
GO:0045844	GO:1901863
GO:0045859	GO:0001932
GO:0045859	GO:0043549
GO:0045860	GO:0001934
GO:0045860	GO:0033674
GO:0045860	GO:0045859
GO:0045861	GO:0030162
GO:0045861	GO:0051248
GO:0045862	GO:0030162
GO:0045862	GO:0051247
GO:0045900	GO:0006448
GO:0045900	GO:0017148
GO:0045901	GO:0006448
GO:0045901	GO:0045727
GO:0045904	GO:0006449
GO:0045904	GO:0017148
GO:0045904	GO:0043242
GO:0045905	GO:0006449
GO:0045905	GO:0043243
GO:0045905	GO:0045727
GO:0045910	GO:0000018
GO:0045910	GO:0051053
GO:0045911	GO:0000018
GO:0045911	GO:0051054
GO:0045912	GO:0006109
GO:0045912	GO:0009892
GO:0045913	GO:0006109
GO:0045913	GO:0009893
GO:0045920	GO:0017157
GO:0045920	GO:1903531
GO:0045921	GO:0017157
GO:0045921	GO:1903532
GO:0045922	GO:0019217
GO:0045922	GO:0045833
GO:0045922	GO:0062014
GO:0045923	GO:0019217
GO:0045923	GO:0045834
GO:0045923	GO:0062013
GO:0045926	GO:0040008
GO:0045926	GO:0048519
GO:0045927	GO:0040008
GO:0045927	GO:0048518
GO:0045928	GO:0032351
GO:0045928	GO:0045827
GO:0045930	GO:0007346
GO:0045930	GO:0045786
GO:0045931	GO:0007346
GO:0045931	GO:0045787
GO:0045932	GO:0006937
GO:0045932	GO:0051241
GO:0045933	GO:0006937
GO:0045933	GO:0051240
GO:0045934	GO:0009892
GO:0045934	GO:0019219
GO:0045936	GO:0010563
GO:0045937	GO:0010562
GO:0045938	GO:0042753
GO:0045938	GO:0045187
GO:0045938	GO:0048520
GO:0045939	GO:0019218
GO:0045939	GO:0045833
GO:0045940	GO:0019218
GO:0045940	GO:0045834
GO:0045947	GO:0006446
GO:0045947	GO:0017148
GO:0045948	GO:0006446
GO:0045948	GO:0045727
GO:0045952	GO:0019747
GO:0045952	GO:0032350
GO:0045952	GO:0050994
GO:0045953	GO:0001911
GO:0045953	GO:0002716
GO:0045953	GO:0042269
GO:0045954	GO:0001912
GO:0045954	GO:0002717
GO:0045954	GO:0042269
GO:0045955	GO:0017158
GO:0045955	GO:1903306
GO:0045956	GO:0017158
GO:0045956	GO:1903307
GO:0045963	GO:0033239
GO:0045963	GO:0042053
GO:0045964	GO:0033240
GO:0045964	GO:0042053
GO:0045968	GO:0007557
GO:0045968	GO:0032353
GO:0045968	GO:0045928
GO:0045968	GO:0051055
GO:0045969	GO:0007557
GO:0045969	GO:0046886
GO:0045969	GO:0046889
GO:0045970	GO:0045928
GO:0045970	GO:0045952
GO:0045970	GO:0050995
GO:0045971	GO:0032352
GO:0045971	GO:0045952
GO:0045971	GO:0050996
GO:0045972	GO:0007558
GO:0045972	GO:0032369
GO:0045972	GO:0046888
GO:0045972	GO:0051241
GO:0045973	GO:0007558
GO:0045973	GO:0032370
GO:0045973	GO:0046887
GO:0045978	GO:0009118
GO:0045978	GO:0045934
GO:0045978	GO:0062014
GO:0045979	GO:0009118
GO:0045979	GO:0062013
GO:0045980	GO:0006140
GO:0045980	GO:0045934
GO:0045980	GO:0045936
GO:0045980	GO:0062014
GO:0045981	GO:0006140
GO:0045981	GO:0045937
GO:0045981	GO:0062013
GO:0045982	GO:0006141
GO:0045982	GO:0045934
GO:0045982	GO:0062014
GO:0045983	GO:0006141
GO:0045983	GO:0062013
GO:0045986	GO:0006940
GO:0045986	GO:0045932
GO:0045987	GO:0006940
GO:0045987	GO:0045933
GO:0045988	GO:0006942
GO:0045988	GO:0045932
GO:0045989	GO:0006942
GO:0045989	GO:0045933
GO:0045992	GO:0045995
GO:0045992	GO:0051093
GO:0045992	GO:0051241
GO:0045995	GO:2000026
GO:0046010	GO:0045188
GO:0046010	GO:0045938
GO:0046013	GO:0042129
GO:0046014	GO:0042130
GO:0046014	GO:0046013
GO:0046031	GO:0009150
GO:0046031	GO:0009179
GO:0046032	GO:0009154
GO:0046032	GO:0009181
GO:0046032	GO:0046031
GO:0046034	GO:0009150
GO:0046034	GO:0009205
GO:0046083	GO:0006144
GO:0046084	GO:0009113
GO:0046084	GO:0046083
GO:0046085	GO:0046128
GO:0046086	GO:0046085
GO:0046086	GO:0046129
GO:0046112	GO:0009058
GO:0046112	GO:0009112
GO:0046113	GO:0009056
GO:0046113	GO:0009112
GO:0046128	GO:0009119
GO:0046128	GO:0042278
GO:0046129	GO:0042451
GO:0046129	GO:0042455
GO:0046129	GO:0046128
GO:0046130	GO:0006152
GO:0046130	GO:0042454
GO:0046130	GO:0046128
GO:0046148	GO:0042440
GO:0046164	GO:0006066
GO:0046164	GO:0044282
GO:0046165	GO:0006066
GO:0046165	GO:0044283
GO:0046184	GO:0006081
GO:0046184	GO:0009058
GO:0046185	GO:0006081
GO:0046185	GO:0009056
GO:0046189	GO:0009058
GO:0046189	GO:0018958
GO:0046219	GO:0042401
GO:0046219	GO:0042435
GO:0046246	GO:0008299
GO:0046246	GO:0042214
GO:0046246	GO:0120251
GO:0046247	GO:0008300
GO:0046247	GO:0042214
GO:0046247	GO:0120253
GO:0046252	GO:0018970
GO:0046252	GO:0120251
GO:0046348	GO:0006040
GO:0046348	GO:1901136
GO:0046349	GO:0006040
GO:0046349	GO:1901137
GO:0046358	GO:0019605
GO:0046358	GO:0051790
GO:0046359	GO:0019605
GO:0046359	GO:0019626
GO:0046364	GO:0005996
GO:0046364	GO:0016051
GO:0046364	GO:0044283
GO:0046365	GO:0005996
GO:0046365	GO:0016052
GO:0046365	GO:0044282
GO:0046390	GO:0019693
GO:0046390	GO:0090407
GO:0046390	GO:1901137
GO:0046394	GO:0016053
GO:0046394	GO:0019752
GO:0046395	GO:0016054
GO:0046395	GO:0019752
GO:0046416	GO:0170041
GO:0046416	GO:1901605
GO:0046434	GO:0009056
GO:0046434	GO:0019637
GO:0046437	GO:0046416
GO:0046437	GO:0170043
GO:0046437	GO:1901607
GO:0046459	GO:0006631
GO:0046466	GO:0006643
GO:0046466	GO:0016042
GO:0046467	GO:0006643
GO:0046467	GO:0008610
GO:0046477	GO:0006677
GO:0046477	GO:0046479
GO:0046477	GO:0046514
GO:0046479	GO:0006687
GO:0046479	GO:0019377
GO:0046479	GO:0030149
GO:0046513	GO:0006672
GO:0046513	GO:0030148
GO:0046513	GO:0043604
GO:0046514	GO:0006672
GO:0046514	GO:0030149
GO:0046530	GO:0030182
GO:0046532	GO:0045664
GO:0046533	GO:0045665
GO:0046533	GO:0046532
GO:0046533	GO:0051241
GO:0046534	GO:0045666
GO:0046534	GO:0046532
GO:0046534	GO:0051240
GO:0046541	GO:0007589
GO:0046541	GO:0022600
GO:0046541	GO:0032941
GO:0046545	GO:0045137
GO:0046546	GO:0045137
GO:0046548	GO:0042462
GO:0046549	GO:0042462
GO:0046620	GO:0048638
GO:0046620	GO:0051239
GO:0046621	GO:0046620
GO:0046621	GO:0048640
GO:0046621	GO:0051241
GO:0046622	GO:0046620
GO:0046622	GO:0048639
GO:0046622	GO:0051240
GO:0046624	GO:0005319
GO:0046625	GO:0008289
GO:0046626	GO:0009966
GO:0046627	GO:0009968
GO:0046627	GO:0046626
GO:0046627	GO:1900077
GO:0046628	GO:0009967
GO:0046628	GO:0046626
GO:0046628	GO:1900078
GO:0046649	GO:0045321
GO:0046651	GO:0032943
GO:0046651	GO:0046649
GO:0046660	GO:0007548
GO:0046661	GO:0007548
GO:0046666	GO:0010623
GO:0046667	GO:0046666
GO:0046668	GO:0043067
GO:0046668	GO:0050793
GO:0046669	GO:0046668
GO:0046670	GO:0043068
GO:0046670	GO:0046668
GO:0046670	GO:0051094
GO:0046671	GO:0043069
GO:0046671	GO:0046668
GO:0046671	GO:0051093
GO:0046672	GO:0046669
GO:0046672	GO:0046670
GO:0046673	GO:0046669
GO:0046673	GO:0046671
GO:0046676	GO:0050709
GO:0046676	GO:0050796
GO:0046676	GO:0090278
GO:0046681	GO:0017085
GO:0046681	GO:1901698
GO:0046681	GO:1901700
GO:0046683	GO:0042221
GO:0046692	GO:0044703
GO:0046692	GO:0044706
GO:0046692	GO:0048609
GO:0046697	GO:0003006
GO:0046697	GO:0009888
GO:0046716	GO:0019725
GO:0046717	GO:0046903
GO:0046721	GO:0015724
GO:0046721	GO:0046717
GO:0046785	GO:0031109
GO:0046785	GO:0051258
GO:0046785	GO:0097435
GO:0046822	GO:0032386
GO:0046823	GO:0032387
GO:0046823	GO:0046822
GO:0046824	GO:0032388
GO:0046824	GO:0046822
GO:0046825	GO:0033157
GO:0046825	GO:0046822
GO:0046826	GO:0046823
GO:0046826	GO:0046825
GO:0046826	GO:0051457
GO:0046826	GO:0090317
GO:0046827	GO:0046824
GO:0046827	GO:0046825
GO:0046827	GO:0090316
GO:0046828	GO:0032239
GO:0046828	GO:0046822
GO:0046829	GO:0032240
GO:0046829	GO:0046823
GO:0046829	GO:0046828
GO:0046830	GO:0032241
GO:0046830	GO:0046824
GO:0046830	GO:0046828
GO:0046831	GO:0032239
GO:0046831	GO:0046822
GO:0046832	GO:0032240
GO:0046832	GO:0046823
GO:0046832	GO:0046831
GO:0046833	GO:0032241
GO:0046833	GO:0046824
GO:0046833	GO:0046831
GO:0046836	GO:0006869
GO:0046836	GO:1901264
GO:0046848	GO:0036094
GO:0046849	GO:0048771
GO:0046850	GO:0034103
GO:0046851	GO:0034104
GO:0046851	GO:0046850
GO:0046852	GO:0034105
GO:0046852	GO:0046850
GO:0046864	GO:0006869
GO:0046865	GO:0046864
GO:0046866	GO:0046865
GO:0046867	GO:0046866
GO:0046872	GO:0043169
GO:0046873	GO:0008324
GO:0046877	GO:0044058
GO:0046877	GO:0050878
GO:0046877	GO:0051046
GO:0046878	GO:0046877
GO:0046878	GO:0051047
GO:0046878	GO:0060456
GO:0046879	GO:0009914
GO:0046879	GO:0023061
GO:0046883	GO:0010646
GO:0046883	GO:0010817
GO:0046883	GO:0023051
GO:0046883	GO:1903530
GO:0046885	GO:0009889
GO:0046885	GO:0032350
GO:0046886	GO:0009891
GO:0046886	GO:0032352
GO:0046886	GO:0046885
GO:0046887	GO:0010647
GO:0046887	GO:0023056
GO:0046887	GO:0046883
GO:0046887	GO:1903532
GO:0046888	GO:0010648
GO:0046888	GO:0023057
GO:0046888	GO:0046883
GO:0046888	GO:1903531
GO:0046889	GO:0009891
GO:0046889	GO:0045834
GO:0046889	GO:0046890
GO:0046890	GO:0009889
GO:0046890	GO:0019216
GO:0046903	GO:0006810
GO:0046906	GO:0005488
GO:0046907	GO:0006810
GO:0046907	GO:0051641
GO:0046907	GO:0051649
GO:0046914	GO:0046872
GO:0046915	GO:0046873
GO:0046928	GO:0050804
GO:0046928	GO:0051588
GO:0046928	GO:1903530
GO:0046929	GO:0046928
GO:0046929	GO:0051589
GO:0046929	GO:1903531
GO:0046930	GO:0098796
GO:0046931	GO:0065003
GO:0046942	GO:0015711
GO:0046942	GO:0015849
GO:0046943	GO:0022857
GO:0047496	GO:0072384
GO:0047496	GO:0099518
GO:0048002	GO:0019882
GO:0048020	GO:0042379
GO:0048029	GO:0030246
GO:0048029	GO:0036094
GO:0048048	GO:0048562
GO:0048048	GO:0048592
GO:0048058	GO:0048856
GO:0048066	GO:0043473
GO:0048070	GO:0120305
GO:0048086	GO:0048070
GO:0048086	GO:0048519
GO:0048087	GO:0048070
GO:0048087	GO:0048518
GO:0048103	GO:0017145
GO:0048132	GO:0098728
GO:0048137	GO:0051301
GO:0048143	GO:0061900
GO:0048144	GO:0008283
GO:0048145	GO:0042127
GO:0048146	GO:0008284
GO:0048146	GO:0048145
GO:0048147	GO:0008285
GO:0048147	GO:0048145
GO:0048162	GO:0022605
GO:0048165	GO:0022605
GO:0048193	GO:0016192
GO:0048194	GO:0006900
GO:0048199	GO:0006903
GO:0048209	GO:0060341
GO:0048232	GO:0007276
GO:0048240	GO:0003006
GO:0048240	GO:0022412
GO:0048240	GO:0048469
GO:0048241	GO:0015695
GO:0048241	GO:0051937
GO:0048242	GO:0048241
GO:0048242	GO:0050432
GO:0048243	GO:0015874
GO:0048243	GO:0023061
GO:0048243	GO:0050432
GO:0048246	GO:0030595
GO:0048246	GO:1905517
GO:0048247	GO:0030595
GO:0048247	GO:0072676
GO:0048251	GO:0085029
GO:0048251	GO:0097435
GO:0048280	GO:0006906
GO:0048280	GO:0007030
GO:0048284	GO:0006996
GO:0048285	GO:0006996
GO:0048286	GO:0048856
GO:0048288	GO:0000740
GO:0048306	GO:0005515
GO:0048308	GO:0006996
GO:0048313	GO:0007030
GO:0048313	GO:0048308
GO:0048318	GO:0007498
GO:0048319	GO:0048332
GO:0048320	GO:0001707
GO:0048332	GO:0048729
GO:0048333	GO:0030154
GO:0048339	GO:0007498
GO:0048339	GO:0060485
GO:0048340	GO:0048332
GO:0048340	GO:0072132
GO:0048341	GO:0001707
GO:0048368	GO:0007498
GO:0048368	GO:0060485
GO:0048369	GO:0048332
GO:0048369	GO:0072132
GO:0048370	GO:0001707
GO:0048383	GO:0009888
GO:0048389	GO:0007498
GO:0048390	GO:0048332
GO:0048391	GO:0001707
GO:0048468	GO:0048856
GO:0048468	GO:0048869
GO:0048469	GO:0048869
GO:0048469	GO:0071695
GO:0048477	GO:0007281
GO:0048477	GO:0007292
GO:0048483	GO:0048731
GO:0048484	GO:0048731
GO:0048485	GO:0048731
GO:0048486	GO:0048731
GO:0048505	GO:0040034
GO:0048505	GO:0045595
GO:0048511	GO:0008150
GO:0048512	GO:0007622
GO:0048512	GO:0007623
GO:0048513	GO:0048856
GO:0048514	GO:0035239
GO:0048515	GO:0003006
GO:0048515	GO:0022412
GO:0048515	GO:0030154
GO:0048518	GO:0050789
GO:0048519	GO:0050789
GO:0048520	GO:0050795
GO:0048520	GO:0051240
GO:0048521	GO:0050795
GO:0048521	GO:0051241
GO:0048522	GO:0048518
GO:0048522	GO:0050794
GO:0048523	GO:0048519
GO:0048523	GO:0050794
GO:0048534	GO:0048513
GO:0048535	GO:0048534
GO:0048536	GO:0048534
GO:0048537	GO:0009888
GO:0048537	GO:0048534
GO:0048538	GO:0048534
GO:0048538	GO:0048732
GO:0048539	GO:0009888
GO:0048539	GO:0048534
GO:0048540	GO:0048534
GO:0048541	GO:0048537
GO:0048545	GO:0009725
GO:0048545	GO:0033993
GO:0048546	GO:0035239
GO:0048562	GO:0009887
GO:0048562	GO:0048598
GO:0048565	GO:0035295
GO:0048568	GO:0048513
GO:0048570	GO:0048562
GO:0048580	GO:2000026
GO:0048581	GO:0048580
GO:0048581	GO:0051093
GO:0048581	GO:0051241
GO:0048582	GO:0048580
GO:0048582	GO:0051094
GO:0048582	GO:0051240
GO:0048583	GO:0050789
GO:0048584	GO:0048518
GO:0048584	GO:0048583
GO:0048585	GO:0048519
GO:0048585	GO:0048583
GO:0048588	GO:0016049
GO:0048588	GO:0048589
GO:0048589	GO:0040007
GO:0048592	GO:0090596
GO:0048593	GO:0048592
GO:0048596	GO:0048048
GO:0048598	GO:0009653
GO:0048599	GO:0007281
GO:0048601	GO:0000902
GO:0048601	GO:0003006
GO:0048608	GO:0003006
GO:0048608	GO:0048856
GO:0048609	GO:0022414
GO:0048619	GO:0048598
GO:0048627	GO:0048468
GO:0048628	GO:0048469
GO:0048630	GO:0048589
GO:0048631	GO:0048638
GO:0048632	GO:0048631
GO:0048632	GO:0048640
GO:0048633	GO:0048631
GO:0048633	GO:0048639
GO:0048633	GO:0048643
GO:0048634	GO:0050793
GO:0048635	GO:0048634
GO:0048635	GO:0051093
GO:0048635	GO:0051241
GO:0048636	GO:0048634
GO:0048636	GO:0051094
GO:0048636	GO:0051240
GO:0048638	GO:0040008
GO:0048638	GO:0050793
GO:0048639	GO:0045927
GO:0048639	GO:0048638
GO:0048639	GO:0051094
GO:0048640	GO:0045926
GO:0048640	GO:0048638
GO:0048640	GO:0051093
GO:0048641	GO:0016202
GO:0048642	GO:0045843
GO:0048642	GO:0048641
GO:0048643	GO:0045844
GO:0048643	GO:0048641
GO:0048644	GO:0009887
GO:0048645	GO:0048646
GO:0048646	GO:0032502
GO:0048659	GO:0033002
GO:0048660	GO:0042127
GO:0048661	GO:0008284
GO:0048661	GO:0048660
GO:0048662	GO:0008285
GO:0048662	GO:0048660
GO:0048666	GO:0048468
GO:0048667	GO:0000902
GO:0048699	GO:0022008
GO:0048705	GO:0009887
GO:0048707	GO:0009886
GO:0048708	GO:0010001
GO:0048709	GO:0010001
GO:0048710	GO:0045685
GO:0048711	GO:0045687
GO:0048711	GO:0048710
GO:0048712	GO:0045686
GO:0048712	GO:0048710
GO:0048713	GO:0045685
GO:0048714	GO:0045687
GO:0048714	GO:0048713
GO:0048715	GO:0045686
GO:0048715	GO:0048713
GO:0048729	GO:0009653
GO:0048730	GO:0002009
GO:0048731	GO:0048856
GO:0048732	GO:0048513
GO:0048733	GO:0048732
GO:0048735	GO:0035114
GO:0048735	GO:0035120
GO:0048736	GO:0048856
GO:0048737	GO:0048736
GO:0048738	GO:0014706
GO:0048741	GO:0014904
GO:0048742	GO:0010830
GO:0048742	GO:0060284
GO:0048743	GO:0010720
GO:0048743	GO:0048643
GO:0048743	GO:0048742
GO:0048743	GO:0051155
GO:0048744	GO:0010721
GO:0048744	GO:0048742
GO:0048744	GO:0051154
GO:0048745	GO:0060537
GO:0048749	GO:0001654
GO:0048750	GO:0009653
GO:0048752	GO:0035239
GO:0048752	GO:0048598
GO:0048753	GO:0016050
GO:0048754	GO:0035239
GO:0048754	GO:0061138
GO:0048755	GO:0001763
GO:0048762	GO:0030154
GO:0048770	GO:0031410
GO:0048771	GO:0032501
GO:0048773	GO:0050931
GO:0048778	GO:0050932
GO:0048779	GO:0048778
GO:0048779	GO:0050941
GO:0048780	GO:0048778
GO:0048780	GO:0050942
GO:0048785	GO:0048732
GO:0048786	GO:0110165
GO:0048788	GO:0030863
GO:0048788	GO:0099569
GO:0048791	GO:0016079
GO:0048791	GO:0017156
GO:0048793	GO:0001822
GO:0048794	GO:0048513
GO:0048795	GO:0009887
GO:0048796	GO:0048799
GO:0048797	GO:0048645
GO:0048799	GO:0071695
GO:0048800	GO:0009886
GO:0048800	GO:0035107
GO:0048806	GO:0048513
GO:0048806	GO:0048608
GO:0048808	GO:0035112
GO:0048808	GO:0090598
GO:0048812	GO:0120039
GO:0048813	GO:0048812
GO:0048814	GO:0022603
GO:0048814	GO:0050773
GO:0048816	GO:0009886
GO:0048816	GO:0090596
GO:0048817	GO:0048819
GO:0048817	GO:0051799
GO:0048818	GO:0048819
GO:0048818	GO:0051798
GO:0048819	GO:0050793
GO:0048819	GO:0051239
GO:0048820	GO:0022405
GO:0048820	GO:0071695
GO:0048821	GO:0061515
GO:0048822	GO:0048821
GO:0048823	GO:0048821
GO:0048839	GO:0048856
GO:0048840	GO:0048856
GO:0048844	GO:0048514
GO:0048845	GO:0048514
GO:0048847	GO:0048646
GO:0048848	GO:0022612
GO:0048849	GO:0048646
GO:0048850	GO:0022612
GO:0048851	GO:0048646
GO:0048852	GO:0009653
GO:0048853	GO:0009653
GO:0048854	GO:0009887
GO:0048855	GO:0009653
GO:0048856	GO:0032502
GO:0048857	GO:0048856
GO:0048858	GO:0009653
GO:0048858	GO:0030030
GO:0048859	GO:0048646
GO:0048860	GO:0051301
GO:0048863	GO:0030154
GO:0048864	GO:0048468
GO:0048869	GO:0009987
GO:0048869	GO:0032502
GO:0048870	GO:0009987
GO:0048871	GO:0032501
GO:0048871	GO:0042592
GO:0048872	GO:0048871
GO:0048873	GO:0001894
GO:0048873	GO:0048872
GO:0048878	GO:0042592
GO:0048880	GO:0048731
GO:0048881	GO:0048925
GO:0048882	GO:0009888
GO:0048884	GO:0007423
GO:0048886	GO:0035315
GO:0048886	GO:0042490
GO:0048890	GO:0061550
GO:0048891	GO:0048934
GO:0048892	GO:0021545
GO:0048895	GO:0010001
GO:0048896	GO:0008347
GO:0048898	GO:0048925
GO:0048899	GO:0048882
GO:0048901	GO:0048884
GO:0048903	GO:0048886
GO:0048907	GO:0048890
GO:0048909	GO:0048892
GO:0048913	GO:0048895
GO:0048915	GO:0048925
GO:0048916	GO:0048882
GO:0048917	GO:0048890
GO:0048918	GO:0048892
GO:0048919	GO:0048884
GO:0048923	GO:0048886
GO:0048925	GO:0048880
GO:0048928	GO:0048891
GO:0048931	GO:0048895
GO:0048934	GO:0030182
GO:0048935	GO:0048666
GO:0048937	GO:0021782
GO:0048938	GO:0000902
GO:0048939	GO:0048937
GO:0048940	GO:0048938
GO:0048941	GO:0048937
GO:0048942	GO:0048938
GO:0050000	GO:0051640
GO:0050432	GO:0032940
GO:0050432	GO:0051937
GO:0050433	GO:0051952
GO:0050433	GO:1903530
GO:0050657	GO:0015931
GO:0050658	GO:0050657
GO:0050658	GO:0051236
GO:0050670	GO:0032944
GO:0050670	GO:0051249
GO:0050671	GO:0032946
GO:0050671	GO:0050670
GO:0050671	GO:0051251
GO:0050672	GO:0032945
GO:0050672	GO:0050670
GO:0050672	GO:0051250
GO:0050673	GO:0008283
GO:0050674	GO:0050673
GO:0050675	GO:0050678
GO:0050676	GO:0050675
GO:0050676	GO:0050680
GO:0050677	GO:0050675
GO:0050677	GO:0050679
GO:0050678	GO:0042127
GO:0050679	GO:0008284
GO:0050679	GO:0050678
GO:0050680	GO:0008285
GO:0050680	GO:0050678
GO:0050708	GO:0051223
GO:0050708	GO:1903530
GO:0050709	GO:0050708
GO:0050709	GO:0051224
GO:0050709	GO:1903531
GO:0050714	GO:0050708
GO:0050714	GO:0051222
GO:0050714	GO:1903532
GO:0050727	GO:0031347
GO:0050727	GO:0032101
GO:0050728	GO:0031348
GO:0050728	GO:0032102
GO:0050728	GO:0050727
GO:0050729	GO:0031349
GO:0050729	GO:0032103
GO:0050729	GO:0050727
GO:0050730	GO:0001932
GO:0050731	GO:0001934
GO:0050731	GO:0050730
GO:0050732	GO:0001933
GO:0050732	GO:0050730
GO:0050746	GO:0051246
GO:0050747	GO:0009891
GO:0050747	GO:0050746
GO:0050747	GO:0051247
GO:0050748	GO:0050746
GO:0050748	GO:0051248
GO:0050764	GO:0030100
GO:0050765	GO:0045806
GO:0050765	GO:0050764
GO:0050766	GO:0045807
GO:0050766	GO:0050764
GO:0050767	GO:0051960
GO:0050767	GO:0060284
GO:0050768	GO:0010721
GO:0050768	GO:0050767
GO:0050768	GO:0051961
GO:0050769	GO:0010720
GO:0050769	GO:0050767
GO:0050769	GO:0051962
GO:0050770	GO:0010975
GO:0050770	GO:0022603
GO:0050771	GO:0010977
GO:0050771	GO:0050768
GO:0050771	GO:0050770
GO:0050772	GO:0031346
GO:0050772	GO:0050769
GO:0050772	GO:0050770
GO:0050773	GO:0010975
GO:0050773	GO:0050793
GO:0050774	GO:0031345
GO:0050774	GO:0048814
GO:0050774	GO:0050768
GO:0050775	GO:0010770
GO:0050775	GO:0031346
GO:0050775	GO:0048814
GO:0050775	GO:0050769
GO:0050776	GO:0002682
GO:0050776	GO:0048583
GO:0050777	GO:0002683
GO:0050777	GO:0048585
GO:0050777	GO:0050776
GO:0050778	GO:0002684
GO:0050778	GO:0048584
GO:0050778	GO:0050776
GO:0050789	GO:0065007
GO:0050790	GO:0065009
GO:0050793	GO:0050789
GO:0050794	GO:0050789
GO:0050795	GO:0051239
GO:0050796	GO:0050708
GO:0050796	GO:0090276
GO:0050801	GO:0048878
GO:0050802	GO:0022410
GO:0050802	GO:0030431
GO:0050803	GO:0065008
GO:0050804	GO:0099177
GO:0050805	GO:0010648
GO:0050805	GO:0023057
GO:0050805	GO:0050804
GO:0050806	GO:0010647
GO:0050806	GO:0023056
GO:0050806	GO:0050804
GO:0050807	GO:0051128
GO:0050808	GO:0034330
GO:0050810	GO:0019218
GO:0050810	GO:0046890
GO:0050817	GO:0032501
GO:0050818	GO:0051239
GO:0050819	GO:0050818
GO:0050819	GO:0051241
GO:0050820	GO:0050818
GO:0050820	GO:0051240
GO:0050825	GO:0036094
GO:0050832	GO:0006952
GO:0050832	GO:0009620
GO:0050839	GO:0005515
GO:0050840	GO:0005488
GO:0050863	GO:0051249
GO:0050864	GO:0051249
GO:0050865	GO:0050794
GO:0050865	GO:0051239
GO:0050866	GO:0048523
GO:0050866	GO:0050865
GO:0050866	GO:0051241
GO:0050867	GO:0048522
GO:0050867	GO:0050865
GO:0050867	GO:0051240
GO:0050868	GO:0050863
GO:0050868	GO:0051250
GO:0050868	GO:1903038
GO:0050869	GO:0050864
GO:0050869	GO:0051250
GO:0050870	GO:0050863
GO:0050870	GO:0051251
GO:0050870	GO:1903039
GO:0050871	GO:0050864
GO:0050871	GO:0051251
GO:0050872	GO:0045444
GO:0050873	GO:0045444
GO:0050877	GO:0003008
GO:0050878	GO:0065008
GO:0050879	GO:0032501
GO:0050881	GO:0050879
GO:0050881	GO:0050905
GO:0050884	GO:0050905
GO:0050885	GO:0050905
GO:0050886	GO:0003008
GO:0050890	GO:0050877
GO:0050891	GO:0050878
GO:0050891	GO:0140962
GO:0050896	GO:0008150
GO:0050900	GO:0002376
GO:0050900	GO:0016477
GO:0050905	GO:0050877
GO:0050906	GO:0051606
GO:0050907	GO:0009593
GO:0050907	GO:0050906
GO:0050908	GO:0050962
GO:0050909	GO:0007606
GO:0050910	GO:0050877
GO:0050910	GO:0050974
GO:0050911	GO:0050907
GO:0050912	GO:0050907
GO:0050920	GO:0032101
GO:0050920	GO:0040012
GO:0050921	GO:0032103
GO:0050921	GO:0040017
GO:0050921	GO:0050920
GO:0050922	GO:0032102
GO:0050922	GO:0040013
GO:0050922	GO:0050920
GO:0050931	GO:0030154
GO:0050932	GO:0045595
GO:0050935	GO:0050931
GO:0050936	GO:0050931
GO:0050937	GO:0050932
GO:0050938	GO:0050932
GO:0050941	GO:0045596
GO:0050941	GO:0048086
GO:0050941	GO:0050932
GO:0050942	GO:0045597
GO:0050942	GO:0048087
GO:0050942	GO:0050932
GO:0050943	GO:0050937
GO:0050943	GO:0050941
GO:0050944	GO:0050938
GO:0050944	GO:0050941
GO:0050945	GO:0050937
GO:0050945	GO:0050942
GO:0050946	GO:0050938
GO:0050946	GO:0050942
GO:0050951	GO:0007600
GO:0050952	GO:0007600
GO:0050953	GO:0007600
GO:0050954	GO:0007600
GO:0050956	GO:0050952
GO:0050957	GO:0007600
GO:0050959	GO:0050877
GO:0050961	GO:0016048
GO:0050961	GO:0050906
GO:0050962	GO:0009583
GO:0050962	GO:0050906
GO:0050963	GO:0050906
GO:0050963	GO:0050981
GO:0050964	GO:0050963
GO:0050965	GO:0050961
GO:0050965	GO:0062149
GO:0050966	GO:0050974
GO:0050966	GO:0062149
GO:0050967	GO:0050963
GO:0050967	GO:0062149
GO:0050968	GO:0050907
GO:0050968	GO:0062149
GO:0050972	GO:0050974
GO:0050973	GO:0050974
GO:0050974	GO:0050906
GO:0050974	GO:0050982
GO:0050975	GO:0050954
GO:0050976	GO:0050974
GO:0050981	GO:0009582
GO:0050981	GO:0051602
GO:0050982	GO:0009581
GO:0050982	GO:0009582
GO:0050982	GO:0009612
GO:0050994	GO:0009894
GO:0050994	GO:0019216
GO:0050995	GO:0009895
GO:0050995	GO:0045833
GO:0050995	GO:0050994
GO:0050996	GO:0009896
GO:0050996	GO:0045834
GO:0050996	GO:0050994
GO:0050997	GO:0036094
GO:0051017	GO:0022607
GO:0051017	GO:0061572
GO:0051027	GO:0050657
GO:0051031	GO:0050658
GO:0051032	GO:0015932
GO:0051032	GO:0022884
GO:0051033	GO:0051032
GO:0051034	GO:0051033
GO:0051035	GO:0051032
GO:0051046	GO:0051049
GO:0051047	GO:0051046
GO:0051047	GO:0051050
GO:0051048	GO:0051046
GO:0051048	GO:0051051
GO:0051049	GO:0032879
GO:0051050	GO:0048518
GO:0051050	GO:0051049
GO:0051051	GO:0048519
GO:0051051	GO:0051049
GO:0051052	GO:0019219
GO:0051052	GO:0060255
GO:0051053	GO:0010605
GO:0051053	GO:0045934
GO:0051053	GO:0051052
GO:0051054	GO:0010604
GO:0051054	GO:0051052
GO:0051055	GO:0009890
GO:0051055	GO:0045833
GO:0051055	GO:0046890
GO:0051059	GO:0061629
GO:0051078	GO:0051081
GO:0051078	GO:1903046
GO:0051080	GO:0051078
GO:0051081	GO:0030397
GO:0051081	GO:0071763
GO:0051093	GO:0048519
GO:0051093	GO:0050793
GO:0051094	GO:0048518
GO:0051094	GO:0050793
GO:0051098	GO:0065009
GO:0051099	GO:0044093
GO:0051099	GO:0051098
GO:0051100	GO:0044092
GO:0051100	GO:0051098
GO:0051101	GO:0051098
GO:0051119	GO:0015144
GO:0051128	GO:0050794
GO:0051129	GO:0048523
GO:0051129	GO:0051128
GO:0051130	GO:0048522
GO:0051130	GO:0051128
GO:0051145	GO:0042692
GO:0051146	GO:0042692
GO:0051147	GO:0045595
GO:0051148	GO:0045596
GO:0051148	GO:0051147
GO:0051149	GO:0045597
GO:0051149	GO:0051147
GO:0051150	GO:0051147
GO:0051151	GO:0051148
GO:0051151	GO:0051150
GO:0051152	GO:0051149
GO:0051152	GO:0051150
GO:0051153	GO:0051147
GO:0051154	GO:0051148
GO:0051154	GO:0051153
GO:0051155	GO:0051149
GO:0051155	GO:0051153
GO:0051168	GO:0006913
GO:0051169	GO:0046907
GO:0051170	GO:0006913
GO:0051174	GO:0019222
GO:0051179	GO:0008150
GO:0051208	GO:0051651
GO:0051209	GO:0051283
GO:0051209	GO:0097553
GO:0051216	GO:0048513
GO:0051222	GO:0051050
GO:0051222	GO:0051223
GO:0051222	GO:1903829
GO:0051222	GO:1904951
GO:0051223	GO:0051049
GO:0051223	GO:0070201
GO:0051224	GO:0051051
GO:0051224	GO:0051223
GO:0051224	GO:1903828
GO:0051224	GO:1904950
GO:0051234	GO:0051179
GO:0051235	GO:0051179
GO:0051236	GO:0051234
GO:0051239	GO:0050789
GO:0051240	GO:0048518
GO:0051240	GO:0051239
GO:0051241	GO:0048519
GO:0051241	GO:0051239
GO:0051246	GO:0060255
GO:0051246	GO:0080090
GO:0051247	GO:0010604
GO:0051247	GO:0051246
GO:0051248	GO:0010605
GO:0051248	GO:0051246
GO:0051249	GO:0002694
GO:0051250	GO:0002695
GO:0051250	GO:0051249
GO:0051251	GO:0002696
GO:0051251	GO:0051249
GO:0051252	GO:0019219
GO:0051252	GO:0060255
GO:0051253	GO:0010605
GO:0051253	GO:0045934
GO:0051253	GO:0051252
GO:0051254	GO:0010604
GO:0051254	GO:0051252
GO:0051258	GO:0065003
GO:0051261	GO:0032984
GO:0051273	GO:0044042
GO:0051274	GO:0009250
GO:0051274	GO:0051273
GO:0051275	GO:0009251
GO:0051275	GO:0051273
GO:0051276	GO:0006996
GO:0051279	GO:0051282
GO:0051279	GO:1903169
GO:0051280	GO:0051279
GO:0051280	GO:0051284
GO:0051280	GO:1903170
GO:0051281	GO:0051279
GO:0051281	GO:1904427
GO:0051282	GO:0032879
GO:0051282	GO:0050794
GO:0051283	GO:0048523
GO:0051283	GO:0051282
GO:0051284	GO:0048522
GO:0051284	GO:0051282
GO:0051301	GO:0009987
GO:0051302	GO:0050794
GO:0051321	GO:0007049
GO:0051321	GO:0022414
GO:0051338	GO:0050790
GO:0051355	GO:0019230
GO:0051356	GO:0007601
GO:0051378	GO:0043169
GO:0051378	GO:0043176
GO:0051378	GO:1901363
GO:0051379	GO:0042562
GO:0051379	GO:0043169
GO:0051379	GO:1901338
GO:0051380	GO:0043169
GO:0051380	GO:1901338
GO:0051381	GO:0043169
GO:0051381	GO:1901363
GO:0051384	GO:0031960
GO:0051385	GO:0031960
GO:0051402	GO:0006915
GO:0051410	GO:0098754
GO:0051418	GO:0007020
GO:0051445	GO:0051726
GO:0051445	GO:2000241
GO:0051446	GO:0045787
GO:0051446	GO:0051445
GO:0051446	GO:2000243
GO:0051447	GO:0045786
GO:0051447	GO:0051445
GO:0051447	GO:2000242
GO:0051450	GO:0008283
GO:0051451	GO:0014812
GO:0051457	GO:0072595
GO:0051458	GO:0030072
GO:0051458	GO:0060986
GO:0051459	GO:0044060
GO:0051459	GO:0090276
GO:0051460	GO:0051241
GO:0051460	GO:0051459
GO:0051460	GO:0090278
GO:0051461	GO:0051240
GO:0051461	GO:0051459
GO:0051461	GO:0090277
GO:0051469	GO:0006906
GO:0051469	GO:0097576
GO:0051493	GO:0033043
GO:0051494	GO:0010639
GO:0051494	GO:0051493
GO:0051495	GO:0010638
GO:0051495	GO:0051493
GO:0051503	GO:0015865
GO:0051546	GO:0010631
GO:0051547	GO:0010632
GO:0051548	GO:0010633
GO:0051548	GO:0051547
GO:0051549	GO:0010634
GO:0051549	GO:0051547
GO:0051580	GO:0051588
GO:0051581	GO:0051580
GO:0051581	GO:0051589
GO:0051582	GO:0051580
GO:0051582	GO:0051590
GO:0051588	GO:0051049
GO:0051589	GO:0051051
GO:0051589	GO:0051588
GO:0051590	GO:0051050
GO:0051590	GO:0051588
GO:0051592	GO:0010038
GO:0051602	GO:0009628
GO:0051603	GO:0006508
GO:0051604	GO:0019538
GO:0051606	GO:0050896
GO:0051608	GO:0071705
GO:0051615	GO:0001504
GO:0051615	GO:0051608
GO:0051616	GO:0051580
GO:0051617	GO:0051581
GO:0051617	GO:0051616
GO:0051618	GO:0051582
GO:0051618	GO:0051616
GO:0051620	GO:0015874
GO:0051620	GO:0090493
GO:0051621	GO:0051049
GO:0051622	GO:0051051
GO:0051622	GO:0051621
GO:0051623	GO:0051050
GO:0051623	GO:0051621
GO:0051630	GO:0015870
GO:0051631	GO:0051952
GO:0051632	GO:0051631
GO:0051632	GO:0051953
GO:0051633	GO:0051631
GO:0051633	GO:0051954
GO:0051640	GO:0051179
GO:0051641	GO:0009987
GO:0051641	GO:0051179
GO:0051645	GO:0051640
GO:0051647	GO:0051640
GO:0051648	GO:0051640
GO:0051649	GO:0051234
GO:0051650	GO:0051648
GO:0051650	GO:0051649
GO:0051650	GO:0051656
GO:0051651	GO:0009987
GO:0051651	GO:0051235
GO:0051655	GO:0051648
GO:0051655	GO:0051657
GO:0051656	GO:0051234
GO:0051656	GO:0051640
GO:0051657	GO:0051651
GO:0051658	GO:0051647
GO:0051658	GO:0051657
GO:0051668	GO:0051641
GO:0051674	GO:0009987
GO:0051674	GO:0051179
GO:0051683	GO:0051645
GO:0051683	GO:0051649
GO:0051683	GO:0051656
GO:0051684	GO:0051645
GO:0051684	GO:0051657
GO:0051707	GO:0043207
GO:0051707	GO:0044419
GO:0051716	GO:0009987
GO:0051716	GO:0050896
GO:0051726	GO:0050794
GO:0051738	GO:0019840
GO:0051738	GO:0031409
GO:0051761	GO:0042214
GO:0051762	GO:0046246
GO:0051762	GO:0051761
GO:0051763	GO:0046247
GO:0051763	GO:0051761
GO:0051781	GO:0048522
GO:0051781	GO:0051302
GO:0051782	GO:0048523
GO:0051782	GO:0051302
GO:0051783	GO:0033043
GO:0051784	GO:0010639
GO:0051784	GO:0051783
GO:0051785	GO:0010638
GO:0051785	GO:0051783
GO:0051790	GO:0006633
GO:0051790	GO:0046459
GO:0051797	GO:0042634
GO:0051797	GO:2000026
GO:0051798	GO:0051094
GO:0051798	GO:0051240
GO:0051798	GO:0051797
GO:0051799	GO:0051093
GO:0051799	GO:0051241
GO:0051799	GO:0051797
GO:0051861	GO:0008289
GO:0051861	GO:0097367
GO:0051875	GO:0051648
GO:0051890	GO:1905207
GO:0051890	GO:2000736
GO:0051891	GO:0051890
GO:0051891	GO:1905209
GO:0051891	GO:2000738
GO:0051892	GO:0051890
GO:0051892	GO:1905208
GO:0051892	GO:2000737
GO:0051904	GO:0006810
GO:0051904	GO:0051875
GO:0051904	GO:0051905
GO:0051905	GO:0051650
GO:0051924	GO:0010959
GO:0051926	GO:0043271
GO:0051926	GO:0051924
GO:0051928	GO:0043270
GO:0051928	GO:0051924
GO:0051930	GO:0051931
GO:0051931	GO:0031644
GO:0051932	GO:0007268
GO:0051937	GO:0015844
GO:0051937	GO:0015850
GO:0051938	GO:0006835
GO:0051938	GO:0015800
GO:0051938	GO:0015807
GO:0051939	GO:0015800
GO:0051939	GO:0015812
GO:0051952	GO:0051049
GO:0051953	GO:0051051
GO:0051953	GO:0051952
GO:0051954	GO:0051050
GO:0051954	GO:0051952
GO:0051955	GO:0051952
GO:0051956	GO:0051953
GO:0051956	GO:0051955
GO:0051957	GO:0051954
GO:0051957	GO:0051955
GO:0051960	GO:2000026
GO:0051961	GO:0051093
GO:0051961	GO:0051241
GO:0051961	GO:0051960
GO:0051962	GO:0051094
GO:0051962	GO:0051240
GO:0051962	GO:0051960
GO:0051963	GO:0050807
GO:0051963	GO:1901888
GO:0051964	GO:0051961
GO:0051964	GO:0051963
GO:0051964	GO:1901889
GO:0051964	GO:1905809
GO:0051965	GO:0051962
GO:0051965	GO:0051963
GO:0051965	GO:1901890
GO:0051966	GO:0050804
GO:0051967	GO:0050805
GO:0051967	GO:0051966
GO:0051968	GO:0050806
GO:0051968	GO:0051966
GO:0051969	GO:0010646
GO:0051969	GO:0031644
GO:0051970	GO:0010648
GO:0051970	GO:0031645
GO:0051970	GO:0051969
GO:0051971	GO:0010647
GO:0051971	GO:0031646
GO:0051971	GO:0051969
GO:0051983	GO:0010564
GO:0051984	GO:0051983
GO:0051984	GO:0090068
GO:0051985	GO:0010948
GO:0051985	GO:0051983
GO:0052803	GO:0008152
GO:0052805	GO:0009056
GO:0052805	GO:0052803
GO:0055001	GO:0048468
GO:0055002	GO:0055001
GO:0055003	GO:0030239
GO:0055006	GO:0048468
GO:0055007	GO:0035051
GO:0055007	GO:0051146
GO:0055008	GO:0060415
GO:0055009	GO:0055008
GO:0055010	GO:0055008
GO:0055013	GO:0055002
GO:0055013	GO:0055006
GO:0055016	GO:0009888
GO:0055016	GO:0048568
GO:0055017	GO:0048589
GO:0055018	GO:0060284
GO:0055018	GO:2000725
GO:0055019	GO:0010721
GO:0055019	GO:0051154
GO:0055019	GO:0055018
GO:0055020	GO:0010720
GO:0055020	GO:0055018
GO:0055020	GO:2000727
GO:0055021	GO:0060420
GO:0055022	GO:0055021
GO:0055022	GO:0061117
GO:0055023	GO:0055021
GO:0055023	GO:0060421
GO:0055024	GO:0016202
GO:0055025	GO:0045844
GO:0055025	GO:0055024
GO:0055026	GO:0045843
GO:0055026	GO:0055024
GO:0055056	GO:0015149
GO:0055057	GO:0051301
GO:0055059	GO:0008356
GO:0055059	GO:0045165
GO:0055059	GO:0055057
GO:0055062	GO:0098771
GO:0055063	GO:0098771
GO:0055074	GO:0055080
GO:0055074	GO:0098771
GO:0055075	GO:0055080
GO:0055075	GO:0098771
GO:0055078	GO:0055080
GO:0055078	GO:0098771
GO:0055080	GO:0050801
GO:0055082	GO:0019725
GO:0055082	GO:0048878
GO:0055085	GO:0006810
GO:0055085	GO:0009987
GO:0055086	GO:0006139
GO:0055086	GO:0044281
GO:0055088	GO:0048878
GO:0055089	GO:0055088
GO:0055091	GO:0055088
GO:0055094	GO:0009719
GO:0055094	GO:1901698
GO:0055107	GO:0046907
GO:0055108	GO:0046907
GO:0055111	GO:0042074
GO:0055117	GO:0006942
GO:0055117	GO:0008016
GO:0055118	GO:0045822
GO:0055118	GO:0045988
GO:0055118	GO:0055117
GO:0055123	GO:0048731
GO:0055127	GO:0032501
GO:0060004	GO:0009605
GO:0060005	GO:0060004
GO:0060007	GO:0060005
GO:0060008	GO:0003006
GO:0060008	GO:0030855
GO:0060009	GO:0002064
GO:0060009	GO:0003006
GO:0060011	GO:0050673
GO:0060014	GO:0030855
GO:0060016	GO:0002064
GO:0060017	GO:0048732
GO:0060019	GO:0010001
GO:0060021	GO:0048856
GO:0060022	GO:0048856
GO:0060023	GO:0048856
GO:0060034	GO:0030154
GO:0060037	GO:0048731
GO:0060038	GO:0014855
GO:0060039	GO:0060429
GO:0060040	GO:1905962
GO:0060041	GO:0048856
GO:0060042	GO:0009653
GO:0060043	GO:0042127
GO:0060043	GO:0055021
GO:0060044	GO:0008285
GO:0060044	GO:0055022
GO:0060044	GO:0060043
GO:0060045	GO:0008284
GO:0060045	GO:0055023
GO:0060045	GO:0060043
GO:0060047	GO:0003015
GO:0060048	GO:0006941
GO:0060054	GO:0050679
GO:0060055	GO:0001525
GO:0060061	GO:0048646
GO:0060065	GO:0048513
GO:0060065	GO:0048608
GO:0060066	GO:0035295
GO:0060066	GO:0048608
GO:0060067	GO:0048608
GO:0060068	GO:0030540
GO:0060073	GO:0003014
GO:0060073	GO:0007588
GO:0060076	GO:0045202
GO:0060078	GO:0042391
GO:0060079	GO:0060078
GO:0060082	GO:0060004
GO:0060083	GO:0014832
GO:0060084	GO:0007274
GO:0060089	GO:0003674
GO:0060096	GO:0001820
GO:0060096	GO:0007269
GO:0060113	GO:0042490
GO:0060114	GO:0035315
GO:0060114	GO:0060113
GO:0060116	GO:0048598
GO:0060116	GO:0048667
GO:0060117	GO:0060119
GO:0060118	GO:0060119
GO:0060119	GO:0048666
GO:0060123	GO:0090276
GO:0060124	GO:0060123
GO:0060124	GO:0090277
GO:0060125	GO:0060123
GO:0060125	GO:0090278
GO:0060126	GO:0030154
GO:0060127	GO:0030154
GO:0060128	GO:0030154
GO:0060131	GO:0048468
GO:0060132	GO:0048468
GO:0060133	GO:0048468
GO:0060135	GO:0048609
GO:0060136	GO:0048609
GO:0060142	GO:0050793
GO:0060142	GO:0051128
GO:0060143	GO:0051094
GO:0060143	GO:0051130
GO:0060143	GO:0060142
GO:0060156	GO:0007589
GO:0060156	GO:0032941
GO:0060156	GO:0060004
GO:0060157	GO:0048513
GO:0060166	GO:0048856
GO:0060167	GO:0008277
GO:0060168	GO:0045745
GO:0060168	GO:0060167
GO:0060169	GO:0045744
GO:0060169	GO:0060167
GO:0060170	GO:0031253
GO:0060170	GO:0098588
GO:0060173	GO:0048736
GO:0060174	GO:0048646
GO:0060206	GO:0044848
GO:0060209	GO:0060206
GO:0060214	GO:0048646
GO:0060218	GO:0002244
GO:0060218	GO:0048863
GO:0060219	GO:0001754
GO:0060221	GO:0060219
GO:0060231	GO:0030855
GO:0060249	GO:0048871
GO:0060251	GO:0042127
GO:0060252	GO:0008284
GO:0060252	GO:0014015
GO:0060252	GO:0060251
GO:0060253	GO:0008285
GO:0060253	GO:0014014
GO:0060253	GO:0060251
GO:0060255	GO:0019222
GO:0060259	GO:0050795
GO:0060271	GO:0044782
GO:0060271	GO:0070925
GO:0060271	GO:0120031
GO:0060281	GO:1905879
GO:0060282	GO:0010720
GO:0060282	GO:0060281
GO:0060282	GO:2000243
GO:0060283	GO:0010721
GO:0060283	GO:0060281
GO:0060283	GO:2000242
GO:0060284	GO:0045595
GO:0060285	GO:0001539
GO:0060294	GO:0003341
GO:0060295	GO:0003352
GO:0060295	GO:1902019
GO:0060297	GO:0110020
GO:0060297	GO:1902903
GO:0060298	GO:0051155
GO:0060298	GO:0051495
GO:0060298	GO:0060297
GO:0060298	GO:1902905
GO:0060299	GO:0010721
GO:0060299	GO:0051494
GO:0060299	GO:0060297
GO:0060299	GO:1902116
GO:0060299	GO:1902904
GO:0060322	GO:0048856
GO:0060323	GO:0009653
GO:0060324	GO:0048856
GO:0060325	GO:0009653
GO:0060326	GO:0006935
GO:0060326	GO:0016477
GO:0060341	GO:0032879
GO:0060341	GO:0050794
GO:0060343	GO:0048646
GO:0060344	GO:0060343
GO:0060345	GO:0060343
GO:0060346	GO:0060343
GO:0060347	GO:0060343
GO:0060348	GO:0048513
GO:0060349	GO:0009887
GO:0060350	GO:0060349
GO:0060351	GO:0051216
GO:0060359	GO:1901698
GO:0060361	GO:0040011
GO:0060363	GO:0097094
GO:0060364	GO:0060363
GO:0060365	GO:0060363
GO:0060366	GO:0060363
GO:0060367	GO:0060363
GO:0060379	GO:0010002
GO:0060379	GO:0045445
GO:0060404	GO:0010938
GO:0060404	GO:0061523
GO:0060405	GO:0051239
GO:0060405	GO:2000241
GO:0060406	GO:0051240
GO:0060406	GO:0060405
GO:0060406	GO:2000243
GO:0060407	GO:0051241
GO:0060407	GO:0060405
GO:0060407	GO:2000242
GO:0060408	GO:0033238
GO:0060408	GO:0080090
GO:0060409	GO:0033240
GO:0060409	GO:0060408
GO:0060411	GO:0009653
GO:0060412	GO:0060411
GO:0060413	GO:0060411
GO:0060414	GO:0060415
GO:0060415	GO:0048729
GO:0060417	GO:0110165
GO:0060419	GO:0035265
GO:0060420	GO:0046620
GO:0060420	GO:2000026
GO:0060421	GO:0046622
GO:0060421	GO:0060420
GO:0060425	GO:0009887
GO:0060426	GO:0001944
GO:0060427	GO:0061448
GO:0060428	GO:0060429
GO:0060429	GO:0009888
GO:0060430	GO:0048856
GO:0060431	GO:0016331
GO:0060431	GO:0048645
GO:0060431	GO:0060441
GO:0060431	GO:0060572
GO:0060433	GO:0030323
GO:0060434	GO:0009887
GO:0060434	GO:0035239
GO:0060435	GO:0030323
GO:0060436	GO:0035239
GO:0060437	GO:0035265
GO:0060438	GO:0048513
GO:0060439	GO:0009887
GO:0060440	GO:0048645
GO:0060441	GO:0048754
GO:0060442	GO:0060740
GO:0060442	GO:0061138
GO:0060443	GO:0022612
GO:0060444	GO:0048754
GO:0060445	GO:0061138
GO:0060446	GO:0048754
GO:0060450	GO:0043134
GO:0060450	GO:0045987
GO:0060450	GO:0060456
GO:0060451	GO:0043134
GO:0060451	GO:0045986
GO:0060451	GO:0060457
GO:0060452	GO:0045823
GO:0060452	GO:0045989
GO:0060452	GO:0055117
GO:0060453	GO:0044058
GO:0060453	GO:0051046
GO:0060454	GO:0051047
GO:0060454	GO:0060453
GO:0060454	GO:0060456
GO:0060455	GO:0051048
GO:0060455	GO:0060453
GO:0060455	GO:0060457
GO:0060456	GO:0044058
GO:0060456	GO:0051240
GO:0060457	GO:0044058
GO:0060457	GO:0051241
GO:0060458	GO:0030324
GO:0060459	GO:0030324
GO:0060460	GO:0060425
GO:0060461	GO:0060425
GO:0060462	GO:0048856
GO:0060463	GO:0009653
GO:0060464	GO:0048646
GO:0060465	GO:0048856
GO:0060467	GO:0080154
GO:0060467	GO:2000242
GO:0060468	GO:0060467
GO:0060470	GO:0007204
GO:0060474	GO:0022414
GO:0060474	GO:1902093
GO:0060479	GO:0030154
GO:0060480	GO:0061140
GO:0060481	GO:0060428
GO:0060482	GO:0060433
GO:0060483	GO:0060484
GO:0060484	GO:0060485
GO:0060485	GO:0009888
GO:0060486	GO:0060487
GO:0060487	GO:0030855
GO:0060487	GO:0060479
GO:0060490	GO:0060601
GO:0060491	GO:0031344
GO:0060491	GO:0044087
GO:0060495	GO:0007267
GO:0060496	GO:0060495
GO:0060496	GO:0060638
GO:0060497	GO:0007267
GO:0060501	GO:0050679
GO:0060501	GO:2000794
GO:0060502	GO:0050673
GO:0060509	GO:0060487
GO:0060510	GO:0061140
GO:0060512	GO:0003006
GO:0060512	GO:0022612
GO:0060513	GO:0016331
GO:0060513	GO:0048645
GO:0060513	GO:0060572
GO:0060513	GO:0060601
GO:0060513	GO:0060740
GO:0060525	GO:0003006
GO:0060525	GO:0048856
GO:0060526	GO:0060740
GO:0060530	GO:0003006
GO:0060530	GO:0051145
GO:0060531	GO:0060742
GO:0060531	GO:0061101
GO:0060532	GO:0051216
GO:0060533	GO:0060536
GO:0060534	GO:0051216
GO:0060535	GO:0060536
GO:0060536	GO:0009887
GO:0060536	GO:0048729
GO:0060537	GO:0009888
GO:0060538	GO:0007517
GO:0060539	GO:0060538
GO:0060540	GO:0048644
GO:0060541	GO:0048731
GO:0060560	GO:0048589
GO:0060561	GO:1902742
GO:0060562	GO:0002009
GO:0060562	GO:0035239
GO:0060563	GO:0002065
GO:0060568	GO:0032350
GO:0060568	GO:0034248
GO:0060568	GO:0070613
GO:0060569	GO:0010954
GO:0060569	GO:0032352
GO:0060569	GO:0034250
GO:0060569	GO:0060568
GO:0060570	GO:0010955
GO:0060570	GO:0032351
GO:0060570	GO:0034249
GO:0060570	GO:0060568
GO:0060571	GO:0002009
GO:0060572	GO:0060571
GO:0060574	GO:0002069
GO:0060575	GO:0002065
GO:0060576	GO:0002066
GO:0060577	GO:0048845
GO:0060578	GO:0048845
GO:0060581	GO:0045165
GO:0060586	GO:0055080
GO:0060586	GO:0098771
GO:0060586	GO:0140962
GO:0060591	GO:0030154
GO:0060592	GO:0048646
GO:0060596	GO:0060788
GO:0060599	GO:0060601
GO:0060601	GO:0002009
GO:0060603	GO:0060562
GO:0060606	GO:0035148
GO:0060607	GO:0098609
GO:0060608	GO:0060607
GO:0060610	GO:0048762
GO:0060611	GO:0060612
GO:0060612	GO:0061448
GO:0060613	GO:0060612
GO:0060615	GO:0016331
GO:0060615	GO:0048646
GO:0060616	GO:0016331
GO:0060616	GO:0072175
GO:0060618	GO:0048856
GO:0060619	GO:0010631
GO:0060623	GO:0033044
GO:0060627	GO:0050794
GO:0060627	GO:0051049
GO:0060632	GO:0032886
GO:0060638	GO:0007267
GO:0060642	GO:0050872
GO:0060643	GO:0060644
GO:0060644	GO:0030855
GO:0060647	GO:0098609
GO:0060648	GO:0060572
GO:0060652	GO:0060562
GO:0060653	GO:0060644
GO:0060655	GO:0060444
GO:0060658	GO:0009653
GO:0060659	GO:0048646
GO:0060660	GO:0048730
GO:0060661	GO:0048646
GO:0060664	GO:0050673
GO:0060669	GO:0048598
GO:0060670	GO:0048598
GO:0060670	GO:0061138
GO:0060671	GO:0030855
GO:0060671	GO:0060706
GO:0060673	GO:0007267
GO:0060674	GO:0001568
GO:0060675	GO:0072171
GO:0060676	GO:0072172
GO:0060677	GO:0060560
GO:0060680	GO:0060601
GO:0060682	GO:0060560
GO:0060684	GO:0007267
GO:0060685	GO:0003156
GO:0060685	GO:0060688
GO:0060685	GO:1905330
GO:0060685	GO:2000241
GO:0060686	GO:0060685
GO:0060686	GO:1905331
GO:0060686	GO:2000242
GO:0060687	GO:0060688
GO:0060687	GO:1905330
GO:0060687	GO:2000241
GO:0060688	GO:0022603
GO:0060688	GO:0051239
GO:0060689	GO:0030154
GO:0060690	GO:0030855
GO:0060690	GO:0060689
GO:0060691	GO:0002070
GO:0060692	GO:0048762
GO:0060692	GO:0060689
GO:0060693	GO:0060688
GO:0060693	GO:1905330
GO:0060693	GO:2000027
GO:0060696	GO:0050994
GO:0060696	GO:1903725
GO:0060697	GO:0050996
GO:0060697	GO:0060696
GO:0060697	GO:1903727
GO:0060704	GO:0060690
GO:0060704	GO:0090425
GO:0060705	GO:0030182
GO:0060705	GO:0060689
GO:0060706	GO:0003006
GO:0060706	GO:0030154
GO:0060708	GO:0060706
GO:0060711	GO:0048856
GO:0060712	GO:0009888
GO:0060713	GO:0048598
GO:0060714	GO:0048646
GO:0060716	GO:0048568
GO:0060716	GO:0060674
GO:0060717	GO:1903867
GO:0060718	GO:0030154
GO:0060719	GO:0048468
GO:0060722	GO:0008283
GO:0060723	GO:0042127
GO:0060736	GO:0003006
GO:0060736	GO:0035265
GO:0060737	GO:0060560
GO:0060737	GO:0060736
GO:0060738	GO:0060684
GO:0060739	GO:0060638
GO:0060740	GO:0002009
GO:0060740	GO:0003006
GO:0060741	GO:0003006
GO:0060741	GO:0009653
GO:0060742	GO:0003006
GO:0060742	GO:0030855
GO:0060743	GO:0002070
GO:0060749	GO:0048856
GO:0060759	GO:0048583
GO:0060760	GO:0048584
GO:0060760	GO:0060759
GO:0060761	GO:0048585
GO:0060761	GO:0060759
GO:0060762	GO:0060688
GO:0060762	GO:1905330
GO:0060762	GO:2000027
GO:0060763	GO:0060560
GO:0060764	GO:0007267
GO:0060767	GO:0050673
GO:0060768	GO:0050678
GO:0060769	GO:0050679
GO:0060769	GO:0051094
GO:0060769	GO:0060768
GO:0060769	GO:2000243
GO:0060770	GO:0050680
GO:0060770	GO:0051093
GO:0060770	GO:0051241
GO:0060770	GO:0060768
GO:0060770	GO:2000242
GO:0060781	GO:0010463
GO:0060782	GO:0010464
GO:0060784	GO:0042127
GO:0060785	GO:0042981
GO:0060786	GO:0045595
GO:0060788	GO:0048646
GO:0060789	GO:0060788
GO:0060790	GO:0060788
GO:0060791	GO:0060788
GO:0060792	GO:0048732
GO:0060793	GO:0060788
GO:0060795	GO:0045165
GO:0060800	GO:0045595
GO:0060800	GO:2000241
GO:0060806	GO:0045596
GO:0060806	GO:0060800
GO:0060806	GO:2000242
GO:0060815	GO:0006417
GO:0060836	GO:0045446
GO:0060837	GO:0045446
GO:0060840	GO:0001568
GO:0060841	GO:0001568
GO:0060842	GO:0060837
GO:0060843	GO:0060837
GO:0060854	GO:0048754
GO:0060872	GO:0035295
GO:0060873	GO:0060872
GO:0060874	GO:0060872
GO:0060875	GO:0060872
GO:0060876	GO:0035148
GO:0060877	GO:0003002
GO:0060878	GO:0048598
GO:0060878	GO:0060571
GO:0060879	GO:0060606
GO:0060880	GO:0000902
GO:0060880	GO:0048598
GO:0060882	GO:0034769
GO:0060887	GO:0098773
GO:0060896	GO:0007389
GO:0060897	GO:0003002
GO:0060897	GO:0060896
GO:0060900	GO:0048646
GO:0060907	GO:0010935
GO:0060907	GO:0061081
GO:0060914	GO:0048645
GO:0060915	GO:0048762
GO:0060916	GO:0010463
GO:0060920	GO:0055007
GO:0060921	GO:0060920
GO:0060922	GO:0003292
GO:0060922	GO:0060920
GO:0060926	GO:0055013
GO:0060928	GO:0060926
GO:0060931	GO:0060926
GO:0060932	GO:0055007
GO:0060933	GO:0055006
GO:0060935	GO:0035051
GO:0060936	GO:0055006
GO:0060945	GO:0035051
GO:0060945	GO:0048934
GO:0060946	GO:0003348
GO:0060946	GO:0060837
GO:0060950	GO:0010001
GO:0060950	GO:0035051
GO:0060952	GO:0021782
GO:0060952	GO:0055006
GO:0060956	GO:0003348
GO:0060958	GO:0001885
GO:0060958	GO:0055006
GO:0060959	GO:0048935
GO:0060959	GO:0055006
GO:0060973	GO:0016477
GO:0060974	GO:0060973
GO:0060976	GO:0001568
GO:0060977	GO:0048514
GO:0060978	GO:0001525
GO:0060979	GO:0001570
GO:0060980	GO:0035441
GO:0060980	GO:0060973
GO:0060981	GO:0060973
GO:0060982	GO:0048844
GO:0060982	GO:0060977
GO:0060986	GO:0046879
GO:0060993	GO:0009887
GO:0060995	GO:0007267
GO:0061004	GO:0007389
GO:0061005	GO:0030154
GO:0061006	GO:0042127
GO:0061007	GO:0003008
GO:0061008	GO:0048731
GO:0061009	GO:0035295
GO:0061010	GO:0048513
GO:0061011	GO:0061009
GO:0061017	GO:0030855
GO:0061017	GO:0048863
GO:0061024	GO:0016043
GO:0061025	GO:0061024
GO:0061027	GO:0048856
GO:0061029	GO:0048856
GO:0061030	GO:0060644
GO:0061032	GO:0048856
GO:0061034	GO:0048856
GO:0061035	GO:2000026
GO:0061036	GO:0051094
GO:0061036	GO:0051240
GO:0061036	GO:0061035
GO:0061037	GO:0051093
GO:0061037	GO:0051241
GO:0061037	GO:0061035
GO:0061038	GO:0003006
GO:0061038	GO:0009887
GO:0061040	GO:0035262
GO:0061041	GO:1903034
GO:0061045	GO:0032102
GO:0061045	GO:0061041
GO:0061045	GO:1903035
GO:0061046	GO:0060688
GO:0061046	GO:1905330
GO:0061047	GO:0051240
GO:0061047	GO:0061046
GO:0061047	GO:1905332
GO:0061048	GO:0051241
GO:0061048	GO:0061046
GO:0061048	GO:1905331
GO:0061049	GO:0048588
GO:0061050	GO:0001558
GO:0061050	GO:0055021
GO:0061051	GO:0010613
GO:0061051	GO:0030307
GO:0061051	GO:0051155
GO:0061051	GO:0055023
GO:0061051	GO:0061050
GO:0061052	GO:0010614
GO:0061052	GO:0030308
GO:0061052	GO:0051154
GO:0061052	GO:0055022
GO:0061052	GO:0061050
GO:0061053	GO:0060429
GO:0061054	GO:0048856
GO:0061055	GO:0048856
GO:0061056	GO:0060485
GO:0061061	GO:0048856
GO:0061062	GO:0048580
GO:0061063	GO:0048582
GO:0061063	GO:0061062
GO:0061064	GO:0048581
GO:0061064	GO:0061062
GO:0061068	GO:0048513
GO:0061069	GO:0061068
GO:0061070	GO:0061068
GO:0061071	GO:0035295
GO:0061071	GO:0060429
GO:0061072	GO:0009653
GO:0061073	GO:0009653
GO:0061074	GO:0050793
GO:0061075	GO:0061074
GO:0061075	GO:1902868
GO:0061076	GO:0061074
GO:0061076	GO:1902867
GO:0061079	GO:0048856
GO:0061080	GO:0048856
GO:0061081	GO:0002720
GO:0061082	GO:0002367
GO:0061097	GO:0045859
GO:0061097	GO:0050730
GO:0061098	GO:0045860
GO:0061098	GO:0050731
GO:0061098	GO:0061097
GO:0061099	GO:0006469
GO:0061099	GO:0050732
GO:0061099	GO:0061097
GO:0061100	GO:0061101
GO:0061100	GO:0061140
GO:0061101	GO:0030182
GO:0061101	GO:0060563
GO:0061102	GO:0035883
GO:0061102	GO:0061101
GO:0061104	GO:0002067
GO:0061104	GO:0061101
GO:0061105	GO:0030856
GO:0061105	GO:0045664
GO:0061106	GO:0002085
GO:0061106	GO:0045665
GO:0061106	GO:0061105
GO:0061107	GO:0048608
GO:0061107	GO:0048732
GO:0061108	GO:0003006
GO:0061108	GO:0035295
GO:0061108	GO:0060429
GO:0061109	GO:0033363
GO:0061111	GO:0060495
GO:0061111	GO:0060684
GO:0061113	GO:0009887
GO:0061114	GO:0061138
GO:0061117	GO:0046621
GO:0061117	GO:0060420
GO:0061130	GO:0048645
GO:0061130	GO:0061114
GO:0061130	GO:0072175
GO:0061138	GO:0001763
GO:0061138	GO:0002009
GO:0061140	GO:0060487
GO:0061141	GO:0060487
GO:0061141	GO:1903251
GO:0061143	GO:0060428
GO:0061144	GO:0060428
GO:0061146	GO:0048729
GO:0061147	GO:0003158
GO:0061148	GO:0030198
GO:0061152	GO:0048856
GO:0061153	GO:0048732
GO:0061154	GO:0003159
GO:0061154	GO:0060562
GO:0061155	GO:0061154
GO:0061156	GO:0048844
GO:0061168	GO:0022603
GO:0061169	GO:0051094
GO:0061169	GO:0061168
GO:0061170	GO:0051799
GO:0061170	GO:0061168
GO:0061178	GO:0050796
GO:0061178	GO:0060341
GO:0061179	GO:0046676
GO:0061179	GO:0048585
GO:0061179	GO:0061178
GO:0061180	GO:0060429
GO:0061181	GO:0032330
GO:0061181	GO:0060284
GO:0061182	GO:0010721
GO:0061182	GO:0032331
GO:0061182	GO:0061181
GO:0061183	GO:0050793
GO:0061184	GO:0040019
GO:0061184	GO:0061183
GO:0061185	GO:0045992
GO:0061185	GO:0061183
GO:0061189	GO:0051094
GO:0061189	GO:0061190
GO:0061190	GO:0050793
GO:0061193	GO:0007423
GO:0061194	GO:0090596
GO:0061195	GO:0048646
GO:0061196	GO:0048856
GO:0061197	GO:0009653
GO:0061198	GO:0048646
GO:0061205	GO:0003006
GO:0061205	GO:0035295
GO:0061206	GO:0060993
GO:0061208	GO:0061005
GO:0061209	GO:0072111
GO:0061210	GO:0060995
GO:0061211	GO:0072044
GO:0061212	GO:0072051
GO:0061213	GO:0061217
GO:0061213	GO:0090184
GO:0061214	GO:0072194
GO:0061215	GO:0072006
GO:0061217	GO:0090183
GO:0061218	GO:0061217
GO:0061218	GO:0090185
GO:0061219	GO:0072074
GO:0061220	GO:0061241
GO:0061220	GO:0072024
GO:0061221	GO:0072131
GO:0061224	GO:0032835
GO:0061227	GO:0061004
GO:0061228	GO:0072028
GO:0061231	GO:0072012
GO:0061232	GO:0061241
GO:0061232	GO:0072010
GO:0061234	GO:0072102
GO:0061235	GO:0072038
GO:0061236	GO:0072049
GO:0061240	GO:0072171
GO:0061241	GO:0072009
GO:0061241	GO:0072163
GO:0061242	GO:0061241
GO:0061242	GO:0072080
GO:0061242	GO:0072164
GO:0061243	GO:0072077
GO:0061244	GO:0072050
GO:0061247	GO:0072109
GO:0061248	GO:0072103
GO:0061249	GO:0072104
GO:0061250	GO:0061208
GO:0061250	GO:0072311
GO:0061251	GO:0072310
GO:0061256	GO:0061250
GO:0061256	GO:0072112
GO:0061257	GO:0061251
GO:0061257	GO:0072015
GO:0061261	GO:0035850
GO:0061261	GO:0060231
GO:0061261	GO:0061208
GO:0061262	GO:0072033
GO:0061265	GO:0061208
GO:0061265	GO:0072160
GO:0061271	GO:0061261
GO:0061271	GO:0072036
GO:0061272	GO:0061242
GO:0061272	GO:0072027
GO:0061273	GO:0061240
GO:0061273	GO:0072156
GO:0061274	GO:0061242
GO:0061274	GO:0072017
GO:0061275	GO:0061242
GO:0061275	GO:0072014
GO:0061276	GO:0061240
GO:0061276	GO:0072158
GO:0061277	GO:0072172
GO:0061278	GO:0072155
GO:0061279	GO:0061278
GO:0061279	GO:0072157
GO:0061280	GO:0061278
GO:0061280	GO:0072159
GO:0061285	GO:0072127
GO:0061286	GO:0072128
GO:0061287	GO:0072129
GO:0061295	GO:0072039
GO:0061296	GO:0061218
GO:0061296	GO:0061295
GO:0061296	GO:0072040
GO:0061297	GO:0061213
GO:0061297	GO:0061295
GO:0061297	GO:0072041
GO:0061298	GO:0001944
GO:0061299	GO:0009653
GO:0061300	GO:0001944
GO:0061301	GO:0009653
GO:0061303	GO:0048856
GO:0061304	GO:0048514
GO:0061304	GO:0061299
GO:0061307	GO:0014033
GO:0061307	GO:0035051
GO:0061308	GO:0014032
GO:0061309	GO:0061308
GO:0061311	GO:0007166
GO:0061318	GO:0030154
GO:0061323	GO:0008283
GO:0061325	GO:0061323
GO:0061326	GO:0035295
GO:0061326	GO:0060429
GO:0061331	GO:2001013
GO:0061332	GO:0060572
GO:0061332	GO:0072175
GO:0061333	GO:0060562
GO:0061334	GO:0016477
GO:0061335	GO:0048588
GO:0061335	GO:0060560
GO:0061336	GO:0000902
GO:0061337	GO:0008016
GO:0061343	GO:0007155
GO:0061344	GO:0030155
GO:0061351	GO:0008283
GO:0061352	GO:0060326
GO:0061352	GO:0061334
GO:0061360	GO:0048856
GO:0061370	GO:0006694
GO:0061370	GO:0042181
GO:0061370	GO:0120255
GO:0061373	GO:0048856
GO:0061374	GO:0048856
GO:0061375	GO:0048856
GO:0061376	GO:0048856
GO:0061377	GO:0048856
GO:0061378	GO:0048856
GO:0061379	GO:0048856
GO:0061380	GO:0048856
GO:0061383	GO:0009653
GO:0061384	GO:0061383
GO:0061385	GO:0048144
GO:0061385	GO:0061323
GO:0061430	GO:0061383
GO:0061437	GO:0001944
GO:0061438	GO:0009653
GO:0061439	GO:0009653
GO:0061440	GO:0061437
GO:0061441	GO:0048844
GO:0061448	GO:0009888
GO:0061449	GO:0021884
GO:0061450	GO:0001667
GO:0061451	GO:0048857
GO:0061452	GO:0021953
GO:0061453	GO:0060563
GO:0061453	GO:0060575
GO:0061454	GO:0051209
GO:0061454	GO:0061856
GO:0061458	GO:0048731
GO:0061462	GO:0072665
GO:0061469	GO:0050678
GO:0061484	GO:0048872
GO:0061512	GO:0033365
GO:0061515	GO:0030097
GO:0061519	GO:0001776
GO:0061519	GO:0002262
GO:0061520	GO:0043011
GO:0061521	GO:0030154
GO:0061523	GO:0044782
GO:0061523	GO:1903008
GO:0061524	GO:0048856
GO:0061525	GO:0048565
GO:0061526	GO:0015870
GO:0061526	GO:0023061
GO:0061527	GO:0099124
GO:0061527	GO:0160043
GO:0061533	GO:0048243
GO:0061533	GO:0160043
GO:0061534	GO:0007269
GO:0061534	GO:0014051
GO:0061535	GO:0007269
GO:0061535	GO:0014047
GO:0061535	GO:0051938
GO:0061548	GO:0009888
GO:0061549	GO:0061548
GO:0061550	GO:0061548
GO:0061551	GO:0061550
GO:0061552	GO:0048729
GO:0061553	GO:0071695
GO:0061554	GO:0048646
GO:0061556	GO:0061559
GO:0061557	GO:0061558
GO:0061558	GO:0061553
GO:0061559	GO:0061552
GO:0061560	GO:0061554
GO:0061561	GO:0061560
GO:0061564	GO:0031175
GO:0061572	GO:0007015
GO:0061580	GO:0061582
GO:0061581	GO:0010631
GO:0061582	GO:0010631
GO:0061626	GO:0048844
GO:0061629	GO:0140297
GO:0061682	GO:0022612
GO:0061683	GO:0061138
GO:0061687	GO:0098754
GO:0061695	GO:1990234
GO:0061713	GO:0060606
GO:0061725	GO:0016042
GO:0061792	GO:0033363
GO:0061792	GO:0071695
GO:0061842	GO:0009987
GO:0061842	GO:0051179
GO:0061844	GO:0019730
GO:0061853	GO:0030334
GO:0061854	GO:0030335
GO:0061854	GO:0061853
GO:0061855	GO:0030336
GO:0061855	GO:0061853
GO:0061856	GO:0032472
GO:0061856	GO:0070588
GO:0061868	GO:0010761
GO:0061869	GO:0010762
GO:0061870	GO:0010763
GO:0061870	GO:0061869
GO:0061871	GO:0010764
GO:0061871	GO:0061869
GO:0061888	GO:0048710
GO:0061888	GO:0050865
GO:0061889	GO:0048712
GO:0061889	GO:0050866
GO:0061889	GO:0061888
GO:0061889	GO:0150079
GO:0061890	GO:0048711
GO:0061890	GO:0050867
GO:0061890	GO:0061888
GO:0061890	GO:0150078
GO:0061900	GO:0001775
GO:0061934	GO:0006141
GO:0061934	GO:0009889
GO:0061938	GO:0008104
GO:0061951	GO:0090150
GO:0061971	GO:0060349
GO:0061972	GO:0061973
GO:0061973	GO:0060349
GO:0061974	GO:0061973
GO:0061983	GO:1903046
GO:0062009	GO:0060021
GO:0062010	GO:0060021
GO:0062012	GO:0019222
GO:0062013	GO:0009893
GO:0062013	GO:0062012
GO:0062014	GO:0009892
GO:0062014	GO:0062012
GO:0062033	GO:0033047
GO:0062033	GO:0051984
GO:0062033	GO:2001252
GO:0062094	GO:0048856
GO:0062149	GO:0050906
GO:0062171	GO:0016123
GO:0062172	GO:0016124
GO:0062223	GO:0050793
GO:0062224	GO:0051094
GO:0062224	GO:0062223
GO:0062225	GO:0051093
GO:0062225	GO:0062223
GO:0062236	GO:0030855
GO:0062237	GO:0035418
GO:0065002	GO:0006886
GO:0065002	GO:0071806
GO:0065003	GO:0022607
GO:0065003	GO:0043933
GO:0065007	GO:0008150
GO:0065008	GO:0065007
GO:0065009	GO:0065007
GO:0065010	GO:0043227
GO:0065010	GO:0043230
GO:0070013	GO:0043233
GO:0070050	GO:0019725
GO:0070051	GO:0044877
GO:0070062	GO:1903561
GO:0070091	GO:0030072
GO:0070092	GO:0090276
GO:0070093	GO:0070092
GO:0070093	GO:0090278
GO:0070094	GO:0070092
GO:0070094	GO:0090277
GO:0070121	GO:0048856
GO:0070160	GO:0005911
GO:0070161	GO:0030054
GO:0070167	GO:2000026
GO:0070168	GO:0051093
GO:0070168	GO:0070167
GO:0070169	GO:0051094
GO:0070169	GO:0070167
GO:0070170	GO:0070167
GO:0070171	GO:0070168
GO:0070171	GO:0070170
GO:0070172	GO:0070169
GO:0070172	GO:0070170
GO:0070192	GO:0051276
GO:0070192	GO:1903046
GO:0070199	GO:0072594
GO:0070201	GO:0032880
GO:0070202	GO:0070201
GO:0070227	GO:0071887
GO:0070228	GO:2000106
GO:0070229	GO:0070228
GO:0070229	GO:2000107
GO:0070230	GO:0070228
GO:0070230	GO:2000108
GO:0070231	GO:0070227
GO:0070232	GO:0070228
GO:0070233	GO:0070229
GO:0070233	GO:0070232
GO:0070234	GO:0070230
GO:0070234	GO:0070232
GO:0070242	GO:0070231
GO:0070243	GO:0070232
GO:0070244	GO:0070233
GO:0070244	GO:0070243
GO:0070245	GO:0070234
GO:0070245	GO:0070243
GO:0070246	GO:0070227
GO:0070247	GO:0070228
GO:0070248	GO:0070229
GO:0070248	GO:0070247
GO:0070249	GO:0070230
GO:0070249	GO:0070247
GO:0070253	GO:0030072
GO:0070254	GO:0007589
GO:0070254	GO:0032941
GO:0070255	GO:0050878
GO:0070255	GO:0051046
GO:0070255	GO:0051239
GO:0070256	GO:0051048
GO:0070256	GO:0051241
GO:0070256	GO:0070255
GO:0070257	GO:0051047
GO:0070257	GO:0051240
GO:0070257	GO:0070255
GO:0070278	GO:0032940
GO:0070285	GO:0048468
GO:0070293	GO:0003014
GO:0070295	GO:0003097
GO:0070295	GO:0070293
GO:0070306	GO:0030855
GO:0070307	GO:0002064
GO:0070341	GO:0008283
GO:0070342	GO:0070341
GO:0070343	GO:0070341
GO:0070344	GO:0042127
GO:0070345	GO:0008285
GO:0070345	GO:0070344
GO:0070346	GO:0008284
GO:0070346	GO:0070344
GO:0070347	GO:0070344
GO:0070348	GO:0070345
GO:0070348	GO:0070347
GO:0070349	GO:0070346
GO:0070349	GO:0070347
GO:0070350	GO:0070344
GO:0070351	GO:0070345
GO:0070351	GO:0070350
GO:0070352	GO:0070346
GO:0070352	GO:0070350
GO:0070365	GO:0030855
GO:0070366	GO:0030856
GO:0070367	GO:0030857
GO:0070367	GO:0051241
GO:0070367	GO:0070366
GO:0070368	GO:0030858
GO:0070368	GO:0051240
GO:0070368	GO:0070366
GO:0070382	GO:0030133
GO:0070382	GO:0099503
GO:0070384	GO:0048732
GO:0070405	GO:0043169
GO:0070444	GO:0061351
GO:0070445	GO:2000177
GO:0070446	GO:0014014
GO:0070446	GO:0070445
GO:0070446	GO:2000178
GO:0070447	GO:0014015
GO:0070447	GO:0070445
GO:0070447	GO:2000179
GO:0070451	GO:0120025
GO:0070459	GO:0009306
GO:0070459	GO:0030072
GO:0070460	GO:0030072
GO:0070482	GO:0009628
GO:0070483	GO:0001666
GO:0070483	GO:0003032
GO:0070507	GO:0032886
GO:0070507	GO:0051493
GO:0070509	GO:0006816
GO:0070542	GO:0033993
GO:0070542	GO:1901700
GO:0070560	GO:0009306
GO:0070560	GO:0051649
GO:0070560	GO:0140029
GO:0070586	GO:0098609
GO:0070587	GO:0022407
GO:0070588	GO:0006816
GO:0070588	GO:0098655
GO:0070613	GO:0030162
GO:0070613	GO:1903317
GO:0070633	GO:0006810
GO:0070634	GO:0070633
GO:0070634	GO:0071705
GO:0070661	GO:0008283
GO:0070663	GO:0042127
GO:0070664	GO:0008285
GO:0070664	GO:0070663
GO:0070665	GO:0008284
GO:0070665	GO:0070663
GO:0070828	GO:0006325
GO:0070830	GO:0120192
GO:0070831	GO:0071711
GO:0070831	GO:0085029
GO:0070851	GO:0005102
GO:0070857	GO:0010565
GO:0070857	GO:0050810
GO:0070857	GO:0062012
GO:0070858	GO:0010894
GO:0070858	GO:0062014
GO:0070858	GO:0070857
GO:0070859	GO:0010893
GO:0070859	GO:0062013
GO:0070859	GO:0070857
GO:0070873	GO:0032881
GO:0070873	GO:0043467
GO:0070874	GO:0010605
GO:0070874	GO:0045912
GO:0070874	GO:0070873
GO:0070875	GO:0010604
GO:0070875	GO:0010907
GO:0070875	GO:0070873
GO:0070887	GO:0042221
GO:0070887	GO:0051716
GO:0070925	GO:0006996
GO:0070925	GO:0022607
GO:0070942	GO:0001909
GO:0070942	GO:0002446
GO:0070948	GO:0001910
GO:0070948	GO:0002886
GO:0070954	GO:0001911
GO:0070954	GO:0002887
GO:0070954	GO:0070948
GO:0070960	GO:0001912
GO:0070960	GO:0002888
GO:0070960	GO:0070948
GO:0070977	GO:0048799
GO:0071071	GO:0046890
GO:0071071	GO:1903725
GO:0071072	GO:0051055
GO:0071072	GO:0071071
GO:0071072	GO:1903726
GO:0071073	GO:0046889
GO:0071073	GO:0071071
GO:0071073	GO:1903727
GO:0071109	GO:0048856
GO:0071166	GO:0051641
GO:0071168	GO:0034502
GO:0071169	GO:0070199
GO:0071214	GO:0009628
GO:0071214	GO:0104004
GO:0071229	GO:0001101
GO:0071229	GO:0070887
GO:0071230	GO:0043200
GO:0071230	GO:0071229
GO:0071234	GO:0071230
GO:0071234	GO:0080053
GO:0071234	GO:1901699
GO:0071234	GO:1901701
GO:0071242	GO:0060359
GO:0071242	GO:1901699
GO:0071244	GO:0010037
GO:0071244	GO:1901701
GO:0071248	GO:0010038
GO:0071248	GO:0070887
GO:0071277	GO:0051592
GO:0071277	GO:0071248
GO:0071281	GO:0010039
GO:0071281	GO:0071248
GO:0071311	GO:0010034
GO:0071311	GO:1901701
GO:0071312	GO:0043279
GO:0071312	GO:1901699
GO:0071318	GO:0033198
GO:0071318	GO:1901699
GO:0071318	GO:1901701
GO:0071322	GO:0009743
GO:0071322	GO:1901701
GO:0071323	GO:0010200
GO:0071323	GO:1901699
GO:0071323	GO:1901701
GO:0071326	GO:0034284
GO:0071326	GO:0071322
GO:0071331	GO:0009746
GO:0071331	GO:0071326
GO:0071333	GO:0001678
GO:0071333	GO:0009749
GO:0071333	GO:0071331
GO:0071345	GO:0034097
GO:0071375	GO:0032870
GO:0071375	GO:0043434
GO:0071375	GO:1901699
GO:0071375	GO:1901701
GO:0071377	GO:0033762
GO:0071377	GO:0071375
GO:0071383	GO:0032870
GO:0071383	GO:0048545
GO:0071383	GO:0071396
GO:0071384	GO:0031960
GO:0071384	GO:0071383
GO:0071385	GO:0051384
GO:0071385	GO:0071384
GO:0071389	GO:0051385
GO:0071389	GO:0071384
GO:0071393	GO:0032570
GO:0071393	GO:0071383
GO:0071393	GO:1901655
GO:0071394	GO:0033574
GO:0071394	GO:0071396
GO:0071394	GO:1901655
GO:0071396	GO:0033993
GO:0071396	GO:0070887
GO:0071398	GO:0070542
GO:0071398	GO:0071396
GO:0071398	GO:1901701
GO:0071418	GO:0014075
GO:0071418	GO:1901699
GO:0071420	GO:0034776
GO:0071420	GO:1901699
GO:0071425	GO:0072089
GO:0071462	GO:0009415
GO:0071462	GO:0071214
GO:0071462	GO:0071229
GO:0071462	GO:1901701
GO:0071466	GO:0009410
GO:0071466	GO:0070887
GO:0071495	GO:0009719
GO:0071542	GO:0030182
GO:0071570	GO:0048732
GO:0071599	GO:0007423
GO:0071599	GO:0035295
GO:0071599	GO:0048839
GO:0071599	GO:0060429
GO:0071600	GO:0042472
GO:0071600	GO:0048562
GO:0071600	GO:0060562
GO:0071621	GO:0030595
GO:0071621	GO:0097530
GO:0071622	GO:0002688
GO:0071623	GO:0002689
GO:0071623	GO:0071622
GO:0071624	GO:0002690
GO:0071624	GO:0071622
GO:0071625	GO:0007610
GO:0071626	GO:0022600
GO:0071670	GO:0014909
GO:0071670	GO:0060326
GO:0071671	GO:0014910
GO:0071671	GO:0050920
GO:0071672	GO:0014912
GO:0071672	GO:0050922
GO:0071672	GO:0071671
GO:0071673	GO:0014911
GO:0071673	GO:0050921
GO:0071673	GO:0071671
GO:0071674	GO:0050900
GO:0071675	GO:0002685
GO:0071676	GO:0002686
GO:0071676	GO:0071675
GO:0071677	GO:0002687
GO:0071677	GO:0071675
GO:0071684	GO:0032501
GO:0071692	GO:0033036
GO:0071695	GO:0021700
GO:0071696	GO:0048856
GO:0071697	GO:0009653
GO:0071698	GO:0071696
GO:0071699	GO:0048598
GO:0071699	GO:0071697
GO:0071700	GO:0071695
GO:0071705	GO:0006810
GO:0071707	GO:0033152
GO:0071708	GO:0033152
GO:0071709	GO:0022607
GO:0071709	GO:0061024
GO:0071711	GO:0030198
GO:0071728	GO:0048856
GO:0071729	GO:0009653
GO:0071730	GO:0048646
GO:0071735	GO:0019814
GO:0071738	GO:0019814
GO:0071742	GO:0019814
GO:0071745	GO:0019814
GO:0071753	GO:0019814
GO:0071763	GO:0061024
GO:0071764	GO:0071763
GO:0071805	GO:0006813
GO:0071805	GO:0098655
GO:0071806	GO:0015031
GO:0071806	GO:0055085
GO:0071826	GO:0043933
GO:0071834	GO:0030072
GO:0071840	GO:0009987
GO:0071867	GO:1901698
GO:0071868	GO:0071867
GO:0071868	GO:1901699
GO:0071869	GO:0071867
GO:0071869	GO:1901700
GO:0071870	GO:0071868
GO:0071870	GO:0071869
GO:0071870	GO:1901701
GO:0071873	GO:0071869
GO:0071874	GO:0071870
GO:0071874	GO:0071873
GO:0071887	GO:0006915
GO:0071888	GO:0006925
GO:0071888	GO:0033028
GO:0071888	GO:0071887
GO:0071890	GO:0043168
GO:0071895	GO:0060563
GO:0071897	GO:0006259
GO:0071897	GO:0141187
GO:0071944	GO:0110165
GO:0071953	GO:0099512
GO:0071971	GO:0016050
GO:0071971	GO:0070925
GO:0072001	GO:0048731
GO:0072002	GO:0048513
GO:0072002	GO:0061326
GO:0072003	GO:0048646
GO:0072006	GO:0048856
GO:0072007	GO:0061005
GO:0072007	GO:1904238
GO:0072009	GO:0072073
GO:0072010	GO:0072009
GO:0072011	GO:0003158
GO:0072011	GO:0072010
GO:0072012	GO:0001568
GO:0072012	GO:0061440
GO:0072014	GO:0072080
GO:0072015	GO:0072310
GO:0072016	GO:0072310
GO:0072017	GO:0072080
GO:0072019	GO:0072080
GO:0072020	GO:0072080
GO:0072021	GO:0072080
GO:0072022	GO:0048856
GO:0072023	GO:0072080
GO:0072024	GO:0072009
GO:0072025	GO:0072080
GO:0072027	GO:0072080
GO:0072028	GO:0009653
GO:0072029	GO:0072006
GO:0072030	GO:0072006
GO:0072031	GO:0035295
GO:0072032	GO:0035295
GO:0072033	GO:0048646
GO:0072036	GO:0035850
GO:0072036	GO:0060231
GO:0072038	GO:0035019
GO:0072039	GO:1902337
GO:0072039	GO:1904672
GO:0072039	GO:2001053
GO:0072040	GO:0072039
GO:0072040	GO:1902338
GO:0072040	GO:1904673
GO:0072040	GO:2001054
GO:0072041	GO:0072039
GO:0072041	GO:1902339
GO:0072041	GO:1904674
GO:0072041	GO:2001055
GO:0072044	GO:0035295
GO:0072048	GO:0007389
GO:0072049	GO:0009653
GO:0072050	GO:0009653
GO:0072051	GO:0048856
GO:0072052	GO:0061005
GO:0072053	GO:0048856
GO:0072054	GO:0048856
GO:0072055	GO:0048856
GO:0072056	GO:0048856
GO:0072057	GO:0048856
GO:0072058	GO:0048856
GO:0072059	GO:0048856
GO:0072060	GO:0072044
GO:0072061	GO:0072044
GO:0072063	GO:0072009
GO:0072063	GO:0072022
GO:0072064	GO:0072009
GO:0072064	GO:0072022
GO:0072065	GO:0035295
GO:0072066	GO:0035295
GO:0072067	GO:0072009
GO:0072068	GO:0072009
GO:0072070	GO:0072080
GO:0072071	GO:0061005
GO:0072073	GO:0060429
GO:0072074	GO:0060485
GO:0072075	GO:0072074
GO:0072076	GO:0072074
GO:0072077	GO:0002009
GO:0072078	GO:0061333
GO:0072078	GO:0072088
GO:0072079	GO:0001838
GO:0072080	GO:0061326
GO:0072080	GO:0072009
GO:0072087	GO:0072073
GO:0072088	GO:0002009
GO:0072089	GO:0008283
GO:0072091	GO:0042127
GO:0072093	GO:0072033
GO:0072098	GO:0009952
GO:0072098	GO:0061004
GO:0072099	GO:0061227
GO:0072099	GO:0072098
GO:0072102	GO:0009653
GO:0072103	GO:0048514
GO:0072103	GO:0061439
GO:0072104	GO:0001525
GO:0072105	GO:0014849
GO:0072105	GO:0030432
GO:0072106	GO:0061217
GO:0072106	GO:1905276
GO:0072106	GO:2000027
GO:0072107	GO:0072106
GO:0072107	GO:0110110
GO:0072107	GO:1905278
GO:0072108	GO:0003339
GO:0072108	GO:1905332
GO:0072108	GO:2000698
GO:0072109	GO:0061448
GO:0072111	GO:0008283
GO:0072112	GO:0061318
GO:0072112	GO:0072311
GO:0072113	GO:0048534
GO:0072113	GO:0048793
GO:0072114	GO:0060993
GO:0072115	GO:0072114
GO:0072116	GO:0048645
GO:0072116	GO:0072003
GO:0072117	GO:0072116
GO:0072120	GO:0048799
GO:0072121	GO:0072120
GO:0072127	GO:0061448
GO:0072128	GO:0048729
GO:0072129	GO:0048646
GO:0072131	GO:0072132
GO:0072132	GO:0048729
GO:0072133	GO:0072131
GO:0072134	GO:0072131
GO:0072138	GO:0010463
GO:0072138	GO:0061209
GO:0072139	GO:0072311
GO:0072141	GO:0048468
GO:0072142	GO:0048468
GO:0072143	GO:0048468
GO:0072155	GO:0010631
GO:0072155	GO:0035787
GO:0072156	GO:0072078
GO:0072157	GO:0072155
GO:0072158	GO:0072078
GO:0072159	GO:0072155
GO:0072160	GO:0035850
GO:0072161	GO:0061005
GO:0072161	GO:2001012
GO:0072163	GO:0072073
GO:0072164	GO:0035295
GO:0072164	GO:0072163
GO:0072165	GO:0072164
GO:0072166	GO:0072164
GO:0072170	GO:0035295
GO:0072170	GO:0072207
GO:0072171	GO:0072078
GO:0072172	GO:0072079
GO:0072173	GO:0060562
GO:0072174	GO:0072175
GO:0072175	GO:0035148
GO:0072176	GO:0035295
GO:0072176	GO:0072073
GO:0072177	GO:0072164
GO:0072177	GO:0072176
GO:0072178	GO:0060562
GO:0072179	GO:0072175
GO:0072180	GO:0072171
GO:0072180	GO:0072178
GO:0072181	GO:0072172
GO:0072181	GO:0072179
GO:0072181	GO:0072180
GO:0072182	GO:2000696
GO:0072183	GO:0072182
GO:0072183	GO:0090185
GO:0072183	GO:2000697
GO:0072185	GO:0072075
GO:0072186	GO:0072133
GO:0072187	GO:0048646
GO:0072189	GO:0035295
GO:0072189	GO:0048513
GO:0072190	GO:0060429
GO:0072191	GO:0048745
GO:0072193	GO:0051145
GO:0072194	GO:0048745
GO:0072197	GO:0009887
GO:0072197	GO:0035239
GO:0072198	GO:0010463
GO:0072199	GO:0010464
GO:0072200	GO:0051093
GO:0072200	GO:0051241
GO:0072200	GO:0072199
GO:0072200	GO:0072201
GO:0072201	GO:0008285
GO:0072201	GO:0010464
GO:0072202	GO:0061005
GO:0072203	GO:0072111
GO:0072204	GO:0060995
GO:0072205	GO:0072044
GO:0072206	GO:0072051
GO:0072207	GO:0072073
GO:0072208	GO:0072194
GO:0072210	GO:0072006
GO:0072211	GO:0072056
GO:0072213	GO:0072127
GO:0072214	GO:0060485
GO:0072214	GO:0072055
GO:0072215	GO:0090183
GO:0072216	GO:0072215
GO:0072216	GO:0090184
GO:0072217	GO:0072215
GO:0072217	GO:0090185
GO:0072218	GO:0072021
GO:0072218	GO:0072234
GO:0072219	GO:0072059
GO:0072220	GO:0072022
GO:0072221	GO:0072025
GO:0072221	GO:0072234
GO:0072222	GO:0072067
GO:0072222	GO:0072243
GO:0072223	GO:0072109
GO:0072224	GO:0032835
GO:0072225	GO:0072068
GO:0072225	GO:0072243
GO:0072226	GO:0072065
GO:0072227	GO:0072024
GO:0072227	GO:0072243
GO:0072228	GO:0072066
GO:0072229	GO:0072019
GO:0072229	GO:0072234
GO:0072230	GO:0072020
GO:0072230	GO:0072234
GO:0072231	GO:0072031
GO:0072233	GO:0072023
GO:0072233	GO:0072234
GO:0072234	GO:0072080
GO:0072234	GO:0072170
GO:0072234	GO:0072243
GO:0072235	GO:0072017
GO:0072235	GO:0072234
GO:0072236	GO:0072070
GO:0072236	GO:0072234
GO:0072237	GO:0072014
GO:0072237	GO:0072234
GO:0072238	GO:0072029
GO:0072238	GO:0072210
GO:0072239	GO:0072012
GO:0072243	GO:0072009
GO:0072243	GO:0072207
GO:0072244	GO:0072010
GO:0072244	GO:0072243
GO:0072248	GO:0072112
GO:0072248	GO:0072312
GO:0072249	GO:0072015
GO:0072249	GO:0072313
GO:0072257	GO:0072160
GO:0072257	GO:0072202
GO:0072264	GO:0072011
GO:0072264	GO:0072244
GO:0072265	GO:0072128
GO:0072266	GO:0072129
GO:0072268	GO:0061004
GO:0072269	GO:0072064
GO:0072269	GO:0072243
GO:0072270	GO:0072030
GO:0072270	GO:0072210
GO:0072271	GO:0072063
GO:0072271	GO:0072243
GO:0072273	GO:0072028
GO:0072275	GO:0072102
GO:0072276	GO:0072103
GO:0072277	GO:0072104
GO:0072278	GO:0072049
GO:0072282	GO:0072078
GO:0072282	GO:0072173
GO:0072283	GO:0072077
GO:0072284	GO:0072050
GO:0072285	GO:0003337
GO:0072285	GO:0072036
GO:0072286	GO:0072027
GO:0072286	GO:0072234
GO:0072287	GO:0072156
GO:0072287	GO:0072282
GO:0072288	GO:0072158
GO:0072288	GO:0072282
GO:0072289	GO:0072079
GO:0072289	GO:0072174
GO:0072290	GO:0035788
GO:0072290	GO:0072155
GO:0072291	GO:0072157
GO:0072291	GO:0072290
GO:0072292	GO:0072159
GO:0072292	GO:0072290
GO:0072298	GO:0001656
GO:0072298	GO:0090192
GO:0072299	GO:0072217
GO:0072299	GO:0072298
GO:0072299	GO:0090194
GO:0072300	GO:0072216
GO:0072300	GO:0072298
GO:0072300	GO:0090193
GO:0072304	GO:0072039
GO:0072304	GO:1900211
GO:0072305	GO:0072040
GO:0072305	GO:0072304
GO:0072305	GO:1900212
GO:0072306	GO:0072041
GO:0072306	GO:0072304
GO:0072306	GO:1900213
GO:0072307	GO:0072182
GO:0072308	GO:0072183
GO:0072308	GO:0072307
GO:0072309	GO:0072038
GO:0072310	GO:0002064
GO:0072311	GO:0035850
GO:0072312	GO:0072202
GO:0072312	GO:0072311
GO:0072313	GO:0072310
GO:0072329	GO:0032787
GO:0072329	GO:0046395
GO:0072330	GO:0032787
GO:0072330	GO:0046394
GO:0072337	GO:0071705
GO:0072341	GO:0005488
GO:0072348	GO:0006810
GO:0072349	GO:0022857
GO:0072359	GO:0048731
GO:0072360	GO:0048856
GO:0072384	GO:0010970
GO:0072384	GO:0051656
GO:0072488	GO:0055085
GO:0072488	GO:0071705
GO:0072491	GO:0009056
GO:0072491	GO:0042537
GO:0072520	GO:0035295
GO:0072520	GO:0048608
GO:0072521	GO:0008152
GO:0072522	GO:0009058
GO:0072522	GO:0072521
GO:0072523	GO:0009056
GO:0072523	GO:0072521
GO:0072530	GO:0055085
GO:0072530	GO:0071705
GO:0072537	GO:0001775
GO:0072545	GO:0016597
GO:0072545	GO:0031406
GO:0072545	GO:0043169
GO:0072560	GO:0002070
GO:0072575	GO:0050673
GO:0072576	GO:0022612
GO:0072577	GO:0006915
GO:0072592	GO:0008152
GO:0072594	GO:0045184
GO:0072595	GO:0032507
GO:0072657	GO:0008104
GO:0072657	GO:0051668
GO:0072659	GO:0072657
GO:0072659	GO:1990778
GO:0072665	GO:0033365
GO:0072666	GO:0072594
GO:0072667	GO:0072595
GO:0072674	GO:0030316
GO:0072676	GO:0071674
GO:0072678	GO:0072676
GO:0072679	GO:0072678
GO:0072697	GO:1990778
GO:0072698	GO:0044380
GO:0080053	GO:0043200
GO:0080053	GO:1901698
GO:0080053	GO:1901700
GO:0080090	GO:0019222
GO:0080134	GO:0048583
GO:0080144	GO:0055082
GO:0080154	GO:2000241
GO:0080171	GO:0007033
GO:0085029	GO:0022607
GO:0085029	GO:0030198
GO:0086001	GO:0001508
GO:0086015	GO:0086001
GO:0086016	GO:0086001
GO:0086017	GO:0086001
GO:0086018	GO:0086019
GO:0086018	GO:0086070
GO:0086019	GO:0007267
GO:0086019	GO:0086065
GO:0086027	GO:0086019
GO:0086027	GO:0086067
GO:0086028	GO:0086019
GO:0086028	GO:0086069
GO:0086029	GO:0086019
GO:0086029	GO:0086068
GO:0086043	GO:0086001
GO:0086065	GO:0007154
GO:0086067	GO:0086065
GO:0086068	GO:0086065
GO:0086069	GO:0086065
GO:0086070	GO:0086065
GO:0086093	GO:0007213
GO:0086093	GO:0086103
GO:0086103	GO:0007186
GO:0089704	GO:0015813
GO:0089704	GO:0032974
GO:0089718	GO:0003333
GO:0089718	GO:0098739
GO:0090008	GO:0009888
GO:0090009	GO:0048646
GO:0090022	GO:0071622
GO:0090022	GO:1902622
GO:0090023	GO:0071624
GO:0090023	GO:0090022
GO:0090023	GO:1902624
GO:0090024	GO:0071623
GO:0090024	GO:0090022
GO:0090024	GO:1902623
GO:0090025	GO:0002688
GO:0090025	GO:0071675
GO:0090026	GO:0002690
GO:0090026	GO:0071677
GO:0090026	GO:0090025
GO:0090027	GO:0002689
GO:0090027	GO:0071676
GO:0090027	GO:0090025
GO:0090030	GO:0046885
GO:0090030	GO:0050810
GO:0090031	GO:0010893
GO:0090031	GO:0046886
GO:0090031	GO:0090030
GO:0090032	GO:0010894
GO:0090032	GO:0032353
GO:0090032	GO:0090030
GO:0090063	GO:0010968
GO:0090063	GO:0031116
GO:0090066	GO:0065008
GO:0090068	GO:0010564
GO:0090068	GO:0045787
GO:0090069	GO:0044087
GO:0090070	GO:0044089
GO:0090070	GO:0090069
GO:0090071	GO:0048523
GO:0090071	GO:0090069
GO:0090087	GO:0051049
GO:0090091	GO:0010715
GO:0090091	GO:1903055
GO:0090102	GO:0048856
GO:0090103	GO:0048598
GO:0090130	GO:0032501
GO:0090131	GO:0090130
GO:0090132	GO:0090130
GO:0090138	GO:0032956
GO:0090138	GO:0098609
GO:0090150	GO:0045184
GO:0090150	GO:0051668
GO:0090153	GO:0010556
GO:0090153	GO:0044087
GO:0090153	GO:0046890
GO:0090153	GO:1905038
GO:0090154	GO:0046889
GO:0090154	GO:0090153
GO:0090155	GO:0051055
GO:0090155	GO:0090153
GO:0090156	GO:0055082
GO:0090156	GO:0055088
GO:0090160	GO:0006896
GO:0090160	GO:0007041
GO:0090160	GO:0016482
GO:0090162	GO:0030010
GO:0090166	GO:0007030
GO:0090166	GO:1903008
GO:0090168	GO:0007030
GO:0090168	GO:0022607
GO:0090170	GO:1903358
GO:0090171	GO:0000902
GO:0090174	GO:0048284
GO:0090174	GO:0061025
GO:0090183	GO:0050793
GO:0090184	GO:0051094
GO:0090184	GO:0051240
GO:0090184	GO:0090183
GO:0090185	GO:0051093
GO:0090185	GO:0051241
GO:0090185	GO:0090183
GO:0090189	GO:0060688
GO:0090189	GO:0090183
GO:0090189	GO:1905330
GO:0090189	GO:2000027
GO:0090190	GO:0051240
GO:0090190	GO:0090189
GO:0090190	GO:1905332
GO:0090191	GO:0051241
GO:0090191	GO:0090189
GO:0090191	GO:1905331
GO:0090192	GO:0090183
GO:0090193	GO:0090184
GO:0090193	GO:0090192
GO:0090194	GO:0090185
GO:0090194	GO:0090192
GO:0090214	GO:0048589
GO:0090252	GO:0090132
GO:0090255	GO:0008283
GO:0090256	GO:0042127
GO:0090256	GO:0048580
GO:0090257	GO:0044057
GO:0090273	GO:0090276
GO:0090274	GO:0090273
GO:0090274	GO:0090277
GO:0090275	GO:0090273
GO:0090275	GO:0090278
GO:0090276	GO:0002791
GO:0090276	GO:0046883
GO:0090277	GO:0002793
GO:0090277	GO:0046887
GO:0090277	GO:0090276
GO:0090278	GO:0002792
GO:0090278	GO:0046888
GO:0090278	GO:0090276
GO:0090279	GO:0051924
GO:0090280	GO:0051928
GO:0090280	GO:0090279
GO:0090281	GO:0051926
GO:0090281	GO:0090279
GO:0090289	GO:0070663
GO:0090290	GO:0070665
GO:0090290	GO:0090289
GO:0090291	GO:0070664
GO:0090291	GO:0090289
GO:0090299	GO:0010717
GO:0090299	GO:0022603
GO:0090300	GO:0010718
GO:0090300	GO:0090299
GO:0090301	GO:0010719
GO:0090301	GO:0090299
GO:0090303	GO:0061041
GO:0090303	GO:1903036
GO:0090304	GO:0006139
GO:0090304	GO:0043170
GO:0090316	GO:0032388
GO:0090316	GO:0033157
GO:0090316	GO:0051222
GO:0090317	GO:0032387
GO:0090317	GO:0033157
GO:0090317	GO:0051224
GO:0090325	GO:0040012
GO:0090325	GO:0050795
GO:0090326	GO:0040017
GO:0090326	GO:0048520
GO:0090326	GO:0090325
GO:0090327	GO:0040013
GO:0090327	GO:0048521
GO:0090327	GO:0090325
GO:0090328	GO:0031644
GO:0090328	GO:0048583
GO:0090328	GO:0050795
GO:0090335	GO:0045598
GO:0090336	GO:0045600
GO:0090336	GO:0090335
GO:0090394	GO:0048519
GO:0090394	GO:0098815
GO:0090407	GO:0009058
GO:0090407	GO:0019637
GO:0090425	GO:0002067
GO:0090435	GO:0034504
GO:0090454	GO:0006835
GO:0090454	GO:0015800
GO:0090454	GO:0032975
GO:0090454	GO:0071705
GO:0090454	GO:1905039
GO:0090461	GO:0080144
GO:0090493	GO:0051937
GO:0090494	GO:0015872
GO:0090494	GO:0090493
GO:0090496	GO:0090131
GO:0090497	GO:0001667
GO:0090514	GO:0015828
GO:0090514	GO:0032975
GO:0090514	GO:1902475
GO:0090515	GO:0015813
GO:0090515	GO:0090454
GO:0090521	GO:0010631
GO:0090594	GO:0006954
GO:0090594	GO:0009611
GO:0090596	GO:0009887
GO:0090598	GO:0009653
GO:0090685	GO:0006403
GO:0090713	GO:0002376
GO:0090715	GO:0090713
GO:0090741	GO:0030659
GO:0090741	GO:0098588
GO:0095500	GO:0098926
GO:0097001	GO:0033218
GO:0097001	GO:0046625
GO:0097014	GO:0032838
GO:0097026	GO:0120031
GO:0097028	GO:1903131
GO:0097048	GO:0071887
GO:0097049	GO:0051402
GO:0097050	GO:1904019
GO:0097054	GO:0006537
GO:0097060	GO:0098590
GO:0097084	GO:0055001
GO:0097094	GO:0009653
GO:0097095	GO:0097094
GO:0097096	GO:0097094
GO:0097097	GO:0097096
GO:0097104	GO:0001941
GO:0097104	GO:0071709
GO:0097120	GO:0051179
GO:0097152	GO:0006915
GO:0097154	GO:0030182
GO:0097186	GO:0042475
GO:0097186	GO:0048646
GO:0097187	GO:0042475
GO:0097187	GO:0048646
GO:0097190	GO:0007165
GO:0097194	GO:0009987
GO:0097205	GO:0003014
GO:0097208	GO:0042599
GO:0097212	GO:0061024
GO:0097232	GO:0030667
GO:0097233	GO:0097232
GO:0097237	GO:0009636
GO:0097237	GO:0070887
GO:0097252	GO:0034349
GO:0097254	GO:0003014
GO:0097254	GO:0007588
GO:0097272	GO:0098771
GO:0097275	GO:0055082
GO:0097275	GO:0097272
GO:0097283	GO:1904019
GO:0097284	GO:1904019
GO:0097305	GO:1901700
GO:0097306	GO:0097305
GO:0097306	GO:1901701
GO:0097324	GO:0010631
GO:0097355	GO:0071168
GO:0097360	GO:0008283
GO:0097367	GO:0005488
GO:0097386	GO:0120025
GO:0097402	GO:0016477
GO:0097410	GO:0021895
GO:0097427	GO:0110165
GO:0097432	GO:0021859
GO:0097432	GO:0021895
GO:0097435	GO:0016043
GO:0097447	GO:0043005
GO:0097449	GO:0097386
GO:0097450	GO:0097449
GO:0097454	GO:0005902
GO:0097454	GO:0097386
GO:0097457	GO:0030424
GO:0097473	GO:0051402
GO:0097473	GO:1990009
GO:0097474	GO:0051402
GO:0097474	GO:1990009
GO:0097475	GO:0001764
GO:0097476	GO:0097475
GO:0097499	GO:0061512
GO:0097511	GO:0120025
GO:0097512	GO:0030016
GO:0097524	GO:0005886
GO:0097529	GO:0050900
GO:0097530	GO:0097529
GO:0097534	GO:0016477
GO:0097536	GO:0002009
GO:0097553	GO:0070588
GO:0097576	GO:0007033
GO:0097576	GO:0048284
GO:0097623	GO:0071805
GO:0097623	GO:0140115
GO:0097642	GO:0008528
GO:0097644	GO:0017046
GO:0097648	GO:0098802
GO:0097708	GO:0031982
GO:0097708	GO:0043231
GO:0097711	GO:0140056
GO:0097712	GO:0048199
GO:0097719	GO:0042246
GO:0097722	GO:0022414
GO:0097722	GO:0048870
GO:0097730	GO:0005929
GO:0097731	GO:0097730
GO:0097733	GO:0043005
GO:0097733	GO:0097731
GO:0097734	GO:0140112
GO:0097742	GO:0098534
GO:0098520	GO:0031594
GO:0098520	GO:0060076
GO:0098522	GO:0098520
GO:0098522	GO:0098523
GO:0098522	GO:0098981
GO:0098523	GO:0031594
GO:0098524	GO:0098523
GO:0098524	GO:0098527
GO:0098525	GO:0098520
GO:0098525	GO:0098524
GO:0098527	GO:0031594
GO:0098528	GO:0014902
GO:0098528	GO:0035914
GO:0098529	GO:0007528
GO:0098534	GO:0031023
GO:0098534	GO:0140694
GO:0098535	GO:0097742
GO:0098536	GO:0043232
GO:0098542	GO:0006952
GO:0098542	GO:0051707
GO:0098544	GO:0051235
GO:0098545	GO:0051651
GO:0098545	GO:0098544
GO:0098583	GO:0071625
GO:0098583	GO:0098598
GO:0098588	GO:0031090
GO:0098590	GO:0016020
GO:0098594	GO:0030141
GO:0098598	GO:0007611
GO:0098609	GO:0007155
GO:0098631	GO:0050839
GO:0098632	GO:0098631
GO:0098633	GO:0050840
GO:0098635	GO:0098636
GO:0098636	GO:0032991
GO:0098641	GO:0045296
GO:0098641	GO:0098632
GO:0098642	GO:0005581
GO:0098643	GO:0098644
GO:0098644	GO:0099080
GO:0098645	GO:0098644
GO:0098655	GO:0006812
GO:0098655	GO:0034220
GO:0098657	GO:0006810
GO:0098658	GO:0015698
GO:0098658	GO:0099587
GO:0098659	GO:0099587
GO:0098664	GO:0007186
GO:0098666	GO:0043235
GO:0098691	GO:0045202
GO:0098693	GO:0060627
GO:0098702	GO:0015853
GO:0098702	GO:0098739
GO:0098702	GO:1904823
GO:0098703	GO:0070509
GO:0098703	GO:0097553
GO:0098703	GO:0098659
GO:0098703	GO:1902656
GO:0098704	GO:0034219
GO:0098704	GO:0098739
GO:0098708	GO:0140271
GO:0098708	GO:1904659
GO:0098711	GO:0033212
GO:0098711	GO:0034755
GO:0098711	GO:0098659
GO:0098712	GO:0015813
GO:0098712	GO:0089718
GO:0098719	GO:0035725
GO:0098719	GO:0098659
GO:0098722	GO:0008356
GO:0098722	GO:0017145
GO:0098723	GO:0030016
GO:0098727	GO:0032502
GO:0098728	GO:0042078
GO:0098728	GO:0098722
GO:0098739	GO:0055085
GO:0098739	GO:0098657
GO:0098749	GO:0021954
GO:0098751	GO:0048468
GO:0098754	GO:0008150
GO:0098771	GO:0048878
GO:0098773	GO:0008544
GO:0098773	GO:0060429
GO:0098793	GO:0110165
GO:0098794	GO:0110165
GO:0098796	GO:0032991
GO:0098797	GO:0098796
GO:0098801	GO:0044057
GO:0098802	GO:0043235
GO:0098802	GO:0098797
GO:0098804	GO:0060170
GO:0098813	GO:0007059
GO:0098815	GO:0009966
GO:0098815	GO:0031644
GO:0098815	GO:0042391
GO:0098815	GO:0050804
GO:0098831	GO:0099738
GO:0098840	GO:0006886
GO:0098840	GO:0010970
GO:0098840	GO:0099118
GO:0098846	GO:0120025
GO:0098852	GO:0005774
GO:0098858	GO:0120025
GO:0098862	GO:0110165
GO:0098867	GO:0098868
GO:0098868	GO:0035265
GO:0098871	GO:0015629
GO:0098871	GO:0099571
GO:0098876	GO:0016192
GO:0098876	GO:0051668
GO:0098877	GO:0072657
GO:0098877	GO:0090150
GO:0098877	GO:0098876
GO:0098877	GO:0099637
GO:0098877	GO:1990778
GO:0098878	GO:0098802
GO:0098883	GO:0050808
GO:0098883	GO:0150146
GO:0098900	GO:0042391
GO:0098900	GO:0050789
GO:0098901	GO:0098900
GO:0098904	GO:0010646
GO:0098904	GO:0098901
GO:0098905	GO:0098901
GO:0098906	GO:0010646
GO:0098906	GO:0098901
GO:0098907	GO:0010646
GO:0098907	GO:0098901
GO:0098908	GO:0051969
GO:0098908	GO:0098900
GO:0098916	GO:0099537
GO:0098917	GO:0099537
GO:0098920	GO:0098917
GO:0098920	GO:0099541
GO:0098926	GO:0007165
GO:0098928	GO:0007165
GO:0098930	GO:0008088
GO:0098934	GO:0098935
GO:0098935	GO:0008088
GO:0098937	GO:0098935
GO:0098960	GO:0030594
GO:0098961	GO:0098935
GO:0098967	GO:0006887
GO:0098967	GO:0099072
GO:0098969	GO:0097120
GO:0098969	GO:0098877
GO:0098969	GO:0099072
GO:0098969	GO:1903539
GO:0098969	GO:1903540
GO:0098971	GO:0097120
GO:0098971	GO:0098937
GO:0098974	GO:0030036
GO:0098974	GO:0099188
GO:0098975	GO:0098794
GO:0098976	GO:0007268
GO:0098978	GO:0045202
GO:0098981	GO:0045202
GO:0098982	GO:0045202
GO:0098988	GO:0004930
GO:0098988	GO:0008066
GO:0098992	GO:0031045
GO:0099003	GO:0016192
GO:0099011	GO:1990504
GO:0099012	GO:0032127
GO:0099014	GO:0061109
GO:0099054	GO:0022607
GO:0099054	GO:0099172
GO:0099068	GO:0022607
GO:0099068	GO:0099173
GO:0099072	GO:0065008
GO:0099080	GO:0110165
GO:0099081	GO:0099080
GO:0099082	GO:0098917
GO:0099082	GO:0099540
GO:0099083	GO:0099082
GO:0099083	GO:0099551
GO:0099098	GO:0007018
GO:0099111	GO:0006810
GO:0099112	GO:0006886
GO:0099112	GO:0007017
GO:0099112	GO:0099118
GO:0099118	GO:0015031
GO:0099118	GO:0099111
GO:0099123	GO:0014046
GO:0099123	GO:0051649
GO:0099124	GO:0014046
GO:0099124	GO:0051649
GO:0099140	GO:0030036
GO:0099140	GO:0099187
GO:0099143	GO:0015629
GO:0099143	GO:0099569
GO:0099145	GO:0017157
GO:0099145	GO:0051223
GO:0099145	GO:0065008
GO:0099145	GO:1902683
GO:0099145	GO:1904375
GO:0099145	GO:1905475
GO:0099156	GO:0007267
GO:0099157	GO:0099156
GO:0099157	GO:0099537
GO:0099160	GO:0045111
GO:0099160	GO:0099571
GO:0099161	GO:0099171
GO:0099161	GO:1903233
GO:0099161	GO:1905413
GO:0099170	GO:0050804
GO:0099171	GO:0050804
GO:0099172	GO:0016043
GO:0099173	GO:0016043
GO:0099174	GO:0050807
GO:0099175	GO:0050807
GO:0099177	GO:0010646
GO:0099177	GO:0023051
GO:0099182	GO:0045111
GO:0099182	GO:0099569
GO:0099185	GO:0045104
GO:0099185	GO:0099188
GO:0099187	GO:0007010
GO:0099188	GO:0007010
GO:0099500	GO:0006906
GO:0099500	GO:0140029
GO:0099501	GO:0030658
GO:0099503	GO:0031410
GO:0099504	GO:0051649
GO:0099504	GO:0099003
GO:0099512	GO:0099081
GO:0099513	GO:0099512
GO:0099515	GO:0030705
GO:0099518	GO:0030705
GO:0099518	GO:0051650
GO:0099519	GO:0099518
GO:0099519	GO:1901950
GO:0099522	GO:0005829
GO:0099523	GO:0099522
GO:0099524	GO:0099522
GO:0099525	GO:0048791
GO:0099525	GO:0099011
GO:0099528	GO:0004930
GO:0099528	GO:0030594
GO:0099529	GO:0098960
GO:0099530	GO:0004930
GO:0099531	GO:0050877
GO:0099533	GO:0007204
GO:0099536	GO:0007267
GO:0099537	GO:0099536
GO:0099538	GO:0099536
GO:0099539	GO:0002790
GO:0099539	GO:0099525
GO:0099540	GO:0099537
GO:0099540	GO:0099538
GO:0099541	GO:0099537
GO:0099546	GO:0140246
GO:0099547	GO:0050804
GO:0099547	GO:0140243
GO:0099550	GO:0050804
GO:0099550	GO:0099537
GO:0099551	GO:0099540
GO:0099551	GO:0099550
GO:0099552	GO:0099541
GO:0099552	GO:0099550
GO:0099565	GO:0007166
GO:0099565	GO:0050877
GO:0099568	GO:0005737
GO:0099569	GO:0005856
GO:0099571	GO:0005856
GO:0099574	GO:0050804
GO:0099574	GO:0140250
GO:0099575	GO:0042176
GO:0099575	GO:0099171
GO:0099576	GO:0042176
GO:0099576	GO:0099170
GO:0099577	GO:0099171
GO:0099577	GO:0099547
GO:0099577	GO:0140244
GO:0099578	GO:0099170
GO:0099578	GO:0099547
GO:0099578	GO:0140245
GO:0099579	GO:0099528
GO:0099579	GO:0099529
GO:0099579	GO:0099530
GO:0099585	GO:0051209
GO:0099585	GO:0051649
GO:0099586	GO:0051209
GO:0099586	GO:0051649
GO:0099587	GO:0098739
GO:0099588	GO:0007204
GO:0099601	GO:0010469
GO:0099612	GO:0008104
GO:0099632	GO:0032594
GO:0099637	GO:0015031
GO:0099637	GO:0031503
GO:0099640	GO:0008088
GO:0099640	GO:0098840
GO:0099641	GO:0008089
GO:0099641	GO:0099640
GO:0099641	GO:1905383
GO:0099642	GO:0008090
GO:0099642	GO:0099640
GO:0099643	GO:0023061
GO:0099703	GO:0099171
GO:0099703	GO:0099533
GO:0099703	GO:2000302
GO:0099738	GO:0005938
GO:0099738	GO:0099568
GO:0100001	GO:0001508
GO:0100001	GO:0014819
GO:0101023	GO:0001935
GO:0101024	GO:0071763
GO:0101024	GO:1903047
GO:0101025	GO:0044091
GO:0104004	GO:0051716
GO:0106014	GO:0050727
GO:0106014	GO:1903034
GO:0106015	GO:0050728
GO:0106015	GO:0106014
GO:0106015	GO:1903035
GO:0106016	GO:0050729
GO:0106016	GO:0106014
GO:0106016	GO:1903036
GO:0106027	GO:0120036
GO:0106214	GO:0031338
GO:0106214	GO:1903358
GO:0106215	GO:0031339
GO:0106215	GO:0106214
GO:0106216	GO:0031340
GO:0106216	GO:0106214
GO:0110011	GO:1903053
GO:0110020	GO:0032956
GO:0110021	GO:0051450
GO:0110022	GO:2000291
GO:0110023	GO:0110022
GO:0110023	GO:2000818
GO:0110024	GO:0110022
GO:0110024	GO:2000288
GO:0110040	GO:0009887
GO:0110041	GO:2000027
GO:0110042	GO:0110041
GO:0110042	GO:0110111
GO:0110043	GO:0110041
GO:0110043	GO:0110110
GO:0110053	GO:0032956
GO:0110053	GO:1902903
GO:0110057	GO:0045601
GO:0110058	GO:0045603
GO:0110058	GO:0110057
GO:0110059	GO:0045602
GO:0110059	GO:0110057
GO:0110077	GO:0010496
GO:0110077	GO:0016192
GO:0110079	GO:1901342
GO:0110080	GO:0051094
GO:0110080	GO:0110079
GO:0110081	GO:0051093
GO:0110081	GO:0110079
GO:0110088	GO:0051402
GO:0110089	GO:0043523
GO:0110090	GO:0043525
GO:0110090	GO:0110089
GO:0110091	GO:0043524
GO:0110091	GO:0110089
GO:0110095	GO:1990748
GO:0110096	GO:1901701
GO:0110110	GO:0051094
GO:0110110	GO:0051240
GO:0110110	GO:2000027
GO:0110111	GO:0051093
GO:0110111	GO:0051241
GO:0110111	GO:2000027
GO:0110116	GO:0046532
GO:0110117	GO:0046534
GO:0110117	GO:0110116
GO:0110118	GO:0046533
GO:0110118	GO:0110116
GO:0110122	GO:0014812
GO:0110123	GO:0030334
GO:0110124	GO:0030335
GO:0110124	GO:0110123
GO:0110125	GO:0030336
GO:0110125	GO:0110123
GO:0110137	GO:0022603
GO:0110138	GO:0051094
GO:0110138	GO:0110137
GO:0110139	GO:0051093
GO:0110139	GO:0110137
GO:0110165	CARO:0000000
GO:0110165	GO:0005575
GO:0110165	UBERON:0000061
GO:0120006	GO:0045664
GO:0120007	GO:0045665
GO:0120007	GO:0120006
GO:0120008	GO:0045666
GO:0120008	GO:0120006
GO:0120023	GO:0017046
GO:0120025	GO:0042995
GO:0120029	GO:0140115
GO:0120029	GO:1902600
GO:0120031	GO:0030031
GO:0120031	GO:0120036
GO:0120032	GO:0060491
GO:0120032	GO:0120035
GO:0120033	GO:0031345
GO:0120033	GO:0120032
GO:0120034	GO:0031346
GO:0120034	GO:0044089
GO:0120034	GO:0120032
GO:0120035	GO:0031344
GO:0120036	GO:0030030
GO:0120039	GO:0048858
GO:0120111	GO:0032838
GO:0120116	GO:0016486
GO:0120158	GO:0009896
GO:0120158	GO:0010710
GO:0120158	GO:0010714
GO:0120178	GO:0006694
GO:0120186	GO:1903828
GO:0120186	GO:1905634
GO:0120187	GO:1903829
GO:0120187	GO:1905634
GO:0120188	GO:0032890
GO:0120188	GO:0051046
GO:0120189	GO:0032892
GO:0120189	GO:0051047
GO:0120189	GO:0120188
GO:0120190	GO:0032891
GO:0120190	GO:0051048
GO:0120190	GO:0120188
GO:0120192	GO:0007043
GO:0120192	GO:0120193
GO:0120193	GO:0045216
GO:0120199	GO:0001750
GO:0120200	GO:0001750
GO:0120222	GO:0050793
GO:0120223	GO:0009887
GO:0120224	GO:0048513
GO:0120229	GO:0061512
GO:0120251	GO:0009058
GO:0120251	GO:0120252
GO:0120252	GO:0008152
GO:0120253	GO:0009056
GO:0120253	GO:0120252
GO:0120254	GO:0008152
GO:0120255	GO:0009058
GO:0120255	GO:0120254
GO:0120256	GO:0009056
GO:0120256	GO:0120254
GO:0120261	GO:1902275
GO:0120262	GO:0120261
GO:0120262	GO:1905268
GO:0120263	GO:0120261
GO:0120263	GO:1905269
GO:0120275	GO:0008015
GO:0120276	GO:1903522
GO:0120277	GO:0120276
GO:0120277	GO:1903524
GO:0120278	GO:0120276
GO:0120278	GO:1903523
GO:0120305	GO:0050789
GO:0120316	GO:0003006
GO:0120316	GO:0044458
GO:0120331	GO:0072175
GO:0140001	GO:0048646
GO:0140013	GO:0000280
GO:0140013	GO:1903046
GO:0140014	GO:0000280
GO:0140014	GO:1903047
GO:0140029	GO:0009987
GO:0140039	GO:0098609
GO:0140056	GO:0022406
GO:0140056	GO:0051640
GO:0140075	GO:0051223
GO:0140076	GO:0051224
GO:0140076	GO:0140075
GO:0140077	GO:0051222
GO:0140077	GO:0140075
GO:0140096	GO:0003824
GO:0140097	GO:0140640
GO:0140098	GO:0140640
GO:0140101	GO:0140098
GO:0140103	GO:0140096
GO:0140112	GO:0044085
GO:0140115	GO:0055085
GO:0140115	GO:0140352
GO:0140131	GO:0002690
GO:0140131	GO:1901623
GO:0140131	GO:2000403
GO:0140139	GO:0030312
GO:0140143	GO:0030312
GO:0140146	GO:0034486
GO:0140146	GO:0070588
GO:0140151	GO:0030312
GO:0140152	GO:0030312
GO:0140154	GO:0098645
GO:0140157	GO:0072488
GO:0140157	GO:0098659
GO:0140231	GO:0097120
GO:0140231	GO:0099637
GO:0140231	GO:0099641
GO:0140236	GO:0140241
GO:0140237	GO:0140236
GO:0140238	GO:0006897
GO:0140238	GO:0051649
GO:0140238	GO:0099003
GO:0140239	GO:0006897
GO:0140239	GO:0051649
GO:0140239	GO:0099003
GO:0140241	GO:0006412
GO:0140242	GO:0140241
GO:0140243	GO:0006417
GO:0140244	GO:0140243
GO:0140245	GO:0140243
GO:0140246	GO:0030163
GO:0140247	GO:0140246
GO:0140249	GO:0140246
GO:0140250	GO:0009894
GO:0140251	GO:0140250
GO:0140252	GO:0140250
GO:0140253	GO:0009987
GO:0140271	GO:0008645
GO:0140271	GO:0098704
GO:0140297	GO:0008134
GO:0140318	GO:0005215
GO:0140352	GO:0006810
GO:0140352	GO:0009987
GO:0140353	GO:0006869
GO:0140353	GO:0140352
GO:0140354	GO:0006869
GO:0140375	GO:0038023
GO:0140448	GO:0016485
GO:0140513	GO:0032991
GO:0140546	GO:0098542
GO:0140572	GO:0048285
GO:0140640	GO:0003824
GO:0140650	GO:0001764
GO:0140694	GO:0070925
GO:0140734	GO:0007588
GO:0140820	GO:0055085
GO:0140925	GO:0015695
GO:0140925	GO:0015801
GO:0140925	GO:0015823
GO:0140925	GO:0089718
GO:0140925	GO:1902475
GO:0140961	GO:0061687
GO:0140961	GO:1990748
GO:0140962	GO:0048871
GO:0140962	GO:0048878
GO:0140979	GO:0055082
GO:0140980	GO:0055082
GO:0141187	GO:0009059
GO:0141187	GO:0034654
GO:0141187	GO:0090304
GO:0141188	GO:0009057
GO:0141188	GO:0034655
GO:0141188	GO:0090304
GO:0150031	GO:0032880
GO:0150032	GO:0150031
GO:0150032	GO:1903829
GO:0150033	GO:0150031
GO:0150033	GO:1903828
GO:0150038	GO:0099003
GO:0150038	GO:0099011
GO:0150044	GO:1905413
GO:0150052	GO:0051963
GO:0150052	GO:0099175
GO:0150063	GO:0048880
GO:0150076	GO:0006954
GO:0150077	GO:0050727
GO:0150078	GO:0050729
GO:0150078	GO:0150077
GO:0150079	GO:0050728
GO:0150079	GO:0150077
GO:0150098	GO:0007267
GO:0150099	GO:0007267
GO:0150102	GO:0002695
GO:0150104	GO:0010232
GO:0150105	GO:1902414
GO:0150106	GO:0032880
GO:0150107	GO:0150106
GO:0150107	GO:1903829
GO:0150111	GO:0051049
GO:0150119	GO:0150106
GO:0150119	GO:1903828
GO:0150146	GO:0022411
GO:0150146	GO:0034330
GO:0150147	GO:0045216
GO:0150147	GO:0150146
GO:0150195	GO:0010232
GO:0150200	GO:0044057
GO:0150200	GO:0051049
GO:0150201	GO:0051050
GO:0150201	GO:0051240
GO:0150201	GO:0150200
GO:0150202	GO:0051051
GO:0150202	GO:0051241
GO:0150202	GO:0150200
GO:0151001	GO:0098862
GO:0160024	GO:0008283
GO:0160038	GO:0048880
GO:0160043	GO:0007269
GO:0160043	GO:0050432
GO:0160048	GO:0060349
GO:0160077	GO:0034389
GO:0160077	GO:0048284
GO:0160078	GO:0010639
GO:0160093	GO:0060465
GO:0160094	GO:0060465
GO:0160095	GO:0060465
GO:0160173	GO:1901474
GO:0160275	GO:0045599
GO:0160307	GO:0009059
GO:0160307	GO:0019538
GO:0170033	GO:1901605
GO:0170034	GO:0170033
GO:0170034	GO:1901607
GO:0170035	GO:0170033
GO:0170035	GO:1901606
GO:0170038	GO:0046394
GO:0170038	GO:0170039
GO:0170039	GO:0006520
GO:0170039	GO:0019752
GO:0170040	GO:0046395
GO:0170040	GO:0170039
GO:0170041	GO:0006520
GO:0170041	GO:0019752
GO:0170043	GO:0046394
GO:0170043	GO:0170041
GO:0170044	GO:0046395
GO:0170044	GO:0170041
GO:0170055	GO:0005319
GO:0170055	GO:0022857
GO:1900006	GO:0010976
GO:1900006	GO:0050773
GO:1900006	GO:0051094
GO:1900015	GO:0001817
GO:1900016	GO:0001818
GO:1900016	GO:1900015
GO:1900017	GO:0001819
GO:1900017	GO:1900015
GO:1900046	GO:0050789
GO:1900046	GO:0050878
GO:1900047	GO:0048519
GO:1900047	GO:1900046
GO:1900048	GO:0048518
GO:1900048	GO:1900046
GO:1900060	GO:0034249
GO:1900060	GO:0090155
GO:1900060	GO:2000303
GO:1900073	GO:0050804
GO:1900074	GO:0050805
GO:1900074	GO:1900073
GO:1900075	GO:0050806
GO:1900075	GO:1900073
GO:1900076	GO:0048583
GO:1900076	GO:0050794
GO:1900077	GO:0048523
GO:1900077	GO:0048585
GO:1900077	GO:1900076
GO:1900078	GO:0048522
GO:1900078	GO:0048584
GO:1900078	GO:1900076
GO:1900098	GO:0002697
GO:1900098	GO:0045577
GO:1900098	GO:0050776
GO:1900099	GO:0002698
GO:1900099	GO:0045578
GO:1900099	GO:0050777
GO:1900099	GO:1900098
GO:1900100	GO:0002699
GO:1900100	GO:0045579
GO:1900100	GO:0050778
GO:1900100	GO:1900098
GO:1900115	GO:0009966
GO:1900116	GO:0009968
GO:1900116	GO:1900115
GO:1900117	GO:0050794
GO:1900118	GO:0043066
GO:1900118	GO:1900117
GO:1900119	GO:0043065
GO:1900119	GO:1900117
GO:1900120	GO:0043393
GO:1900121	GO:0032091
GO:1900121	GO:1900120
GO:1900125	GO:0032885
GO:1900126	GO:0010558
GO:1900126	GO:0045912
GO:1900126	GO:1900125
GO:1900127	GO:0010557
GO:1900127	GO:0045913
GO:1900127	GO:1900125
GO:1900131	GO:0051100
GO:1900133	GO:0003073
GO:1900133	GO:0044060
GO:1900133	GO:0050708
GO:1900133	GO:0098801
GO:1900134	GO:0050709
GO:1900134	GO:1900133
GO:1900135	GO:0050714
GO:1900135	GO:1900133
GO:1900141	GO:0034350
GO:1900142	GO:0034351
GO:1900142	GO:1900141
GO:1900143	GO:0034352
GO:1900143	GO:1900141
GO:1900147	GO:1903975
GO:1900148	GO:1900147
GO:1900148	GO:1903976
GO:1900149	GO:1900147
GO:1900149	GO:1903977
GO:1900150	GO:0002831
GO:1900150	GO:0031347
GO:1900150	GO:0032101
GO:1900154	GO:0050793
GO:1900155	GO:0051093
GO:1900155	GO:1900154
GO:1900156	GO:0051094
GO:1900156	GO:1900154
GO:1900157	GO:0030500
GO:1900158	GO:0030502
GO:1900158	GO:1900157
GO:1900159	GO:0030501
GO:1900159	GO:1900157
GO:1900180	GO:0032880
GO:1900181	GO:1900180
GO:1900181	GO:1903828
GO:1900182	GO:1900180
GO:1900182	GO:1903829
GO:1900193	GO:1903429
GO:1900193	GO:2000241
GO:1900194	GO:1900193
GO:1900194	GO:1903430
GO:1900194	GO:2000242
GO:1900195	GO:1900193
GO:1900195	GO:1903431
GO:1900195	GO:2000243
GO:1900200	GO:0097152
GO:1900200	GO:1902742
GO:1900204	GO:1902742
GO:1900205	GO:1902742
GO:1900206	GO:0050793
GO:1900207	GO:0051093
GO:1900207	GO:1900206
GO:1900211	GO:1904748
GO:1900211	GO:2001053
GO:1900212	GO:1900211
GO:1900212	GO:1904746
GO:1900212	GO:2001054
GO:1900213	GO:1900211
GO:1900213	GO:1904747
GO:1900213	GO:2001055
GO:1900214	GO:1904748
GO:1900215	GO:1900214
GO:1900215	GO:1904746
GO:1900216	GO:1900214
GO:1900216	GO:1904747
GO:1900217	GO:1904748
GO:1900218	GO:1900217
GO:1900218	GO:1904746
GO:1900219	GO:1900217
GO:1900219	GO:1904747
GO:1900247	GO:0006448
GO:1900248	GO:0045900
GO:1900248	GO:1900247
GO:1900248	GO:2000766
GO:1900249	GO:0045901
GO:1900249	GO:1900247
GO:1900366	GO:0002832
GO:1900366	GO:0031348
GO:1900366	GO:0032102
GO:1900366	GO:2000068
GO:1900367	GO:0002833
GO:1900367	GO:0031349
GO:1900367	GO:0032103
GO:1900367	GO:2000068
GO:1900371	GO:0030808
GO:1900371	GO:1900542
GO:1900372	GO:0030809
GO:1900372	GO:1900371
GO:1900372	GO:1900543
GO:1900373	GO:0030810
GO:1900373	GO:1900371
GO:1900373	GO:1900544
GO:1900376	GO:0009889
GO:1900376	GO:0043455
GO:1900377	GO:0009890
GO:1900377	GO:1900376
GO:1900378	GO:0009891
GO:1900378	GO:1900376
GO:1900419	GO:0009894
GO:1900419	GO:0062012
GO:1900420	GO:0009895
GO:1900420	GO:0062014
GO:1900420	GO:1900419
GO:1900421	GO:0009896
GO:1900421	GO:0062013
GO:1900421	GO:1900419
GO:1900449	GO:0009966
GO:1900450	GO:0009968
GO:1900450	GO:1900449
GO:1900451	GO:0009967
GO:1900451	GO:1900449
GO:1900521	GO:0048583
GO:1900522	GO:0048585
GO:1900522	GO:1900521
GO:1900523	GO:0048584
GO:1900523	GO:1900521
GO:1900542	GO:0006140
GO:1900543	GO:0045980
GO:1900543	GO:1900542
GO:1900544	GO:0045981
GO:1900544	GO:1900542
GO:1900829	GO:0009074
GO:1900829	GO:0019478
GO:1900929	GO:0010958
GO:1900929	GO:0032890
GO:1900930	GO:0032891
GO:1900930	GO:0034763
GO:1900930	GO:0051956
GO:1900930	GO:1900929
GO:1900931	GO:0032892
GO:1900931	GO:0034764
GO:1900931	GO:0051957
GO:1900931	GO:1900929
GO:1900996	GO:0018910
GO:1900996	GO:0120253
GO:1900997	GO:0018910
GO:1900997	GO:0120251
GO:1901003	GO:0009892
GO:1901003	GO:0043465
GO:1901017	GO:0032413
GO:1901017	GO:1901380
GO:1901020	GO:0032413
GO:1901020	GO:1903170
GO:1901072	GO:0046348
GO:1901073	GO:0046349
GO:1901135	GO:0008152
GO:1901136	GO:0009056
GO:1901136	GO:1901135
GO:1901137	GO:0009058
GO:1901137	GO:1901135
GO:1901142	GO:0019538
GO:1901143	GO:0030163
GO:1901143	GO:1901142
GO:1901145	GO:0060561
GO:1901145	GO:0097152
GO:1901146	GO:1901145
GO:1901147	GO:1900200
GO:1901147	GO:1901145
GO:1901148	GO:0010467
GO:1901161	GO:0009056
GO:1901162	GO:0009058
GO:1901163	GO:0030334
GO:1901164	GO:0030336
GO:1901164	GO:0051241
GO:1901164	GO:1901163
GO:1901164	GO:2000242
GO:1901165	GO:0030335
GO:1901165	GO:0051094
GO:1901165	GO:0051240
GO:1901165	GO:1901163
GO:1901165	GO:2000243
GO:1901166	GO:0001755
GO:1901190	GO:0043254
GO:1901191	GO:0031333
GO:1901191	GO:0045947
GO:1901191	GO:1901190
GO:1901192	GO:0031334
GO:1901192	GO:1901190
GO:1901201	GO:0044087
GO:1901201	GO:1903053
GO:1901202	GO:1901201
GO:1901202	GO:1903054
GO:1901203	GO:0044089
GO:1901203	GO:1901201
GO:1901203	GO:1903055
GO:1901210	GO:0050793
GO:1901211	GO:0051093
GO:1901211	GO:1901210
GO:1901212	GO:1901210
GO:1901212	GO:1901221
GO:1901219	GO:2000826
GO:1901220	GO:0051093
GO:1901220	GO:1901219
GO:1901221	GO:0051094
GO:1901221	GO:1901219
GO:1901246	GO:0030856
GO:1901247	GO:0030857
GO:1901247	GO:0051241
GO:1901247	GO:1901246
GO:1901248	GO:0030858
GO:1901248	GO:0051240
GO:1901248	GO:1901246
GO:1901249	GO:0030856
GO:1901250	GO:0030857
GO:1901250	GO:0051241
GO:1901250	GO:1901249
GO:1901251	GO:0030858
GO:1901251	GO:0051240
GO:1901251	GO:1901249
GO:1901264	GO:0006810
GO:1901265	GO:0005488
GO:1901292	GO:0006753
GO:1901292	GO:0034655
GO:1901292	GO:0046434
GO:1901293	GO:0006753
GO:1901293	GO:0034654
GO:1901293	GO:0090407
GO:1901317	GO:0060295
GO:1901317	GO:2000241
GO:1901318	GO:0003354
GO:1901318	GO:1901317
GO:1901318	GO:1902020
GO:1901318	GO:2000242
GO:1901329	GO:0030856
GO:1901330	GO:0002085
GO:1901330	GO:1901329
GO:1901331	GO:1901329
GO:1901331	GO:1902913
GO:1901338	GO:0005488
GO:1901342	GO:2000026
GO:1901343	GO:0051093
GO:1901343	GO:0051241
GO:1901343	GO:1901342
GO:1901363	GO:0036094
GO:1901374	GO:0006810
GO:1901375	GO:0022857
GO:1901379	GO:0043266
GO:1901379	GO:1904062
GO:1901380	GO:0043267
GO:1901380	GO:1901379
GO:1901380	GO:1904063
GO:1901381	GO:0043268
GO:1901381	GO:1901379
GO:1901381	GO:1904064
GO:1901382	GO:0042127
GO:1901383	GO:0008285
GO:1901383	GO:1901382
GO:1901384	GO:0008284
GO:1901384	GO:1901382
GO:1901401	GO:0019222
GO:1901404	GO:0009894
GO:1901404	GO:1901401
GO:1901405	GO:0009895
GO:1901405	GO:1901404
GO:1901406	GO:0009896
GO:1901406	GO:1901404
GO:1901410	GO:1901463
GO:1901410	GO:2000211
GO:1901411	GO:1901410
GO:1901411	GO:1901464
GO:1901411	GO:2000212
GO:1901412	GO:0045764
GO:1901412	GO:0062013
GO:1901412	GO:1901410
GO:1901412	GO:1901465
GO:1901419	GO:0048583
GO:1901420	GO:0048585
GO:1901420	GO:1901419
GO:1901421	GO:0048584
GO:1901421	GO:1901419
GO:1901423	GO:0042221
GO:1901424	GO:0042221
GO:1901425	GO:1901700
GO:1901434	GO:0009894
GO:1901435	GO:0009895
GO:1901435	GO:1901434
GO:1901436	GO:0009896
GO:1901436	GO:1901434
GO:1901451	GO:0048583
GO:1901452	GO:0048585
GO:1901452	GO:1901451
GO:1901453	GO:0048584
GO:1901453	GO:1901451
GO:1901454	GO:0048583
GO:1901455	GO:0048585
GO:1901455	GO:1901454
GO:1901456	GO:0048584
GO:1901456	GO:1901454
GO:1901457	GO:0048583
GO:1901458	GO:0048585
GO:1901458	GO:1901457
GO:1901459	GO:0048584
GO:1901459	GO:1901457
GO:1901460	GO:0048583
GO:1901461	GO:0048585
GO:1901461	GO:1901460
GO:1901462	GO:0048584
GO:1901462	GO:1901460
GO:1901463	GO:0009889
GO:1901463	GO:1901401
GO:1901464	GO:0009890
GO:1901464	GO:1901463
GO:1901465	GO:0009891
GO:1901465	GO:1901463
GO:1901472	GO:0051279
GO:1901474	GO:0022857
GO:1901490	GO:0022603
GO:1901491	GO:0051093
GO:1901491	GO:1901490
GO:1901492	GO:0051094
GO:1901492	GO:1901490
GO:1901505	GO:0022857
GO:1901509	GO:1905330
GO:1901532	GO:0045595
GO:1901533	GO:0045596
GO:1901533	GO:1901532
GO:1901534	GO:0045597
GO:1901534	GO:1901532
GO:1901550	GO:0045601
GO:1901550	GO:0060284
GO:1901551	GO:0010721
GO:1901551	GO:0045602
GO:1901551	GO:1901550
GO:1901552	GO:0010720
GO:1901552	GO:1901550
GO:1901577	GO:0009889
GO:1901578	GO:0009890
GO:1901578	GO:1901577
GO:1901579	GO:0009891
GO:1901579	GO:1901577
GO:1901588	GO:0005874
GO:1901589	GO:0097427
GO:1901605	GO:0006520
GO:1901605	GO:0019752
GO:1901606	GO:0009063
GO:1901606	GO:0046395
GO:1901606	GO:1901605
GO:1901607	GO:0008652
GO:1901607	GO:0046394
GO:1901607	GO:1901605
GO:1901608	GO:1902513
GO:1901609	GO:0032387
GO:1901609	GO:1901608
GO:1901610	GO:0032388
GO:1901610	GO:1901608
GO:1901623	GO:0002688
GO:1901623	GO:2000401
GO:1901624	GO:0002689
GO:1901624	GO:1901623
GO:1901624	GO:2000402
GO:1901626	GO:0051128
GO:1901627	GO:1901626
GO:1901627	GO:1905809
GO:1901628	GO:0051130
GO:1901628	GO:1901626
GO:1901642	GO:0015858
GO:1901642	GO:0055085
GO:1901645	GO:0050678
GO:1901646	GO:0050680
GO:1901646	GO:1901645
GO:1901647	GO:0050679
GO:1901647	GO:1901645
GO:1901652	GO:0042221
GO:1901653	GO:0070887
GO:1901653	GO:1901652
GO:1901654	GO:1901700
GO:1901655	GO:1901654
GO:1901655	GO:1901701
GO:1901658	GO:1901136
GO:1901659	GO:1901137
GO:1901679	GO:0006862
GO:1901679	GO:0055085
GO:1901681	GO:0005488
GO:1901682	GO:0022857
GO:1901691	GO:0043169
GO:1901692	GO:0042981
GO:1901693	GO:0043066
GO:1901693	GO:1901692
GO:1901694	GO:0043065
GO:1901694	GO:0046672
GO:1901694	GO:1901692
GO:1901698	GO:0042221
GO:1901699	GO:0070887
GO:1901699	GO:1901698
GO:1901700	GO:0042221
GO:1901701	GO:0070887
GO:1901701	GO:1901700
GO:1901702	GO:0022857
GO:1901706	GO:0048762
GO:1901715	GO:0006521
GO:1901715	GO:0009894
GO:1901715	GO:0062012
GO:1901716	GO:0009895
GO:1901716	GO:0045763
GO:1901716	GO:0062014
GO:1901716	GO:1901715
GO:1901717	GO:0009896
GO:1901717	GO:0045764
GO:1901717	GO:0062013
GO:1901717	GO:1901715
GO:1901722	GO:0042127
GO:1901723	GO:0008285
GO:1901723	GO:1901722
GO:1901724	GO:0008284
GO:1901724	GO:1901722
GO:1901746	GO:0043649
GO:1901747	GO:0043650
GO:1901810	GO:0016116
GO:1901810	GO:0016119
GO:1901811	GO:0016118
GO:1901811	GO:0016121
GO:1901811	GO:1901810
GO:1901812	GO:0016117
GO:1901812	GO:0016120
GO:1901812	GO:1901810
GO:1901824	GO:0016117
GO:1901824	GO:0016120
GO:1901826	GO:0016124
GO:1901827	GO:0016123
GO:1901861	GO:0050793
GO:1901862	GO:0051093
GO:1901862	GO:1901861
GO:1901863	GO:0051094
GO:1901863	GO:1901861
GO:1901876	GO:0051098
GO:1901879	GO:0043244
GO:1901880	GO:0043242
GO:1901880	GO:1901879
GO:1901881	GO:0043243
GO:1901881	GO:1901879
GO:1901888	GO:0044087
GO:1901888	GO:0051128
GO:1901889	GO:0051129
GO:1901889	GO:1901888
GO:1901890	GO:0044089
GO:1901890	GO:0051130
GO:1901890	GO:1901888
GO:1901950	GO:0016482
GO:1901950	GO:0032253
GO:1901950	GO:0051650
GO:1901951	GO:1901608
GO:1901951	GO:1904809
GO:1901952	GO:1901609
GO:1901952	GO:1901951
GO:1901952	GO:1904810
GO:1901953	GO:1901610
GO:1901953	GO:1901951
GO:1901953	GO:1904811
GO:1901954	GO:1901608
GO:1901954	GO:1904809
GO:1901954	GO:2001017
GO:1901955	GO:1901609
GO:1901955	GO:1901954
GO:1901955	GO:1904810
GO:1901955	GO:2001018
GO:1901956	GO:1901610
GO:1901956	GO:1901954
GO:1901956	GO:1904811
GO:1901956	GO:2001019
GO:1901963	GO:2000136
GO:1901964	GO:1901963
GO:1901964	GO:2000138
GO:1902001	GO:0015908
GO:1902001	GO:1905039
GO:1902017	GO:0120032
GO:1902017	GO:1902115
GO:1902018	GO:0120033
GO:1902018	GO:1902017
GO:1902018	GO:1902116
GO:1902019	GO:2000145
GO:1902020	GO:1902019
GO:1902020	GO:2000146
GO:1902033	GO:0072091
GO:1902034	GO:1902033
GO:1902034	GO:1903707
GO:1902034	GO:2000647
GO:1902035	GO:1902033
GO:1902035	GO:2000648
GO:1902036	GO:1901532
GO:1902036	GO:2000736
GO:1902037	GO:1901533
GO:1902037	GO:1902036
GO:1902037	GO:2000737
GO:1902038	GO:1901534
GO:1902038	GO:1902036
GO:1902038	GO:2000738
GO:1902065	GO:0043200
GO:1902065	GO:1901698
GO:1902065	GO:1901700
GO:1902074	GO:0042221
GO:1902075	GO:0070887
GO:1902075	GO:1902074
GO:1902093	GO:0003353
GO:1902093	GO:1901317
GO:1902093	GO:2000155
GO:1902093	GO:2000243
GO:1902105	GO:1903706
GO:1902106	GO:1902105
GO:1902106	GO:1903707
GO:1902107	GO:1902105
GO:1902107	GO:1903708
GO:1902115	GO:0033043
GO:1902115	GO:0044087
GO:1902116	GO:0010639
GO:1902116	GO:1902115
GO:1902117	GO:0010638
GO:1902117	GO:0044089
GO:1902117	GO:1902115
GO:1902172	GO:1904035
GO:1902173	GO:1902172
GO:1902173	GO:1904036
GO:1902174	GO:1902172
GO:1902174	GO:1904037
GO:1902211	GO:0001959
GO:1902212	GO:0001960
GO:1902212	GO:1902211
GO:1902213	GO:0001961
GO:1902213	GO:1902211
GO:1902217	GO:0033028
GO:1902250	GO:0033032
GO:1902251	GO:0033033
GO:1902251	GO:1902250
GO:1902252	GO:0033034
GO:1902252	GO:1902250
GO:1902256	GO:1902337
GO:1902257	GO:1902256
GO:1902257	GO:1902338
GO:1902258	GO:1902256
GO:1902258	GO:1902339
GO:1902262	GO:0060561
GO:1902275	GO:0051128
GO:1902305	GO:0002028
GO:1902305	GO:1904062
GO:1902306	GO:0010766
GO:1902306	GO:1902305
GO:1902306	GO:1904063
GO:1902307	GO:0010765
GO:1902307	GO:1902305
GO:1902307	GO:1904064
GO:1902337	GO:1904748
GO:1902338	GO:1902337
GO:1902338	GO:1904746
GO:1902339	GO:1902337
GO:1902339	GO:1904747
GO:1902340	GO:0060623
GO:1902340	GO:2001251
GO:1902358	GO:0015698
GO:1902358	GO:0055085
GO:1902358	GO:0072348
GO:1902362	GO:0006915
GO:1902369	GO:0009895
GO:1902369	GO:0051253
GO:1902370	GO:0009894
GO:1902370	GO:1903326
GO:1902371	GO:1902369
GO:1902371	GO:1902370
GO:1902371	GO:1903327
GO:1902372	GO:0009896
GO:1902372	GO:1902370
GO:1902372	GO:1903328
GO:1902396	GO:0150105
GO:1902414	GO:0008104
GO:1902434	GO:0098658
GO:1902434	GO:1902358
GO:1902455	GO:0051093
GO:1902455	GO:0051241
GO:1902455	GO:2000036
GO:1902459	GO:0051094
GO:1902459	GO:0051240
GO:1902459	GO:2000036
GO:1902463	GO:0008104
GO:1902473	GO:0032880
GO:1902474	GO:1902473
GO:1902474	GO:1903829
GO:1902475	GO:0003333
GO:1902475	GO:0015807
GO:1902475	GO:1905039
GO:1902484	GO:1904019
GO:1902488	GO:1904019
GO:1902489	GO:0006915
GO:1902490	GO:0051239
GO:1902490	GO:1903429
GO:1902490	GO:2000241
GO:1902491	GO:0051241
GO:1902491	GO:1902490
GO:1902491	GO:1903430
GO:1902491	GO:2000242
GO:1902492	GO:0051240
GO:1902492	GO:1902490
GO:1902492	GO:1903431
GO:1902492	GO:2000243
GO:1902494	GO:0032991
GO:1902495	GO:0098796
GO:1902495	GO:1990351
GO:1902510	GO:1903624
GO:1902511	GO:1902510
GO:1902511	GO:1903625
GO:1902512	GO:1902510
GO:1902512	GO:1903626
GO:1902513	GO:0032386
GO:1902513	GO:0060632
GO:1902531	GO:0009966
GO:1902532	GO:0009968
GO:1902532	GO:1902531
GO:1902533	GO:0009967
GO:1902533	GO:1902531
GO:1902563	GO:0002694
GO:1902564	GO:0002695
GO:1902564	GO:1902563
GO:1902565	GO:0002696
GO:1902565	GO:1902563
GO:1902570	GO:0034504
GO:1902584	GO:0048584
GO:1902584	GO:2000070
GO:1902600	GO:0098655
GO:1902622	GO:0002685
GO:1902623	GO:0002686
GO:1902623	GO:1902622
GO:1902624	GO:0002687
GO:1902624	GO:1902622
GO:1902637	GO:0014033
GO:1902638	GO:0014033
GO:1902656	GO:0006816
GO:1902670	GO:0036094
GO:1902679	GO:0010558
GO:1902679	GO:0051253
GO:1902679	GO:2001141
GO:1902680	GO:0010557
GO:1902680	GO:0051254
GO:1902680	GO:2001141
GO:1902683	GO:0032879
GO:1902684	GO:0048519
GO:1902684	GO:1902683
GO:1902685	GO:0048518
GO:1902685	GO:1902683
GO:1902691	GO:0048863
GO:1902692	GO:2000177
GO:1902710	GO:0043235
GO:1902721	GO:0050709
GO:1902721	GO:0090278
GO:1902722	GO:0050714
GO:1902722	GO:0090277
GO:1902733	GO:1902738
GO:1902738	GO:0032330
GO:1902738	GO:1903010
GO:1902738	GO:2000027
GO:1902742	GO:0006915
GO:1902746	GO:0030856
GO:1902747	GO:0030857
GO:1902747	GO:0051241
GO:1902747	GO:1902746
GO:1902748	GO:0030858
GO:1902748	GO:0051240
GO:1902748	GO:1902746
GO:1902761	GO:0010720
GO:1902761	GO:0032332
GO:1902761	GO:0061181
GO:1902778	GO:0042221
GO:1902779	GO:0070887
GO:1902779	GO:1902778
GO:1902809	GO:0010830
GO:1902809	GO:2001014
GO:1902810	GO:0010832
GO:1902810	GO:1902809
GO:1902810	GO:2001015
GO:1902811	GO:0010831
GO:1902811	GO:1902809
GO:1902811	GO:2001016
GO:1902816	GO:0032880
GO:1902817	GO:1902816
GO:1902817	GO:1903828
GO:1902832	GO:0021921
GO:1902832	GO:2000178
GO:1902833	GO:0021921
GO:1902833	GO:2000179
GO:1902838	GO:1902513
GO:1902839	GO:0032387
GO:1902839	GO:1902838
GO:1902840	GO:0032388
GO:1902840	GO:1902838
GO:1902850	GO:0000226
GO:1902850	GO:1903047
GO:1902855	GO:1902017
GO:1902856	GO:1902018
GO:1902856	GO:1902855
GO:1902857	GO:0045724
GO:1902857	GO:1902855
GO:1902863	GO:0050793
GO:1902864	GO:0051093
GO:1902864	GO:1902863
GO:1902865	GO:0051094
GO:1902865	GO:1902863
GO:1902866	GO:0050793
GO:1902867	GO:0051093
GO:1902867	GO:0051241
GO:1902867	GO:1902866
GO:1902868	GO:0051094
GO:1902868	GO:0051240
GO:1902868	GO:1902866
GO:1902869	GO:0045664
GO:1902870	GO:0045665
GO:1902870	GO:1902869
GO:1902871	GO:0045666
GO:1902871	GO:1902869
GO:1902875	GO:0051239
GO:1902876	GO:0051241
GO:1902876	GO:1902875
GO:1902877	GO:0051240
GO:1902877	GO:1902875
GO:1902903	GO:0051128
GO:1902904	GO:0051129
GO:1902904	GO:1902903
GO:1902905	GO:0051130
GO:1902905	GO:1902903
GO:1902908	GO:0050794
GO:1902908	GO:0051049
GO:1902909	GO:0048523
GO:1902909	GO:0051051
GO:1902909	GO:1902908
GO:1902910	GO:0048522
GO:1902910	GO:0051050
GO:1902910	GO:1902908
GO:1902911	GO:0061695
GO:1902913	GO:0030858
GO:1902930	GO:0009889
GO:1902930	GO:0062012
GO:1902931	GO:0009890
GO:1902931	GO:0062014
GO:1902931	GO:1902930
GO:1902932	GO:0009891
GO:1902932	GO:0062013
GO:1902932	GO:1902930
GO:1903000	GO:0032368
GO:1903000	GO:0150200
GO:1903001	GO:0032369
GO:1903001	GO:0150202
GO:1903001	GO:1903000
GO:1903002	GO:0032370
GO:1903002	GO:0150201
GO:1903002	GO:1903000
GO:1903008	GO:0006996
GO:1903008	GO:0022411
GO:1903010	GO:2000026
GO:1903011	GO:0051093
GO:1903011	GO:0051241
GO:1903011	GO:1903010
GO:1903012	GO:0051094
GO:1903012	GO:0051240
GO:1903012	GO:1903010
GO:1903018	GO:0051246
GO:1903019	GO:0051248
GO:1903019	GO:1903018
GO:1903020	GO:0051247
GO:1903020	GO:1903018
GO:1903034	GO:0080134
GO:1903035	GO:0048585
GO:1903035	GO:1903034
GO:1903036	GO:0048584
GO:1903036	GO:1903034
GO:1903037	GO:0022407
GO:1903038	GO:0022408
GO:1903038	GO:1903037
GO:1903039	GO:0022409
GO:1903039	GO:1903037
GO:1903041	GO:0001558
GO:1903041	GO:0048638
GO:1903041	GO:0061181
GO:1903042	GO:0030308
GO:1903042	GO:0048640
GO:1903042	GO:0061182
GO:1903042	GO:1903041
GO:1903043	GO:0030307
GO:1903043	GO:0048639
GO:1903043	GO:1902761
GO:1903043	GO:1903041
GO:1903045	GO:1901166
GO:1903046	GO:0022402
GO:1903046	GO:0022414
GO:1903047	GO:0022402
GO:1903050	GO:0030162
GO:1903051	GO:0045861
GO:1903051	GO:1903050
GO:1903052	GO:0045862
GO:1903052	GO:1903050
GO:1903053	GO:0051128
GO:1903054	GO:0051129
GO:1903054	GO:1903053
GO:1903055	GO:0051130
GO:1903055	GO:1903053
GO:1903056	GO:0033043
GO:1903057	GO:0010639
GO:1903057	GO:1903056
GO:1903058	GO:0010638
GO:1903058	GO:1903056
GO:1903076	GO:1904375
GO:1903076	GO:1905475
GO:1903077	GO:1903076
GO:1903077	GO:1904376
GO:1903077	GO:1905476
GO:1903078	GO:1903076
GO:1903078	GO:1904377
GO:1903078	GO:1905477
GO:1903115	GO:0032970
GO:1903116	GO:0048522
GO:1903116	GO:1903115
GO:1903119	GO:0044380
GO:1903120	GO:1903119
GO:1903131	GO:0002521
GO:1903169	GO:0051924
GO:1903169	GO:1904062
GO:1903170	GO:0051926
GO:1903170	GO:1903169
GO:1903170	GO:1904063
GO:1903179	GO:0009889
GO:1903179	GO:0042053
GO:1903180	GO:0009890
GO:1903180	GO:0045963
GO:1903180	GO:1903179
GO:1903181	GO:0009891
GO:1903181	GO:0045964
GO:1903181	GO:1903179
GO:1903210	GO:1904019
GO:1903224	GO:0045595
GO:1903225	GO:0045596
GO:1903225	GO:1903224
GO:1903226	GO:0045597
GO:1903226	GO:1903224
GO:1903232	GO:0032438
GO:1903232	GO:0070925
GO:1903233	GO:0017158
GO:1903233	GO:2000300
GO:1903234	GO:0045955
GO:1903234	GO:1903233
GO:1903234	GO:2000301
GO:1903235	GO:0045956
GO:1903235	GO:1903233
GO:1903235	GO:2000302
GO:1903251	GO:0002065
GO:1903276	GO:1902305
GO:1903277	GO:1902306
GO:1903277	GO:1903276
GO:1903278	GO:1902307
GO:1903278	GO:1903276
GO:1903286	GO:1901379
GO:1903287	GO:1901380
GO:1903287	GO:1903286
GO:1903288	GO:1901381
GO:1903288	GO:1903286
GO:1903292	GO:0034067
GO:1903292	GO:0072657
GO:1903294	GO:0014048
GO:1903294	GO:0046928
GO:1903294	GO:0051966
GO:1903295	GO:0014050
GO:1903295	GO:0046929
GO:1903295	GO:0051967
GO:1903295	GO:1903294
GO:1903296	GO:0001956
GO:1903296	GO:0014049
GO:1903296	GO:0051968
GO:1903296	GO:1903294
GO:1903305	GO:0017157
GO:1903306	GO:0045920
GO:1903306	GO:1903305
GO:1903307	GO:0045921
GO:1903307	GO:1903305
GO:1903317	GO:0010468
GO:1903317	GO:0051246
GO:1903318	GO:0010629
GO:1903318	GO:0051248
GO:1903318	GO:1903317
GO:1903319	GO:0010628
GO:1903319	GO:0051247
GO:1903319	GO:1903317
GO:1903326	GO:0051252
GO:1903327	GO:0051253
GO:1903327	GO:1903326
GO:1903328	GO:0051254
GO:1903328	GO:1903326
GO:1903335	GO:0032386
GO:1903336	GO:0032387
GO:1903336	GO:1903335
GO:1903337	GO:0032388
GO:1903337	GO:1903335
GO:1903347	GO:1901889
GO:1903347	GO:2000810
GO:1903348	GO:1901890
GO:1903348	GO:2000810
GO:1903350	GO:0071869
GO:1903351	GO:0071870
GO:1903351	GO:1903350
GO:1903353	GO:0033043
GO:1903358	GO:0033043
GO:1903375	GO:0061550
GO:1903379	GO:0010564
GO:1903379	GO:0060623
GO:1903380	GO:0090068
GO:1903380	GO:1903379
GO:1903380	GO:1905821
GO:1903412	GO:0033993
GO:1903412	GO:1901700
GO:1903413	GO:0071396
GO:1903413	GO:1901701
GO:1903413	GO:1903412
GO:1903429	GO:0060284
GO:1903430	GO:0010721
GO:1903430	GO:1903429
GO:1903431	GO:0010720
GO:1903431	GO:1903429
GO:1903439	GO:0097648
GO:1903441	GO:0061512
GO:1903441	GO:0072657
GO:1903441	GO:1990778
GO:1903444	GO:0045599
GO:1903444	GO:0090335
GO:1903487	GO:0050878
GO:1903487	GO:0051046
GO:1903487	GO:2000026
GO:1903488	GO:0051048
GO:1903488	GO:0051093
GO:1903488	GO:0051241
GO:1903488	GO:1903487
GO:1903489	GO:0051047
GO:1903489	GO:0051094
GO:1903489	GO:0051240
GO:1903489	GO:1903487
GO:1903509	GO:0006629
GO:1903509	GO:1901135
GO:1903522	GO:0044057
GO:1903523	GO:0051241
GO:1903523	GO:1903522
GO:1903524	GO:0051240
GO:1903524	GO:1903522
GO:1903530	GO:0050794
GO:1903530	GO:0051046
GO:1903531	GO:0048523
GO:1903531	GO:0051048
GO:1903531	GO:1903530
GO:1903532	GO:0048522
GO:1903532	GO:0051047
GO:1903532	GO:1903530
GO:1903537	GO:1903046
GO:1903538	GO:0010564
GO:1903538	GO:2000241
GO:1903539	GO:0062237
GO:1903539	GO:0072657
GO:1903539	GO:1990778
GO:1903540	GO:0090150
GO:1903541	GO:0017157
GO:1903542	GO:0045920
GO:1903542	GO:1903541
GO:1903543	GO:0044089
GO:1903543	GO:0045921
GO:1903543	GO:1903541
GO:1903544	GO:0070542
GO:1903545	GO:0071398
GO:1903545	GO:1903544
GO:1903546	GO:0097499
GO:1903551	GO:1902115
GO:1903552	GO:1902116
GO:1903552	GO:1903551
GO:1903553	GO:1902117
GO:1903553	GO:1903551
GO:1903561	GO:0031982
GO:1903561	GO:0065010
GO:1903564	GO:0032880
GO:1903565	GO:1903564
GO:1903565	GO:1903828
GO:1903566	GO:1903564
GO:1903566	GO:1903829
GO:1903567	GO:1903564
GO:1903567	GO:1904375
GO:1903567	GO:1905475
GO:1903568	GO:1903565
GO:1903568	GO:1903567
GO:1903568	GO:1904376
GO:1903568	GO:1905476
GO:1903569	GO:1903566
GO:1903569	GO:1903567
GO:1903569	GO:1904377
GO:1903569	GO:1905477
GO:1903578	GO:1900542
GO:1903579	GO:1900543
GO:1903579	GO:1903578
GO:1903580	GO:1900544
GO:1903580	GO:1903578
GO:1903624	GO:0009894
GO:1903624	GO:0051052
GO:1903625	GO:0009895
GO:1903625	GO:0051053
GO:1903625	GO:1903624
GO:1903626	GO:0009896
GO:1903626	GO:0051054
GO:1903626	GO:1903624
GO:1903680	GO:0001949
GO:1903680	GO:0090425
GO:1903697	GO:0032534
GO:1903697	GO:0120033
GO:1903698	GO:0032534
GO:1903698	GO:0120034
GO:1903699	GO:0048733
GO:1903700	GO:0048856
GO:1903701	GO:0048856
GO:1903702	GO:0048856
GO:1903706	GO:0002682
GO:1903706	GO:0060284
GO:1903706	GO:2000026
GO:1903707	GO:0002683
GO:1903707	GO:0010721
GO:1903707	GO:0051241
GO:1903707	GO:1903706
GO:1903708	GO:0002684
GO:1903708	GO:0010720
GO:1903708	GO:0051240
GO:1903708	GO:1903706
GO:1903709	GO:0048732
GO:1903725	GO:0019216
GO:1903725	GO:0051174
GO:1903726	GO:0045833
GO:1903726	GO:0045936
GO:1903726	GO:1903725
GO:1903727	GO:0045834
GO:1903727	GO:0045937
GO:1903727	GO:1903725
GO:1903728	GO:0030154
GO:1903729	GO:0051128
GO:1903764	GO:1901379
GO:1903765	GO:1901380
GO:1903765	GO:1903764
GO:1903766	GO:1901381
GO:1903766	GO:1903764
GO:1903778	GO:0072657
GO:1903778	GO:0072665
GO:1903779	GO:0008016
GO:1903780	GO:0048519
GO:1903780	GO:1903779
GO:1903781	GO:0048518
GO:1903781	GO:1903779
GO:1903782	GO:1902305
GO:1903783	GO:1902306
GO:1903783	GO:1903782
GO:1903784	GO:1902307
GO:1903784	GO:1903782
GO:1903789	GO:0034762
GO:1903789	GO:0051955
GO:1903808	GO:0015828
GO:1903808	GO:0089718
GO:1903808	GO:1902475
GO:1903828	GO:0032880
GO:1903828	GO:0048519
GO:1903829	GO:0032880
GO:1903829	GO:0048518
GO:1903831	GO:0007165
GO:1903847	GO:1905651
GO:1903848	GO:1903847
GO:1903848	GO:1905652
GO:1903849	GO:1903847
GO:1903849	GO:1905653
GO:1903867	GO:0048856
GO:1903903	GO:2000114
GO:1903904	GO:0050868
GO:1903904	GO:1903903
GO:1903905	GO:0050870
GO:1903905	GO:1903903
GO:1903929	GO:0060021
GO:1903941	GO:0043576
GO:1903941	GO:0051241
GO:1903942	GO:0043576
GO:1903942	GO:0051240
GO:1903943	GO:1904035
GO:1903944	GO:1903943
GO:1903944	GO:1904036
GO:1903945	GO:1903943
GO:1903945	GO:1904037
GO:1903950	GO:0045759
GO:1903950	GO:0098904
GO:1903951	GO:0045760
GO:1903951	GO:0098904
GO:1903975	GO:0030334
GO:1903976	GO:0030336
GO:1903976	GO:1903975
GO:1903977	GO:0030335
GO:1903977	GO:1903975
GO:1903988	GO:0034755
GO:1903988	GO:0140115
GO:1904002	GO:0050678
GO:1904003	GO:0050680
GO:1904003	GO:1904002
GO:1904004	GO:0050679
GO:1904004	GO:1904002
GO:1904014	GO:0071867
GO:1904014	GO:1901700
GO:1904015	GO:0071868
GO:1904015	GO:1901701
GO:1904015	GO:1904014
GO:1904018	GO:0051094
GO:1904018	GO:0051240
GO:1904018	GO:1901342
GO:1904019	GO:0006915
GO:1904026	GO:1903053
GO:1904027	GO:1903054
GO:1904027	GO:1904026
GO:1904028	GO:1903055
GO:1904028	GO:1904026
GO:1904035	GO:0042981
GO:1904036	GO:0043066
GO:1904036	GO:1904035
GO:1904037	GO:0043065
GO:1904037	GO:1904035
GO:1904038	GO:0034759
GO:1904039	GO:0034760
GO:1904039	GO:1904038
GO:1904040	GO:0034761
GO:1904040	GO:1904038
GO:1904044	GO:0051385
GO:1904044	GO:0097305
GO:1904044	GO:1901654
GO:1904045	GO:0071389
GO:1904045	GO:0097306
GO:1904045	GO:0110096
GO:1904045	GO:1901655
GO:1904045	GO:1904044
GO:1904054	GO:0050678
GO:1904055	GO:0050680
GO:1904055	GO:1904054
GO:1904056	GO:0050679
GO:1904056	GO:1904054
GO:1904057	GO:0031645
GO:1904057	GO:0051930
GO:1904058	GO:0031646
GO:1904058	GO:0051930
GO:1904062	GO:0034765
GO:1904063	GO:0034766
GO:1904063	GO:1904062
GO:1904064	GO:0034767
GO:1904064	GO:1904062
GO:1904065	GO:0007213
GO:1904071	GO:0022607
GO:1904071	GO:1990709
GO:1904072	GO:0022411
GO:1904072	GO:1990709
GO:1904073	GO:0042127
GO:1904073	GO:0048638
GO:1904074	GO:0008285
GO:1904074	GO:1904073
GO:1904075	GO:0008284
GO:1904075	GO:1904073
GO:1904106	GO:0008104
GO:1904115	GO:0120111
GO:1904116	GO:0043434
GO:1904117	GO:0071375
GO:1904117	GO:1904116
GO:1904118	GO:1905330
GO:1904118	GO:2000027
GO:1904119	GO:0110111
GO:1904119	GO:1904118
GO:1904119	GO:1905331
GO:1904120	GO:0110110
GO:1904120	GO:1904118
GO:1904120	GO:1905332
GO:1904142	GO:0045827
GO:1904142	GO:0051055
GO:1904143	GO:0019747
GO:1904143	GO:0046889
GO:1904145	GO:0010948
GO:1904145	GO:0051447
GO:1904145	GO:1900194
GO:1904145	GO:1903538
GO:1904146	GO:0051446
GO:1904146	GO:0090068
GO:1904146	GO:1903538
GO:1904170	GO:0120032
GO:1904171	GO:0120033
GO:1904171	GO:1904170
GO:1904172	GO:0120034
GO:1904172	GO:1904170
GO:1904177	GO:0050793
GO:1904178	GO:0051093
GO:1904178	GO:0051241
GO:1904178	GO:1904177
GO:1904179	GO:0051094
GO:1904179	GO:0051240
GO:1904179	GO:1904177
GO:1904192	GO:1904035
GO:1904193	GO:1904036
GO:1904193	GO:1904192
GO:1904194	GO:1904037
GO:1904194	GO:1904192
GO:1904195	GO:0050678
GO:1904196	GO:0050680
GO:1904196	GO:1904195
GO:1904197	GO:0050679
GO:1904197	GO:1904195
GO:1904204	GO:0014733
GO:1904204	GO:0014743
GO:1904205	GO:0014741
GO:1904205	GO:0014745
GO:1904205	GO:1904204
GO:1904206	GO:0014742
GO:1904206	GO:0014744
GO:1904206	GO:1904204
GO:1904238	GO:0030154
GO:1904266	GO:0050920
GO:1904266	GO:1900147
GO:1904267	GO:0050922
GO:1904267	GO:1900148
GO:1904267	GO:1904266
GO:1904268	GO:0050921
GO:1904268	GO:1900149
GO:1904268	GO:1904266
GO:1904269	GO:0099738
GO:1904304	GO:0006940
GO:1904305	GO:0045986
GO:1904305	GO:1904304
GO:1904306	GO:0045987
GO:1904306	GO:1904304
GO:1904318	GO:0006940
GO:1904318	GO:0044062
GO:1904318	GO:0098801
GO:1904319	GO:0045986
GO:1904319	GO:1904318
GO:1904320	GO:0045987
GO:1904320	GO:1904318
GO:1904338	GO:0045664
GO:1904339	GO:0045665
GO:1904339	GO:1904338
GO:1904340	GO:0045666
GO:1904340	GO:1904338
GO:1904341	GO:1904304
GO:1904342	GO:1904305
GO:1904342	GO:1904341
GO:1904343	GO:1904306
GO:1904343	GO:1904341
GO:1904344	GO:1903522
GO:1904345	GO:1903523
GO:1904345	GO:1904344
GO:1904346	GO:1903524
GO:1904346	GO:1904344
GO:1904347	GO:1904304
GO:1904348	GO:1904305
GO:1904348	GO:1904347
GO:1904349	GO:1904306
GO:1904349	GO:1904347
GO:1904350	GO:0042176
GO:1904351	GO:0042177
GO:1904351	GO:1904350
GO:1904352	GO:0045732
GO:1904352	GO:1904350
GO:1904362	GO:0090276
GO:1904363	GO:0090278
GO:1904363	GO:1904362
GO:1904364	GO:0090277
GO:1904364	GO:1904362
GO:1904375	GO:0032880
GO:1904376	GO:1903828
GO:1904376	GO:1904375
GO:1904377	GO:1903829
GO:1904377	GO:1904375
GO:1904386	GO:1901698
GO:1904387	GO:1901699
GO:1904387	GO:1904386
GO:1904390	GO:0060040
GO:1904396	GO:0050807
GO:1904397	GO:1904396
GO:1904397	GO:1905809
GO:1904398	GO:0051130
GO:1904398	GO:1904396
GO:1904408	GO:0033218
GO:1904409	GO:0033043
GO:1904410	GO:0010639
GO:1904410	GO:1904409
GO:1904411	GO:0010638
GO:1904411	GO:1904409
GO:1904412	GO:0050793
GO:1904413	GO:0051093
GO:1904413	GO:0051241
GO:1904413	GO:1904412
GO:1904414	GO:0051094
GO:1904414	GO:0051240
GO:1904414	GO:1904412
GO:1904427	GO:0051928
GO:1904427	GO:1903169
GO:1904427	GO:1904064
GO:1904438	GO:0034759
GO:1904438	GO:0060341
GO:1904439	GO:0034760
GO:1904439	GO:1904438
GO:1904440	GO:0034761
GO:1904440	GO:1904438
GO:1904456	GO:0045759
GO:1904456	GO:0051970
GO:1904456	GO:0098908
GO:1904457	GO:0045760
GO:1904457	GO:0051971
GO:1904457	GO:0098908
GO:1904484	GO:0048732
GO:1904491	GO:0061512
GO:1904587	GO:1901698
GO:1904587	GO:1901700
GO:1904588	GO:1901699
GO:1904588	GO:1901701
GO:1904588	GO:1904587
GO:1904606	GO:0006915
GO:1904633	GO:1904035
GO:1904634	GO:1904036
GO:1904634	GO:1904633
GO:1904635	GO:1904037
GO:1904635	GO:1904633
GO:1904649	GO:0042981
GO:1904650	GO:0043066
GO:1904650	GO:1904649
GO:1904651	GO:0043065
GO:1904651	GO:1904649
GO:1904653	GO:0050793
GO:1904654	GO:0051093
GO:1904654	GO:0051241
GO:1904654	GO:1904653
GO:1904655	GO:0051094
GO:1904655	GO:0051240
GO:1904655	GO:1904653
GO:1904659	GO:0008645
GO:1904671	GO:0045596
GO:1904672	GO:2000036
GO:1904673	GO:1902455
GO:1904673	GO:1904672
GO:1904674	GO:1902459
GO:1904674	GO:1904672
GO:1904675	GO:2000035
GO:1904676	GO:0051782
GO:1904676	GO:1904675
GO:1904677	GO:0051781
GO:1904677	GO:1904675
GO:1904680	GO:0022857
GO:1904688	GO:0006446
GO:1904688	GO:2000765
GO:1904689	GO:0045947
GO:1904689	GO:1904688
GO:1904690	GO:0045948
GO:1904690	GO:1904688
GO:1904691	GO:0050680
GO:1904691	GO:0061469
GO:1904692	GO:0050679
GO:1904692	GO:0061469
GO:1904693	GO:0009653
GO:1904697	GO:0050678
GO:1904698	GO:0050680
GO:1904698	GO:1904697
GO:1904699	GO:0050679
GO:1904699	GO:1904697
GO:1904700	GO:1904019
GO:1904705	GO:0048660
GO:1904706	GO:0048662
GO:1904706	GO:1904705
GO:1904707	GO:0048661
GO:1904707	GO:1904705
GO:1904708	GO:1904035
GO:1904709	GO:1904036
GO:1904709	GO:1904708
GO:1904710	GO:1904037
GO:1904710	GO:1904708
GO:1904738	GO:0014909
GO:1904746	GO:0043066
GO:1904746	GO:0051093
GO:1904746	GO:1904748
GO:1904747	GO:0043065
GO:1904747	GO:0051094
GO:1904747	GO:1904748
GO:1904748	GO:0042981
GO:1904748	GO:0050793
GO:1904749	GO:1900180
GO:1904750	GO:1900181
GO:1904750	GO:1904749
GO:1904751	GO:1900182
GO:1904751	GO:1904749
GO:1904752	GO:0014910
GO:1904753	GO:0014912
GO:1904753	GO:1904752
GO:1904754	GO:0014911
GO:1904754	GO:1904752
GO:1904770	GO:0060349
GO:1904776	GO:1904375
GO:1904777	GO:1904376
GO:1904777	GO:1904776
GO:1904778	GO:1904377
GO:1904778	GO:1904776
GO:1904809	GO:0032386
GO:1904810	GO:0032387
GO:1904810	GO:1904809
GO:1904811	GO:0032388
GO:1904811	GO:1904809
GO:1904817	GO:0048856
GO:1904818	GO:0048856
GO:1904819	GO:0048856
GO:1904820	GO:1904817
GO:1904823	GO:0006863
GO:1904823	GO:0072530
GO:1904829	GO:1905063
GO:1904830	GO:1904829
GO:1904830	GO:1905064
GO:1904831	GO:1904829
GO:1904831	GO:1905065
GO:1904835	GO:0061552
GO:1904836	GO:0061559
GO:1904861	GO:0007416
GO:1904866	GO:0048856
GO:1904888	GO:0048856
GO:1904889	GO:0051963
GO:1904890	GO:0051964
GO:1904890	GO:1904889
GO:1904891	GO:0051965
GO:1904891	GO:1904889
GO:1904897	GO:0048145
GO:1904898	GO:0048147
GO:1904898	GO:1904897
GO:1904899	GO:0048146
GO:1904899	GO:1904897
GO:1904933	GO:2000177
GO:1904934	GO:1904933
GO:1904934	GO:2000178
GO:1904935	GO:1904933
GO:1904935	GO:2000179
GO:1904936	GO:0001764
GO:1904937	GO:0001764
GO:1904942	GO:1901210
GO:1904943	GO:1901211
GO:1904943	GO:1904413
GO:1904943	GO:1904942
GO:1904944	GO:1901212
GO:1904944	GO:1904942
GO:1904948	GO:0021953
GO:1904948	GO:0071542
GO:1904950	GO:0048519
GO:1904950	GO:0070201
GO:1904951	GO:0048518
GO:1904951	GO:0070201
GO:1904956	GO:1904338
GO:1904957	GO:1904339
GO:1904957	GO:1904956
GO:1904958	GO:1904340
GO:1904958	GO:1904956
GO:1904969	GO:0110122
GO:1904970	GO:0022607
GO:1904977	GO:0043542
GO:1904987	GO:0050865
GO:1904988	GO:0050866
GO:1904988	GO:1904987
GO:1904989	GO:0050867
GO:1904989	GO:1904987
GO:1905011	GO:0034486
GO:1905011	GO:0035435
GO:1905038	GO:0019216
GO:1905039	GO:0046942
GO:1905039	GO:0055085
GO:1905040	GO:0071696
GO:1905063	GO:0051150
GO:1905064	GO:0051151
GO:1905064	GO:1905063
GO:1905065	GO:0051152
GO:1905065	GO:1905063
GO:1905069	GO:1903867
GO:1905070	GO:0016477
GO:1905071	GO:0120193
GO:1905071	GO:0150147
GO:1905072	GO:0009888
GO:1905073	GO:0051128
GO:1905074	GO:0051129
GO:1905074	GO:1905073
GO:1905075	GO:0051130
GO:1905075	GO:1905073
GO:1905079	GO:0045664
GO:1905079	GO:0060284
GO:1905080	GO:0010721
GO:1905080	GO:0045665
GO:1905080	GO:1905079
GO:1905081	GO:0010720
GO:1905081	GO:0045666
GO:1905081	GO:1905079
GO:1905126	GO:0033157
GO:1905126	GO:0060632
GO:1905127	GO:0090317
GO:1905127	GO:1905126
GO:1905128	GO:0090316
GO:1905128	GO:1905126
GO:1905139	GO:0048646
GO:1905140	GO:0022603
GO:1905141	GO:0051093
GO:1905141	GO:0051241
GO:1905141	GO:1905140
GO:1905142	GO:0051094
GO:1905142	GO:0051240
GO:1905142	GO:1905140
GO:1905144	GO:1901698
GO:1905144	GO:1901700
GO:1905145	GO:1901699
GO:1905145	GO:1901701
GO:1905145	GO:1905144
GO:1905146	GO:0007039
GO:1905147	GO:0014743
GO:1905147	GO:0043502
GO:1905148	GO:0014741
GO:1905148	GO:0014745
GO:1905148	GO:1905147
GO:1905149	GO:0014742
GO:1905149	GO:0014744
GO:1905149	GO:1905147
GO:1905153	GO:0051128
GO:1905154	GO:0051129
GO:1905154	GO:1905153
GO:1905155	GO:0051130
GO:1905155	GO:1905153
GO:1905165	GO:1904350
GO:1905166	GO:1904351
GO:1905166	GO:1905165
GO:1905167	GO:1904352
GO:1905167	GO:1905165
GO:1905207	GO:0045595
GO:1905208	GO:0045596
GO:1905208	GO:0051241
GO:1905208	GO:1905207
GO:1905209	GO:0045597
GO:1905209	GO:0051240
GO:1905209	GO:1905207
GO:1905213	GO:0010948
GO:1905213	GO:1902340
GO:1905213	GO:1903379
GO:1905216	GO:0051099
GO:1905219	GO:0022604
GO:1905219	GO:0045637
GO:1905220	GO:0045638
GO:1905220	GO:1905219
GO:1905221	GO:0010770
GO:1905221	GO:0045639
GO:1905221	GO:1905219
GO:1905222	GO:0009653
GO:1905223	GO:0009653
GO:1905232	GO:0071230
GO:1905232	GO:1901699
GO:1905232	GO:1901701
GO:1905232	GO:1902065
GO:1905268	GO:0051129
GO:1905268	GO:1902275
GO:1905269	GO:1902275
GO:1905269	GO:2001252
GO:1905276	GO:1905330
GO:1905276	GO:2000026
GO:1905277	GO:0051241
GO:1905277	GO:1905276
GO:1905277	GO:1905331
GO:1905278	GO:0051240
GO:1905278	GO:1905276
GO:1905278	GO:1905332
GO:1905285	GO:0048729
GO:1905288	GO:0034390
GO:1905292	GO:2000736
GO:1905293	GO:0051241
GO:1905293	GO:1905292
GO:1905293	GO:2000737
GO:1905294	GO:0051240
GO:1905294	GO:1905292
GO:1905294	GO:2000738
GO:1905298	GO:0030856
GO:1905298	GO:0060284
GO:1905299	GO:0010721
GO:1905299	GO:0030857
GO:1905299	GO:0051241
GO:1905299	GO:1905298
GO:1905300	GO:0010720
GO:1905300	GO:0051240
GO:1905300	GO:1905298
GO:1905304	GO:0060284
GO:1905304	GO:0110020
GO:1905304	GO:1902115
GO:1905304	GO:1902903
GO:1905305	GO:0051494
GO:1905305	GO:1902116
GO:1905305	GO:1902904
GO:1905305	GO:1905304
GO:1905305	GO:2000726
GO:1905306	GO:0051094
GO:1905306	GO:0051495
GO:1905306	GO:1902117
GO:1905306	GO:1902905
GO:1905306	GO:1905304
GO:1905310	GO:0030334
GO:1905311	GO:0030336
GO:1905311	GO:1905310
GO:1905312	GO:0030335
GO:1905312	GO:1905310
GO:1905314	GO:0003170
GO:1905315	GO:0061323
GO:1905316	GO:0003203
GO:1905317	GO:0003203
GO:1905319	GO:0016477
GO:1905320	GO:0030334
GO:1905321	GO:0030336
GO:1905321	GO:1905320
GO:1905322	GO:0030335
GO:1905322	GO:1905320
GO:1905327	GO:0048646
GO:1905330	GO:0022603
GO:1905331	GO:0051093
GO:1905331	GO:1905330
GO:1905332	GO:0051094
GO:1905332	GO:1905330
GO:1905349	GO:0022607
GO:1905351	GO:0016477
GO:1905383	GO:0035418
GO:1905384	GO:1902473
GO:1905385	GO:1903828
GO:1905385	GO:1905384
GO:1905386	GO:1902474
GO:1905386	GO:1905384
GO:1905387	GO:0033993
GO:1905388	GO:0071396
GO:1905388	GO:1905387
GO:1905413	GO:0017158
GO:1905414	GO:0045955
GO:1905414	GO:1905413
GO:1905415	GO:0045956
GO:1905415	GO:1905413
GO:1905432	GO:0099177
GO:1905433	GO:0010648
GO:1905433	GO:0023057
GO:1905433	GO:1905432
GO:1905434	GO:0010647
GO:1905434	GO:0023056
GO:1905434	GO:1905432
GO:1905453	GO:1901532
GO:1905454	GO:1901533
GO:1905454	GO:1905453
GO:1905455	GO:1901534
GO:1905455	GO:1905453
GO:1905456	GO:1901532
GO:1905457	GO:1901533
GO:1905457	GO:1905456
GO:1905458	GO:1901534
GO:1905458	GO:1905456
GO:1905459	GO:0034391
GO:1905460	GO:0034392
GO:1905460	GO:1905459
GO:1905461	GO:0034393
GO:1905461	GO:1905459
GO:1905475	GO:0032880
GO:1905475	GO:0060341
GO:1905476	GO:0048523
GO:1905476	GO:1903828
GO:1905476	GO:1905475
GO:1905477	GO:0048522
GO:1905477	GO:1903829
GO:1905477	GO:1905475
GO:1905483	GO:2001222
GO:1905484	GO:1905483
GO:1905484	GO:2001223
GO:1905485	GO:1905483
GO:1905485	GO:2001224
GO:1905492	GO:0051094
GO:1905492	GO:0051240
GO:1905492	GO:2000172
GO:1905503	GO:1902017
GO:1905504	GO:1902018
GO:1905504	GO:1905503
GO:1905505	GO:0045724
GO:1905505	GO:1905503
GO:1905508	GO:0072698
GO:1905515	GO:0060271
GO:1905516	GO:0080154
GO:1905516	GO:2000243
GO:1905517	GO:0071674
GO:1905517	GO:0097529
GO:1905518	GO:0051128
GO:1905519	GO:1905518
GO:1905519	GO:1905607
GO:1905520	GO:1905518
GO:1905520	GO:1905608
GO:1905521	GO:0071675
GO:1905522	GO:0071676
GO:1905522	GO:1905521
GO:1905523	GO:0071677
GO:1905523	GO:1905521
GO:1905553	GO:0045765
GO:1905553	GO:0060688
GO:1905553	GO:1905330
GO:1905554	GO:0016525
GO:1905554	GO:1905331
GO:1905554	GO:1905553
GO:1905555	GO:0045766
GO:1905555	GO:1905332
GO:1905555	GO:1905553
GO:1905557	GO:0010549
GO:1905557	GO:0010564
GO:1905558	GO:0010948
GO:1905558	GO:0051129
GO:1905558	GO:1905557
GO:1905559	GO:0051130
GO:1905559	GO:0090068
GO:1905559	GO:1905557
GO:1905562	GO:0001936
GO:1905563	GO:0001937
GO:1905563	GO:1905562
GO:1905564	GO:0001938
GO:1905564	GO:1905562
GO:1905606	GO:0051963
GO:1905606	GO:0099174
GO:1905607	GO:0051964
GO:1905607	GO:1905606
GO:1905608	GO:0051130
GO:1905608	GO:1905606
GO:1905627	GO:0009889
GO:1905628	GO:0009890
GO:1905628	GO:1905627
GO:1905629	GO:0009891
GO:1905629	GO:1905627
GO:1905632	GO:0071168
GO:1905633	GO:0071169
GO:1905634	GO:0032880
GO:1905651	GO:0022603
GO:1905652	GO:1905651
GO:1905652	GO:2000181
GO:1905653	GO:0051094
GO:1905653	GO:1905651
GO:1905664	GO:0090279
GO:1905664	GO:1903169
GO:1905665	GO:0090280
GO:1905665	GO:1904427
GO:1905665	GO:1905664
GO:1905671	GO:0044088
GO:1905672	GO:0010639
GO:1905672	GO:1905671
GO:1905673	GO:0044090
GO:1905673	GO:1905671
GO:1905690	GO:0006997
GO:1905690	GO:1903008
GO:1905691	GO:0034389
GO:1905691	GO:1903008
GO:1905720	GO:0097427
GO:1905747	GO:0046877
GO:1905747	GO:0051048
GO:1905747	GO:0060457
GO:1905748	GO:0009653
GO:1905755	GO:0035372
GO:1905770	GO:0045595
GO:1905771	GO:0045596
GO:1905771	GO:1905770
GO:1905772	GO:0045597
GO:1905772	GO:1905770
GO:1905787	GO:0032101
GO:1905787	GO:0051931
GO:1905788	GO:0031645
GO:1905788	GO:0032102
GO:1905788	GO:1905787
GO:1905789	GO:0031646
GO:1905789	GO:0032103
GO:1905789	GO:1905787
GO:1905805	GO:0098883
GO:1905806	GO:0050807
GO:1905807	GO:1905806
GO:1905807	GO:1905809
GO:1905808	GO:0051130
GO:1905808	GO:1905806
GO:1905809	GO:0050807
GO:1905809	GO:0051129
GO:1905810	GO:1905806
GO:1905811	GO:1905807
GO:1905811	GO:1905810
GO:1905821	GO:0060623
GO:1905821	GO:2001252
GO:1905833	GO:0010968
GO:1905833	GO:0031115
GO:1905867	GO:0035295
GO:1905871	GO:0032880
GO:1905872	GO:1903828
GO:1905872	GO:1905871
GO:1905873	GO:1903829
GO:1905873	GO:1905871
GO:1905879	GO:0051239
GO:1905879	GO:0060284
GO:1905879	GO:2000241
GO:1905880	GO:0010721
GO:1905880	GO:0051241
GO:1905880	GO:1905879
GO:1905880	GO:2000242
GO:1905881	GO:0010720
GO:1905881	GO:0051240
GO:1905881	GO:1905879
GO:1905881	GO:2000243
GO:1905899	GO:1901861
GO:1905900	GO:1901862
GO:1905900	GO:1905899
GO:1905901	GO:1901863
GO:1905901	GO:1905899
GO:1905902	GO:0050793
GO:1905903	GO:1905902
GO:1905903	GO:2000381
GO:1905904	GO:1905902
GO:1905904	GO:2000382
GO:1905912	GO:1903169
GO:1905913	GO:1903170
GO:1905913	GO:1905912
GO:1905914	GO:1904427
GO:1905914	GO:1905912
GO:1905921	GO:0009889
GO:1905921	GO:0060408
GO:1905922	GO:0009890
GO:1905922	GO:1905921
GO:1905923	GO:0009891
GO:1905923	GO:0060409
GO:1905923	GO:1905921
GO:1905936	GO:0042127
GO:1905936	GO:0051239
GO:1905937	GO:0008285
GO:1905937	GO:0051241
GO:1905937	GO:1905936
GO:1905938	GO:0008284
GO:1905938	GO:0051240
GO:1905938	GO:1905936
GO:1905939	GO:0050793
GO:1905939	GO:2000241
GO:1905940	GO:0051093
GO:1905940	GO:0051241
GO:1905940	GO:1905939
GO:1905940	GO:2000242
GO:1905941	GO:0051094
GO:1905941	GO:0051240
GO:1905941	GO:1905939
GO:1905941	GO:2000243
GO:1905945	GO:0048583
GO:1905946	GO:0048585
GO:1905946	GO:1905945
GO:1905947	GO:0048584
GO:1905947	GO:1905945
GO:1905949	GO:0090281
GO:1905949	GO:1903170
GO:1905949	GO:1905664
GO:1905952	GO:0032879
GO:1905953	GO:0048519
GO:1905953	GO:1905952
GO:1905954	GO:0048518
GO:1905954	GO:1905952
GO:1905955	GO:0051241
GO:1905955	GO:1901509
GO:1905955	GO:1905331
GO:1905956	GO:0051240
GO:1905956	GO:1901509
GO:1905956	GO:1905332
GO:1905957	GO:0050794
GO:1905957	GO:1901419
GO:1905958	GO:0048523
GO:1905958	GO:1901420
GO:1905958	GO:1905957
GO:1905959	GO:0048522
GO:1905959	GO:1901421
GO:1905959	GO:1905957
GO:1905962	GO:0030182
GO:1990009	GO:0006915
GO:1990010	GO:1990009
GO:1990034	GO:0070588
GO:1990034	GO:0140115
GO:1990044	GO:0033365
GO:1990048	GO:0008089
GO:1990048	GO:0047496
GO:1990048	GO:0099519
GO:1990049	GO:0008090
GO:1990049	GO:0047496
GO:1990049	GO:0099519
GO:1990086	GO:1904019
GO:1990182	GO:0006887
GO:1990182	GO:0051650
GO:1990188	GO:0003682
GO:1990234	GO:1902494
GO:1990239	GO:0005496
GO:1990239	GO:0042562
GO:1990254	GO:0019215
GO:1990266	GO:0097530
GO:1990280	GO:0006403
GO:1990351	GO:0032991
GO:1990375	GO:0048608
GO:1990379	GO:0006869
GO:1990379	GO:0150104
GO:1990461	GO:0061687
GO:1990502	GO:0061792
GO:1990504	GO:0017156
GO:1990504	GO:0032253
GO:1990504	GO:0051650
GO:1990573	GO:0071805
GO:1990573	GO:0098659
GO:1990580	GO:0006449
GO:1990580	GO:2000765
GO:1990654	GO:0050673
GO:1990705	GO:0050673
GO:1990709	GO:0016043
GO:1990739	GO:0050673
GO:1990748	GO:0009987
GO:1990748	GO:0098754
GO:1990751	GO:0036135
GO:1990751	GO:0060326
GO:1990765	GO:0006939
GO:1990768	GO:0008015
GO:1990770	GO:0006939
GO:1990778	GO:0008104
GO:1990791	GO:0061548
GO:1990845	GO:0008152
GO:1990849	GO:0051640
GO:1990863	GO:0050673
GO:1990874	GO:0048659
GO:1990904	GO:0032991
GO:1990917	GO:0005737
GO:1990922	GO:0048144
GO:2000004	GO:2000027
GO:2000005	GO:0051093
GO:2000005	GO:2000004
GO:2000006	GO:2000027
GO:2000007	GO:0051093
GO:2000007	GO:2000006
GO:2000018	GO:1905939
GO:2000019	GO:1905940
GO:2000019	GO:2000018
GO:2000020	GO:1905941
GO:2000020	GO:2000018
GO:2000026	GO:0050793
GO:2000026	GO:0051239
GO:2000027	GO:0022603
GO:2000035	GO:0051302
GO:2000036	GO:0050793
GO:2000036	GO:0051239
GO:2000061	GO:0048634
GO:2000061	GO:0051150
GO:2000062	GO:0051151
GO:2000062	GO:0051241
GO:2000062	GO:2000061
GO:2000063	GO:0051152
GO:2000063	GO:0051240
GO:2000063	GO:2000061
GO:2000068	GO:0002831
GO:2000068	GO:0031347
GO:2000068	GO:0032101
GO:2000070	GO:0080134
GO:2000074	GO:0060284
GO:2000077	GO:0010721
GO:2000077	GO:0051241
GO:2000077	GO:2000074
GO:2000078	GO:0010720
GO:2000078	GO:0030858
GO:2000078	GO:0051240
GO:2000078	GO:2000074
GO:2000084	GO:2000696
GO:2000085	GO:2000084
GO:2000085	GO:2000697
GO:2000086	GO:2000084
GO:2000086	GO:2000698
GO:2000087	GO:0061217
GO:2000087	GO:0090192
GO:2000088	GO:0090194
GO:2000088	GO:2000087
GO:2000089	GO:0090193
GO:2000089	GO:2000087
GO:2000093	GO:0072182
GO:2000094	GO:0072183
GO:2000094	GO:2000093
GO:2000106	GO:0042981
GO:2000107	GO:0043066
GO:2000107	GO:2000106
GO:2000108	GO:0043065
GO:2000108	GO:2000106
GO:2000109	GO:0033032
GO:2000109	GO:2000106
GO:2000110	GO:0033033
GO:2000110	GO:2000107
GO:2000110	GO:2000109
GO:2000111	GO:0033034
GO:2000111	GO:2000108
GO:2000111	GO:2000109
GO:2000114	GO:0032878
GO:2000136	GO:0042127
GO:2000137	GO:0008285
GO:2000137	GO:2000136
GO:2000138	GO:0008284
GO:2000138	GO:2000136
GO:2000145	GO:0040012
GO:2000145	GO:0050794
GO:2000146	GO:0040013
GO:2000146	GO:0048523
GO:2000146	GO:2000145
GO:2000147	GO:0040017
GO:2000147	GO:0048522
GO:2000147	GO:2000145
GO:2000155	GO:1902019
GO:2000155	GO:2000147
GO:2000171	GO:0010977
GO:2000171	GO:0050773
GO:2000171	GO:0051093
GO:2000172	GO:0060688
GO:2000173	GO:0051093
GO:2000173	GO:0051241
GO:2000173	GO:2000172
GO:2000174	GO:0045580
GO:2000174	GO:1905456
GO:2000175	GO:0045581
GO:2000175	GO:1905457
GO:2000175	GO:2000174
GO:2000176	GO:0045582
GO:2000176	GO:1905458
GO:2000176	GO:2000174
GO:2000177	GO:0042127
GO:2000178	GO:0008285
GO:2000178	GO:2000177
GO:2000179	GO:0008284
GO:2000179	GO:2000177
GO:2000181	GO:0022603
GO:2000181	GO:1901343
GO:2000182	GO:0010566
GO:2000182	GO:0046885
GO:2000182	GO:0050810
GO:2000183	GO:0010894
GO:2000183	GO:0032353
GO:2000183	GO:0062014
GO:2000183	GO:2000182
GO:2000184	GO:0010893
GO:2000184	GO:0046886
GO:2000184	GO:0062013
GO:2000184	GO:2000182
GO:2000185	GO:0010966
GO:2000185	GO:0034762
GO:2000186	GO:0034763
GO:2000186	GO:2000185
GO:2000187	GO:0034764
GO:2000187	GO:2000185
GO:2000191	GO:0032368
GO:2000191	GO:0032890
GO:2000192	GO:0032369
GO:2000192	GO:0032891
GO:2000192	GO:2000191
GO:2000193	GO:0032370
GO:2000193	GO:0032892
GO:2000193	GO:2000191
GO:2000194	GO:1905939
GO:2000194	GO:2000026
GO:2000195	GO:1905940
GO:2000195	GO:2000194
GO:2000196	GO:1905941
GO:2000196	GO:2000194
GO:2000197	GO:0060341
GO:2000198	GO:0048523
GO:2000198	GO:2000197
GO:2000199	GO:0048522
GO:2000199	GO:2000197
GO:2000211	GO:0006521
GO:2000211	GO:0062012
GO:2000212	GO:0045763
GO:2000212	GO:0062014
GO:2000212	GO:2000211
GO:2000224	GO:0010566
GO:2000224	GO:0050810
GO:2000225	GO:0010894
GO:2000225	GO:0062014
GO:2000225	GO:2000224
GO:2000226	GO:0030856
GO:2000227	GO:0030857
GO:2000227	GO:0051241
GO:2000227	GO:2000226
GO:2000228	GO:0030858
GO:2000228	GO:0051240
GO:2000228	GO:2000226
GO:2000238	GO:0046831
GO:2000238	GO:2000197
GO:2000239	GO:0046832
GO:2000239	GO:2000198
GO:2000239	GO:2000238
GO:2000240	GO:0046833
GO:2000240	GO:2000199
GO:2000240	GO:2000238
GO:2000241	GO:0050789
GO:2000242	GO:0048519
GO:2000242	GO:2000241
GO:2000243	GO:0048518
GO:2000243	GO:2000241
GO:2000248	GO:0010454
GO:2000248	GO:0032878
GO:2000248	GO:0045769
GO:2000252	GO:0048521
GO:2000252	GO:0060259
GO:2000253	GO:0048520
GO:2000253	GO:0060259
GO:2000254	GO:1905936
GO:2000255	GO:1905937
GO:2000255	GO:2000242
GO:2000255	GO:2000254
GO:2000256	GO:1905938
GO:2000256	GO:2000243
GO:2000256	GO:2000254
GO:2000269	GO:0042981
GO:2000270	GO:0043066
GO:2000270	GO:2000269
GO:2000271	GO:0043065
GO:2000271	GO:2000269
GO:2000272	GO:0010469
GO:2000272	GO:0044092
GO:2000278	GO:0010556
GO:2000278	GO:0051052
GO:2000279	GO:0010558
GO:2000279	GO:0051053
GO:2000279	GO:2000278
GO:2000282	GO:0006521
GO:2000282	GO:0009889
GO:2000283	GO:0009890
GO:2000283	GO:0045763
GO:2000283	GO:2000282
GO:2000284	GO:0009891
GO:2000284	GO:0045764
GO:2000284	GO:2000282
GO:2000287	GO:0051094
GO:2000287	GO:2000290
GO:2000288	GO:0008284
GO:2000288	GO:2000291
GO:2000290	GO:0050793
GO:2000291	GO:0042127
GO:2000292	GO:0044058
GO:2000292	GO:0044062
GO:2000293	GO:0051048
GO:2000293	GO:0060457
GO:2000293	GO:2000292
GO:2000294	GO:0051047
GO:2000294	GO:0060456
GO:2000294	GO:2000292
GO:2000300	GO:0046928
GO:2000300	GO:1903305
GO:2000301	GO:1903306
GO:2000301	GO:2000300
GO:2000302	GO:0001956
GO:2000302	GO:1903307
GO:2000302	GO:2000300
GO:2000303	GO:0034248
GO:2000303	GO:0090153
GO:2000304	GO:0034250
GO:2000304	GO:0090154
GO:2000304	GO:2000303
GO:2000351	GO:0042981
GO:2000352	GO:0043066
GO:2000352	GO:2000351
GO:2000353	GO:0043065
GO:2000353	GO:2000351
GO:2000354	GO:0050793
GO:2000355	GO:0051093
GO:2000355	GO:2000354
GO:2000374	GO:0019222
GO:2000380	GO:0050793
GO:2000381	GO:0051093
GO:2000381	GO:2000380
GO:2000382	GO:0051094
GO:2000382	GO:2000380
GO:2000383	GO:0050793
GO:2000384	GO:0051093
GO:2000384	GO:2000383
GO:2000385	GO:0051094
GO:2000385	GO:2000383
GO:2000386	GO:0051094
GO:2000386	GO:2000354
GO:2000387	GO:0048638
GO:2000387	GO:2000241
GO:2000388	GO:0048639
GO:2000388	GO:2000243
GO:2000388	GO:2000387
GO:2000401	GO:0071675
GO:2000402	GO:0071676
GO:2000402	GO:2000401
GO:2000403	GO:0071677
GO:2000403	GO:2000401
GO:2000404	GO:2000401
GO:2000405	GO:2000402
GO:2000405	GO:2000404
GO:2000406	GO:2000403
GO:2000406	GO:2000404
GO:2000410	GO:2000404
GO:2000411	GO:2000405
GO:2000411	GO:2000410
GO:2000412	GO:2000406
GO:2000412	GO:2000410
GO:2000458	GO:0050920
GO:2000458	GO:1903975
GO:2000459	GO:0050922
GO:2000459	GO:1903976
GO:2000459	GO:2000458
GO:2000463	GO:0009967
GO:2000463	GO:0098815
GO:2000464	GO:0050921
GO:2000464	GO:1903977
GO:2000464	GO:2000458
GO:2000471	GO:0030334
GO:2000472	GO:0030336
GO:2000472	GO:2000471
GO:2000473	GO:0030335
GO:2000473	GO:2000471
GO:2000477	GO:0060284
GO:2000478	GO:0010720
GO:2000478	GO:2000477
GO:2000489	GO:0050865
GO:2000490	GO:0050866
GO:2000490	GO:2000489
GO:2000491	GO:0050867
GO:2000491	GO:2000489
GO:2000495	GO:0042127
GO:2000496	GO:0008285
GO:2000496	GO:2000495
GO:2000497	GO:0008284
GO:2000497	GO:2000495
GO:2000501	GO:1901623
GO:2000502	GO:1901624
GO:2000502	GO:2000501
GO:2000503	GO:0140131
GO:2000503	GO:2000501
GO:2000508	GO:0002688
GO:2000508	GO:0071675
GO:2000509	GO:0002689
GO:2000509	GO:0071676
GO:2000509	GO:2000508
GO:2000510	GO:0002690
GO:2000510	GO:0071677
GO:2000510	GO:2000508
GO:2000527	GO:2000508
GO:2000528	GO:2000509
GO:2000528	GO:2000527
GO:2000529	GO:2000510
GO:2000529	GO:2000527
GO:2000537	GO:1901623
GO:2000538	GO:0140131
GO:2000538	GO:2000537
GO:2000542	GO:0010470
GO:2000542	GO:0045992
GO:2000543	GO:0010470
GO:2000543	GO:0040019
GO:2000547	GO:0120032
GO:2000548	GO:0120033
GO:2000548	GO:2000547
GO:2000549	GO:0120034
GO:2000549	GO:2000547
GO:2000550	GO:1901624
GO:2000550	GO:2000537
GO:2000573	GO:0010557
GO:2000573	GO:0051054
GO:2000573	GO:2000278
GO:2000595	GO:0022603
GO:2000596	GO:0051093
GO:2000596	GO:2000595
GO:2000597	GO:0051094
GO:2000597	GO:2000595
GO:2000606	GO:1901722
GO:2000607	GO:1901723
GO:2000607	GO:2000606
GO:2000608	GO:1901724
GO:2000608	GO:2000606
GO:2000609	GO:0032350
GO:2000610	GO:0032351
GO:2000610	GO:2000609
GO:2000611	GO:0032352
GO:2000611	GO:2000609
GO:2000612	GO:0090276
GO:2000613	GO:0090278
GO:2000613	GO:2000612
GO:2000614	GO:0090277
GO:2000614	GO:2000612
GO:2000647	GO:0008285
GO:2000647	GO:0072091
GO:2000648	GO:0008284
GO:2000648	GO:0072091
GO:2000649	GO:0022898
GO:2000649	GO:1902305
GO:2000651	GO:0032414
GO:2000651	GO:1902307
GO:2000651	GO:2000649
GO:2000654	GO:0048583
GO:2000654	GO:0050794
GO:2000655	GO:0048523
GO:2000655	GO:0048585
GO:2000655	GO:2000654
GO:2000668	GO:2000106
GO:2000669	GO:2000107
GO:2000669	GO:2000668
GO:2000670	GO:2000108
GO:2000670	GO:2000668
GO:2000671	GO:0043523
GO:2000672	GO:0043524
GO:2000672	GO:2000671
GO:2000673	GO:0043525
GO:2000673	GO:2000671
GO:2000674	GO:1904035
GO:2000675	GO:1904036
GO:2000675	GO:2000674
GO:2000676	GO:1904037
GO:2000676	GO:2000674
GO:2000690	GO:0045661
GO:2000690	GO:0051890
GO:2000691	GO:0045662
GO:2000691	GO:0051892
GO:2000691	GO:2000690
GO:2000696	GO:0030856
GO:2000697	GO:0030857
GO:2000697	GO:2000696
GO:2000698	GO:0030858
GO:2000698	GO:2000696
GO:2000700	GO:0045663
GO:2000700	GO:0051891
GO:2000700	GO:2000690
GO:2000725	GO:0051153
GO:2000725	GO:1905207
GO:2000726	GO:0051154
GO:2000726	GO:1905208
GO:2000726	GO:2000725
GO:2000727	GO:0051155
GO:2000727	GO:1905209
GO:2000727	GO:2000725
GO:2000729	GO:0002053
GO:2000729	GO:0051094
GO:2000729	GO:0072199
GO:2000736	GO:0045595
GO:2000737	GO:0045596
GO:2000737	GO:2000736
GO:2000738	GO:0045597
GO:2000738	GO:2000736
GO:2000765	GO:0006417
GO:2000766	GO:0017148
GO:2000766	GO:2000765
GO:2000767	GO:0045727
GO:2000767	GO:2000765
GO:2000768	GO:0072182
GO:2000768	GO:2000698
GO:2000790	GO:0010464
GO:2000791	GO:0051093
GO:2000791	GO:0051241
GO:2000791	GO:0072201
GO:2000791	GO:2000790
GO:2000792	GO:0002053
GO:2000792	GO:0051094
GO:2000792	GO:0051240
GO:2000792	GO:2000790
GO:2000793	GO:0008283
GO:2000794	GO:0050678
GO:2000795	GO:0050680
GO:2000795	GO:2000794
GO:2000810	GO:1901888
GO:2000818	GO:0008285
GO:2000818	GO:2000291
GO:2000821	GO:0050795
GO:2000826	GO:2000027
GO:2000828	GO:0044060
GO:2000828	GO:0046883
GO:2000829	GO:0046888
GO:2000829	GO:0051241
GO:2000829	GO:2000828
GO:2000830	GO:0046887
GO:2000830	GO:0051240
GO:2000830	GO:2000828
GO:2000831	GO:0032368
GO:2000831	GO:0044060
GO:2000831	GO:0046883
GO:2000832	GO:0032369
GO:2000832	GO:0046888
GO:2000832	GO:0051241
GO:2000832	GO:2000831
GO:2000833	GO:0032370
GO:2000833	GO:0046887
GO:2000833	GO:0051240
GO:2000833	GO:2000831
GO:2000834	GO:2000831
GO:2000835	GO:2000832
GO:2000835	GO:2000834
GO:2000836	GO:2000833
GO:2000836	GO:2000834
GO:2000843	GO:0032368
GO:2000843	GO:0046883
GO:2000844	GO:0032369
GO:2000844	GO:0046888
GO:2000844	GO:2000843
GO:2000845	GO:0032370
GO:2000845	GO:0046887
GO:2000845	GO:2000843
GO:2000846	GO:2000831
GO:2000847	GO:2000832
GO:2000847	GO:2000846
GO:2000848	GO:2000833
GO:2000848	GO:2000846
GO:2000849	GO:2000846
GO:2000850	GO:2000847
GO:2000850	GO:2000849
GO:2000851	GO:2000848
GO:2000851	GO:2000849
GO:2000855	GO:2000846
GO:2000856	GO:2000847
GO:2000856	GO:2000855
GO:2000857	GO:2000848
GO:2000857	GO:2000855
GO:2000858	GO:2000855
GO:2000859	GO:2000856
GO:2000859	GO:2000858
GO:2000860	GO:2000857
GO:2000860	GO:2000858
GO:2000870	GO:2000194
GO:2000870	GO:2000831
GO:2000871	GO:2000195
GO:2000871	GO:2000832
GO:2000871	GO:2000870
GO:2000872	GO:2000196
GO:2000872	GO:2000833
GO:2000872	GO:2000870
GO:2000881	GO:0043470
GO:2000881	GO:2000904
GO:2000882	GO:0009895
GO:2000882	GO:0010605
GO:2000882	GO:0045912
GO:2000882	GO:2000881
GO:2000883	GO:0009896
GO:2000883	GO:0010604
GO:2000883	GO:0045913
GO:2000883	GO:2000881
GO:2000896	GO:0043170
GO:2000896	GO:1901135
GO:2000897	GO:0009057
GO:2000897	GO:1901136
GO:2000897	GO:2000896
GO:2000904	GO:0032881
GO:2000945	GO:0009894
GO:2000945	GO:0060255
GO:2000946	GO:2000882
GO:2000946	GO:2000945
GO:2000947	GO:2000883
GO:2000947	GO:2000945
GO:2000973	GO:1905456
GO:2000974	GO:1905457
GO:2000974	GO:2000973
GO:2000975	GO:1905458
GO:2000975	GO:2000973
GO:2000977	GO:0045664
GO:2000978	GO:0045665
GO:2000978	GO:2000977
GO:2000979	GO:0045666
GO:2000979	GO:2000977
GO:2000980	GO:0045631
GO:2000981	GO:0045632
GO:2000981	GO:2000980
GO:2000982	GO:0045633
GO:2000982	GO:2000980
GO:2000997	GO:0032950
GO:2000997	GO:0043470
GO:2000998	GO:0009895
GO:2000998	GO:0010605
GO:2000998	GO:0045912
GO:2000998	GO:2000997
GO:2000999	GO:0009896
GO:2000999	GO:0010604
GO:2000999	GO:0045913
GO:2000999	GO:2000997
GO:2001006	GO:0032951
GO:2001007	GO:0010558
GO:2001007	GO:0045912
GO:2001007	GO:2001006
GO:2001008	GO:0010557
GO:2001008	GO:0045913
GO:2001008	GO:2001006
GO:2001012	GO:0048762
GO:2001013	GO:0050673
GO:2001014	GO:0045595
GO:2001015	GO:0045596
GO:2001015	GO:2001014
GO:2001016	GO:0045597
GO:2001016	GO:2001014
GO:2001017	GO:0032386
GO:2001017	GO:0060632
GO:2001018	GO:0032387
GO:2001018	GO:2001017
GO:2001019	GO:0032388
GO:2001019	GO:2001017
GO:2001023	GO:0048583
GO:2001024	GO:0048585
GO:2001024	GO:2001023
GO:2001025	GO:0048584
GO:2001025	GO:2001023
GO:2001026	GO:0010594
GO:2001026	GO:0050920
GO:2001027	GO:0010596
GO:2001027	GO:0050922
GO:2001027	GO:2001026
GO:2001028	GO:0010595
GO:2001028	GO:0050921
GO:2001028	GO:2001026
GO:2001035	GO:1902809
GO:2001036	GO:1902810
GO:2001036	GO:2001035
GO:2001037	GO:1902811
GO:2001037	GO:2001035
GO:2001038	GO:0050794
GO:2001038	GO:2001023
GO:2001039	GO:0048523
GO:2001039	GO:2001024
GO:2001039	GO:2001038
GO:2001040	GO:0048522
GO:2001040	GO:2001025
GO:2001040	GO:2001038
GO:2001049	GO:0045595
GO:2001050	GO:0045596
GO:2001050	GO:2001049
GO:2001051	GO:0045597
GO:2001051	GO:2001049
GO:2001053	GO:0042981
GO:2001054	GO:0043066
GO:2001054	GO:2001053
GO:2001055	GO:0043065
GO:2001055	GO:2001053
GO:2001066	GO:0097367
GO:2001069	GO:0030247
GO:2001070	GO:0030247
GO:2001138	GO:0032368
GO:2001139	GO:0032369
GO:2001139	GO:2001138
GO:2001140	GO:0032370
GO:2001140	GO:2001138
GO:2001141	GO:0010556
GO:2001141	GO:0051252
GO:2001151	GO:0050878
GO:2001151	GO:0051049
GO:2001151	GO:0098801
GO:2001152	GO:0051051
GO:2001152	GO:0051241
GO:2001152	GO:2001151
GO:2001153	GO:0051050
GO:2001153	GO:0051240
GO:2001153	GO:2001151
GO:2001169	GO:1900371
GO:2001169	GO:1903578
GO:2001170	GO:1900372
GO:2001170	GO:1903579
GO:2001170	GO:2001169
GO:2001171	GO:1900373
GO:2001171	GO:1903580
GO:2001171	GO:2001169
GO:2001198	GO:1902105
GO:2001199	GO:1902106
GO:2001199	GO:2001198
GO:2001200	GO:1902107
GO:2001200	GO:2001198
GO:2001204	GO:1903706
GO:2001205	GO:0045671
GO:2001205	GO:2001204
GO:2001206	GO:0045672
GO:2001206	GO:2001204
GO:2001212	GO:0045595
GO:2001213	GO:0045596
GO:2001213	GO:2001212
GO:2001214	GO:0045597
GO:2001214	GO:2001212
GO:2001222	GO:0030334
GO:2001223	GO:0030336
GO:2001223	GO:2001222
GO:2001224	GO:0030335
GO:2001224	GO:2001222
GO:2001233	GO:0009966
GO:2001233	GO:0042981
GO:2001234	GO:0009968
GO:2001234	GO:0043066
GO:2001234	GO:2001233
GO:2001235	GO:0009967
GO:2001235	GO:0043065
GO:2001235	GO:2001233
GO:2001251	GO:0010639
GO:2001251	GO:0033044
GO:2001252	GO:0010638
GO:2001252	GO:0033044
GO:7770012	GO:0010558
GO:7770012	GO:0010581
GO:7770012	GO:0045912
IAO:0000027	IAO:0000030
IAO:0000078	IAO:0000102
IAO:0000102	IAO:0000027
IAO:0000225	IAO:0000102
IAO:0000409	IAO:0000102
MOD:00919	PR:000049928
NBO:0000001	NBO:0000338
NBO:0000007	NBO:0000001
NBO:0000027	NBO:0000313
NBO:0000063	NBO:0002436
NBO:0000064	NBO:0002436
NBO:0000073	NBO:0000747
NBO:0000079	NBO:0001845
NBO:0000130	NBO:0000079
NBO:0000132	NBO:0000130
NBO:0000134	NBO:0000079
NBO:0000308	NBO:0000607
NBO:0000313	GO:0007610
NBO:0000317	NBO:0000327
NBO:0000327	NBO:0000751
NBO:0000338	NBO:0000313
NBO:0000339	NBO:0000317
NBO:0000342	NBO:0000347
NBO:0000347	NBO:0000339
NBO:0000355	NBO:0000317
NBO:0000356	NBO:0000355
NBO:0000357	NBO:0000355
NBO:0000361	NBO:0000342
NBO:0000388	NBO:0000001
NBO:0000389	NBO:0000388
NBO:0000411	NBO:0000389
NBO:0000412	NBO:0000411
NBO:0000445	NBO:0000001
NBO:0000451	NBO:0000027
NBO:0000545	NBO:0000079
NBO:0000607	NBO:0000313
NBO:0000747	NBO:0000007
NBO:0000751	NBO:0000308
NBO:0001786	NBO:0000313
NBO:0001845	NBO:0000313
NBO:0002169	NBO:0001786
NBO:0002436	NBO:0002169
NBO:0002468	NBO:0000064
NCBITaxon:10045	NCBITaxon:10066
NCBITaxon:10046	NCBITaxon:10045
NCBITaxon:10047	NCBITaxon:10046
NCBITaxon:10066	NCBITaxon:337687
NCBITaxon:10088	NCBITaxon:39107
NCBITaxon:10090	NCBITaxon:862507
NCBITaxon:10114	NCBITaxon:39107
NCBITaxon:10116	NCBITaxon:10114
NCBITaxon:10135	NCBITaxon:33550
NCBITaxon:10205	NCBITaxon:1206795
NCBITaxon:10219	NCBITaxon:33511
NCBITaxon:10220	NCBITaxon:10219
NCBITaxon:104431	NCBITaxon:37567
NCBITaxon:105389	NCBITaxon:6341
NCBITaxon:105391	NCBITaxon:105389
NCBITaxon:110551	NCBITaxon:7762
NCBITaxon:110555	NCBITaxon:110551
NCBITaxon:110814	NCBITaxon:1312402
NCBITaxon:110815	NCBITaxon:1547233
NCBITaxon:117565	NCBITaxon:1476529
NCBITaxon:117569	NCBITaxon:1476529
NCBITaxon:117570	NCBITaxon:7776
NCBITaxon:117571	NCBITaxon:117570
NCBITaxon:117893	NCBITaxon:7778
NCBITaxon:118040	NCBITaxon:119203
NCBITaxon:118072	NCBITaxon:8287
NCBITaxon:119089	NCBITaxon:6231
NCBITaxon:119203	NCBITaxon:7778
NCBITaxon:119825	NCBITaxon:3072906
NCBITaxon:1206794	NCBITaxon:33317
NCBITaxon:1206795	NCBITaxon:2697495
NCBITaxon:123365	NCBITaxon:1489388
NCBITaxon:123366	NCBITaxon:123365
NCBITaxon:123367	NCBITaxon:123366
NCBITaxon:123368	NCBITaxon:123367
NCBITaxon:123369	NCBITaxon:123368
NCBITaxon:124129	NCBITaxon:7900
NCBITaxon:124130	NCBITaxon:124129
NCBITaxon:1294634	NCBITaxon:8492
NCBITaxon:1294636	NCBITaxon:1294634
NCBITaxon:1294637	NCBITaxon:1294636
NCBITaxon:1298654	NCBITaxon:1294634
NCBITaxon:1312402	NCBITaxon:33213
NCBITaxon:131567	COB:0000022
NCBITaxon:131567	NCBITaxon:1
NCBITaxon:1329799	NCBITaxon:32561
NCBITaxon:1329911	NCBITaxon:1329912
NCBITaxon:1329912	NCBITaxon:1329950
NCBITaxon:1329950	NCBITaxon:1329961
NCBITaxon:1329961	NCBITaxon:8509
NCBITaxon:133551	NCBITaxon:7586
NCBITaxon:1338366	NCBITaxon:7898
NCBITaxon:1338369	NCBITaxon:8287
NCBITaxon:1437010	NCBITaxon:9347
NCBITaxon:147099	NCBITaxon:1312402
NCBITaxon:1476529	NCBITaxon:7742
NCBITaxon:1489100	NCBITaxon:41665
NCBITaxon:1489340	NCBITaxon:32443
NCBITaxon:1489341	NCBITaxon:32443
NCBITaxon:1489343	NCBITaxon:1489341
NCBITaxon:1489388	NCBITaxon:186625
NCBITaxon:1489872	NCBITaxon:123369
NCBITaxon:1489873	NCBITaxon:1489872
NCBITaxon:1489874	NCBITaxon:1489872
NCBITaxon:1489908	NCBITaxon:1489872
NCBITaxon:1489913	NCBITaxon:1489908
NCBITaxon:1489922	NCBITaxon:1489872
NCBITaxon:1489926	NCBITaxon:1489922
NCBITaxon:1547233	NCBITaxon:110814
NCBITaxon:1549675	NCBITaxon:8825
NCBITaxon:169418	NCBITaxon:9655
NCBITaxon:181400	NCBITaxon:94929
NCBITaxon:182222	NCBITaxon:46660
NCBITaxon:186622	NCBITaxon:7899
NCBITaxon:186623	NCBITaxon:7898
NCBITaxon:186624	NCBITaxon:1489340
NCBITaxon:186625	NCBITaxon:1489341
NCBITaxon:186626	NCBITaxon:32519
NCBITaxon:186627	NCBITaxon:186626
NCBITaxon:186634	NCBITaxon:186625
NCBITaxon:189497	NCBITaxon:182222
NCBITaxon:1963757	NCBITaxon:9989
NCBITaxon:1963758	NCBITaxon:9989
NCBITaxon:1963761	NCBITaxon:1963758
NCBITaxon:197562	NCBITaxon:197563
NCBITaxon:197563	NCBITaxon:6656
NCBITaxon:2024747	NCBITaxon:8511
NCBITaxon:207598	NCBITaxon:9604
NCBITaxon:2172821	NCBITaxon:6657
NCBITaxon:2182372	NCBITaxon:9307
NCBITaxon:2301116	NCBITaxon:6236
NCBITaxon:2301119	NCBITaxon:2301116
NCBITaxon:261738	NCBITaxon:9461
NCBITaxon:261739	NCBITaxon:261738
NCBITaxon:262014	NCBITaxon:8353
NCBITaxon:2649300	NCBITaxon:9312
NCBITaxon:2653789	NCBITaxon:91561
NCBITaxon:2682552	NCBITaxon:7735
NCBITaxon:2682553	NCBITaxon:2682552
NCBITaxon:2697495	NCBITaxon:33317
NCBITaxon:2743709	NCBITaxon:30727
NCBITaxon:2743711	NCBITaxon:2743709
NCBITaxon:2759	NCBITaxon:131567
NCBITaxon:28376	NCBITaxon:2024747
NCBITaxon:2841271	NCBITaxon:1329799
NCBITaxon:29132	NCBITaxon:1963757
NCBITaxon:30309	NCBITaxon:7762
NCBITaxon:30319	NCBITaxon:8342
NCBITaxon:30367	NCBITaxon:8293
NCBITaxon:30458	NCBITaxon:3073808
NCBITaxon:30533	NCBITaxon:35500
NCBITaxon:30559	NCBITaxon:9397
NCBITaxon:30577	NCBITaxon:9363
NCBITaxon:30648	NCBITaxon:1963761
NCBITaxon:30649	NCBITaxon:33550
NCBITaxon:30662	NCBITaxon:38610
NCBITaxon:30727	NCBITaxon:7952
NCBITaxon:3072905	NCBITaxon:379584
NCBITaxon:3072906	NCBITaxon:379584
NCBITaxon:3073799	NCBITaxon:3078114
NCBITaxon:3073808	NCBITaxon:3078114
NCBITaxon:3073809	NCBITaxon:3073808
NCBITaxon:3078114	NCBITaxon:8825
NCBITaxon:31022	NCBITaxon:1489922
NCBITaxon:31028	NCBITaxon:31022
NCBITaxon:31031	NCBITaxon:32517
NCBITaxon:31032	NCBITaxon:31031
NCBITaxon:31033	NCBITaxon:31032
NCBITaxon:31089	NCBITaxon:1489343
NCBITaxon:311790	NCBITaxon:9347
NCBITaxon:314145	NCBITaxon:1437010
NCBITaxon:314146	NCBITaxon:1437010
NCBITaxon:314147	NCBITaxon:314146
NCBITaxon:314293	NCBITaxon:376913
NCBITaxon:314294	NCBITaxon:9526
NCBITaxon:314295	NCBITaxon:9526
NCBITaxon:32341	NCBITaxon:7215
NCBITaxon:32346	NCBITaxon:32341
NCBITaxon:32351	NCBITaxon:32346
NCBITaxon:32440	NCBITaxon:186623
NCBITaxon:32443	NCBITaxon:41665
NCBITaxon:325166	NCBITaxon:9577
NCBITaxon:32517	NCBITaxon:31028
NCBITaxon:32519	NCBITaxon:186634
NCBITaxon:32521	NCBITaxon:186624
NCBITaxon:32523	NCBITaxon:1338369
NCBITaxon:32524	NCBITaxon:32523
NCBITaxon:32525	NCBITaxon:40674
NCBITaxon:32561	NCBITaxon:8457
NCBITaxon:32577	NCBITaxon:6605
NCBITaxon:33090	NCBITaxon:2759
NCBITaxon:33154	NCBITaxon:2759
NCBITaxon:33208	NCBITaxon:33154
NCBITaxon:33213	NCBITaxon:6072
NCBITaxon:33317	NCBITaxon:33213
NCBITaxon:33340	NCBITaxon:7496
NCBITaxon:33392	NCBITaxon:33340
NCBITaxon:33511	NCBITaxon:33213
NCBITaxon:33550	NCBITaxon:9989
NCBITaxon:33554	NCBITaxon:314145
NCBITaxon:337687	NCBITaxon:1963758
NCBITaxon:338153	NCBITaxon:9681
NCBITaxon:3466516	NCBITaxon:311790
NCBITaxon:34989	NCBITaxon:8570
NCBITaxon:35033	NCBITaxon:1329950
NCBITaxon:35497	NCBITaxon:91561
NCBITaxon:35500	NCBITaxon:9845
NCBITaxon:35737	NCBITaxon:30648
NCBITaxon:37567	NCBITaxon:41197
NCBITaxon:37572	NCBITaxon:104431
NCBITaxon:376911	NCBITaxon:9443
NCBITaxon:376912	NCBITaxon:376913
NCBITaxon:376913	NCBITaxon:9443
NCBITaxon:376917	NCBITaxon:376911
NCBITaxon:378855	NCBITaxon:9479
NCBITaxon:37887	NCBITaxon:30662
NCBITaxon:379583	NCBITaxon:33554
NCBITaxon:379584	NCBITaxon:33554
NCBITaxon:38066	NCBITaxon:378855
NCBITaxon:38605	NCBITaxon:9263
NCBITaxon:38608	NCBITaxon:9263
NCBITaxon:38609	NCBITaxon:9263
NCBITaxon:38610	NCBITaxon:9263
NCBITaxon:38624	NCBITaxon:38609
NCBITaxon:38625	NCBITaxon:38624
NCBITaxon:39107	NCBITaxon:10066
NCBITaxon:40150	NCBITaxon:9747
NCBITaxon:40151	NCBITaxon:40150
NCBITaxon:40674	NCBITaxon:32524
NCBITaxon:41191	NCBITaxon:7088
NCBITaxon:41196	NCBITaxon:41191
NCBITaxon:41197	NCBITaxon:41196
NCBITaxon:41324	NCBITaxon:6362
NCBITaxon:41425	NCBITaxon:9821
NCBITaxon:41426	NCBITaxon:41425
NCBITaxon:41665	NCBITaxon:186623
NCBITaxon:41666	NCBITaxon:8292
NCBITaxon:41705	NCBITaxon:1489388
NCBITaxon:41712	NCBITaxon:31089
NCBITaxon:43120	NCBITaxon:1206795
NCBITaxon:43453	NCBITaxon:8446
NCBITaxon:436486	NCBITaxon:8492
NCBITaxon:436489	NCBITaxon:436486
NCBITaxon:436491	NCBITaxon:436489
NCBITaxon:436492	NCBITaxon:436491
NCBITaxon:436493	NCBITaxon:436492
NCBITaxon:436494	NCBITaxon:436493
NCBITaxon:436495	NCBITaxon:436494
NCBITaxon:43733	NCBITaxon:7203
NCBITaxon:43738	NCBITaxon:480117
NCBITaxon:43741	NCBITaxon:43738
NCBITaxon:43746	NCBITaxon:43741
NCBITaxon:43845	NCBITaxon:7214
NCBITaxon:46660	NCBITaxon:7933
NCBITaxon:46877	NCBITaxon:43845
NCBITaxon:4751	NCBITaxon:33154
NCBITaxon:480117	NCBITaxon:480118
NCBITaxon:480118	NCBITaxon:43733
NCBITaxon:48867	NCBITaxon:35737
NCBITaxon:504568	NCBITaxon:8015
NCBITaxon:50557	NCBITaxon:6960
NCBITaxon:51337	NCBITaxon:48867
NCBITaxon:55879	NCBITaxon:2301119
NCBITaxon:55885	NCBITaxon:6243
NCBITaxon:6040	NCBITaxon:33208
NCBITaxon:6072	NCBITaxon:33208
NCBITaxon:6073	NCBITaxon:6072
NCBITaxon:607660	NCBITaxon:9604
NCBITaxon:6157	NCBITaxon:1206795
NCBITaxon:6178	NCBITaxon:6157
NCBITaxon:6199	NCBITaxon:6157
NCBITaxon:6200	NCBITaxon:6199
NCBITaxon:6201	NCBITaxon:6200
NCBITaxon:6208	NCBITaxon:6201
NCBITaxon:6209	NCBITaxon:6208
NCBITaxon:6211	NCBITaxon:6209
NCBITaxon:6217	NCBITaxon:1206795
NCBITaxon:6231	NCBITaxon:1206794
NCBITaxon:6236	NCBITaxon:119089
NCBITaxon:6237	NCBITaxon:55885
NCBITaxon:6239	NCBITaxon:6237
NCBITaxon:6243	NCBITaxon:55879
NCBITaxon:63221	NCBITaxon:9606
NCBITaxon:6340	NCBITaxon:1206795
NCBITaxon:6341	NCBITaxon:6340
NCBITaxon:6362	NCBITaxon:105391
NCBITaxon:6425	NCBITaxon:41324
NCBITaxon:6447	NCBITaxon:1206795
NCBITaxon:6448	NCBITaxon:6447
NCBITaxon:6544	NCBITaxon:6447
NCBITaxon:6605	NCBITaxon:6447
NCBITaxon:6656	NCBITaxon:88770
NCBITaxon:6657	NCBITaxon:197562
NCBITaxon:6681	NCBITaxon:2172821
NCBITaxon:6682	NCBITaxon:72041
NCBITaxon:6683	NCBITaxon:6682
NCBITaxon:6692	NCBITaxon:6683
NCBITaxon:6830	NCBITaxon:72037
NCBITaxon:6843	NCBITaxon:6656
NCBITaxon:6960	NCBITaxon:197562
NCBITaxon:70846	NCBITaxon:1489926
NCBITaxon:70861	NCBITaxon:32443
NCBITaxon:70862	NCBITaxon:70861
NCBITaxon:7088	NCBITaxon:85604
NCBITaxon:7147	NCBITaxon:33392
NCBITaxon:7203	NCBITaxon:7147
NCBITaxon:72037	NCBITaxon:2172821
NCBITaxon:72041	NCBITaxon:6681
NCBITaxon:7214	NCBITaxon:43746
NCBITaxon:7215	NCBITaxon:46877
NCBITaxon:7227	NCBITaxon:32351
NCBITaxon:7399	NCBITaxon:33392
NCBITaxon:7400	NCBITaxon:7399
NCBITaxon:7434	NCBITaxon:7400
NCBITaxon:7496	NCBITaxon:85512
NCBITaxon:7568	NCBITaxon:1206795
NCBITaxon:7586	NCBITaxon:33511
NCBITaxon:7587	NCBITaxon:133551
NCBITaxon:7588	NCBITaxon:7587
NCBITaxon:7624	NCBITaxon:133551
NCBITaxon:7625	NCBITaxon:7624
NCBITaxon:7711	NCBITaxon:33511
NCBITaxon:7712	NCBITaxon:7711
NCBITaxon:7713	NCBITaxon:7712
NCBITaxon:7716	NCBITaxon:7713
NCBITaxon:7717	NCBITaxon:7716
NCBITaxon:7718	NCBITaxon:7717
NCBITaxon:7735	NCBITaxon:7711
NCBITaxon:7736	NCBITaxon:2682553
NCBITaxon:7737	NCBITaxon:7736
NCBITaxon:7742	NCBITaxon:89593
NCBITaxon:7745	NCBITaxon:117569
NCBITaxon:7746	NCBITaxon:7745
NCBITaxon:7761	NCBITaxon:117565
NCBITaxon:7762	NCBITaxon:7761
NCBITaxon:7763	NCBITaxon:30309
NCBITaxon:7764	NCBITaxon:7763
NCBITaxon:7769	NCBITaxon:110555
NCBITaxon:7776	NCBITaxon:7742
NCBITaxon:7777	NCBITaxon:7776
NCBITaxon:7778	NCBITaxon:7777
NCBITaxon:7858	NCBITaxon:117893
NCBITaxon:7863	NCBITaxon:7777
NCBITaxon:7864	NCBITaxon:7863
NCBITaxon:7878	NCBITaxon:1338369
NCBITaxon:7894	NCBITaxon:118072
NCBITaxon:7895	NCBITaxon:7894
NCBITaxon:7896	NCBITaxon:7895
NCBITaxon:7898	NCBITaxon:117571
NCBITaxon:7899	NCBITaxon:32440
NCBITaxon:7900	NCBITaxon:186622
NCBITaxon:7901	NCBITaxon:124130
NCBITaxon:7911	NCBITaxon:186622
NCBITaxon:7914	NCBITaxon:1489100
NCBITaxon:7915	NCBITaxon:7914
NCBITaxon:7921	NCBITaxon:1489100
NCBITaxon:7922	NCBITaxon:7921
NCBITaxon:7933	NCBITaxon:32521
NCBITaxon:7952	NCBITaxon:186627
NCBITaxon:7954	NCBITaxon:2743711
NCBITaxon:7955	NCBITaxon:7954
NCBITaxon:8006	NCBITaxon:41705
NCBITaxon:8015	NCBITaxon:8006
NCBITaxon:8016	NCBITaxon:504568
NCBITaxon:8022	NCBITaxon:8016
NCBITaxon:8064	NCBITaxon:1489874
NCBITaxon:8065	NCBITaxon:8064
NCBITaxon:8075	NCBITaxon:1489913
NCBITaxon:80999	NCBITaxon:6040
NCBITaxon:8287	NCBITaxon:117571
NCBITaxon:8288	NCBITaxon:1338366
NCBITaxon:8289	NCBITaxon:8288
NCBITaxon:8292	NCBITaxon:32523
NCBITaxon:8293	NCBITaxon:41666
NCBITaxon:8294	NCBITaxon:30367
NCBITaxon:8295	NCBITaxon:8294
NCBITaxon:8296	NCBITaxon:8295
NCBITaxon:8314	NCBITaxon:30367
NCBITaxon:8342	NCBITaxon:41666
NCBITaxon:8352	NCBITaxon:30319
NCBITaxon:8353	NCBITaxon:8360
NCBITaxon:8355	NCBITaxon:262014
NCBITaxon:8360	NCBITaxon:8352
NCBITaxon:8445	NCBITaxon:8292
NCBITaxon:8446	NCBITaxon:8445
NCBITaxon:8457	NCBITaxon:32524
NCBITaxon:8459	NCBITaxon:2841271
NCBITaxon:8464	NCBITaxon:8459
NCBITaxon:8492	NCBITaxon:1329799
NCBITaxon:8493	NCBITaxon:1298654
NCBITaxon:8497	NCBITaxon:1294637
NCBITaxon:8499	NCBITaxon:8497
NCBITaxon:8504	NCBITaxon:32561
NCBITaxon:8505	NCBITaxon:8504
NCBITaxon:8506	NCBITaxon:8505
NCBITaxon:8507	NCBITaxon:8506
NCBITaxon:8508	NCBITaxon:8507
NCBITaxon:8509	NCBITaxon:8504
NCBITaxon:8511	NCBITaxon:1329911
NCBITaxon:85512	NCBITaxon:50557
NCBITaxon:8560	NCBITaxon:1329961
NCBITaxon:85604	NCBITaxon:33392
NCBITaxon:8561	NCBITaxon:8560
NCBITaxon:8570	NCBITaxon:1329911
NCBITaxon:8578	NCBITaxon:34989
NCBITaxon:862507	NCBITaxon:10088
NCBITaxon:8782	NCBITaxon:436492
NCBITaxon:8783	NCBITaxon:8782
NCBITaxon:8798	NCBITaxon:8783
NCBITaxon:8799	NCBITaxon:8798
NCBITaxon:8800	NCBITaxon:8799
NCBITaxon:8801	NCBITaxon:8800
NCBITaxon:8825	NCBITaxon:8782
NCBITaxon:8826	NCBITaxon:1549675
NCBITaxon:8827	NCBITaxon:8826
NCBITaxon:88770	NCBITaxon:1206794
NCBITaxon:8929	NCBITaxon:3073799
NCBITaxon:8930	NCBITaxon:8929
NCBITaxon:89593	NCBITaxon:7711
NCBITaxon:8976	NCBITaxon:1549675
NCBITaxon:9005	NCBITaxon:8976
NCBITaxon:9030	NCBITaxon:9072
NCBITaxon:9031	NCBITaxon:9030
NCBITaxon:9072	NCBITaxon:9005
NCBITaxon:9126	NCBITaxon:3073809
NCBITaxon:91561	NCBITaxon:314145
NCBITaxon:9254	NCBITaxon:40674
NCBITaxon:9255	NCBITaxon:9254
NCBITaxon:9256	NCBITaxon:9255
NCBITaxon:9257	NCBITaxon:9256
NCBITaxon:9258	NCBITaxon:9257
NCBITaxon:9259	NCBITaxon:9255
NCBITaxon:9260	NCBITaxon:9259
NCBITaxon:9261	NCBITaxon:9260
NCBITaxon:9263	NCBITaxon:32525
NCBITaxon:9265	NCBITaxon:38605
NCBITaxon:9277	NCBITaxon:38608
NCBITaxon:9304	NCBITaxon:9277
NCBITaxon:9305	NCBITaxon:9304
NCBITaxon:9307	NCBITaxon:38609
NCBITaxon:9312	NCBITaxon:9307
NCBITaxon:9321	NCBITaxon:2182372
NCBITaxon:9322	NCBITaxon:2649300
NCBITaxon:9338	NCBITaxon:38609
NCBITaxon:9347	NCBITaxon:32525
NCBITaxon:9348	NCBITaxon:9347
NCBITaxon:9359	NCBITaxon:948951
NCBITaxon:9362	NCBITaxon:314145
NCBITaxon:9363	NCBITaxon:9362
NCBITaxon:9364	NCBITaxon:30577
NCBITaxon:9365	NCBITaxon:9364
NCBITaxon:9369	NCBITaxon:3466516
NCBITaxon:9373	NCBITaxon:9362
NCBITaxon:9376	NCBITaxon:9362
NCBITaxon:9397	NCBITaxon:314145
NCBITaxon:9443	NCBITaxon:314146
NCBITaxon:9461	NCBITaxon:376917
NCBITaxon:9475	NCBITaxon:376912
NCBITaxon:9479	NCBITaxon:314293
NCBITaxon:948951	NCBITaxon:9348
NCBITaxon:94929	NCBITaxon:1489873
NCBITaxon:9499	NCBITaxon:38066
NCBITaxon:9526	NCBITaxon:314293
NCBITaxon:9527	NCBITaxon:314294
NCBITaxon:9528	NCBITaxon:9527
NCBITaxon:9539	NCBITaxon:9528
NCBITaxon:9577	NCBITaxon:314295
NCBITaxon:9590	NCBITaxon:325166
NCBITaxon:9596	NCBITaxon:207598
NCBITaxon:9599	NCBITaxon:607660
NCBITaxon:9604	NCBITaxon:314295
NCBITaxon:9605	NCBITaxon:207598
NCBITaxon:9606	NCBITaxon:9605
NCBITaxon:9608	NCBITaxon:379584
NCBITaxon:9611	NCBITaxon:9608
NCBITaxon:9632	NCBITaxon:379584
NCBITaxon:9655	NCBITaxon:3072906
NCBITaxon:9665	NCBITaxon:169418
NCBITaxon:9668	NCBITaxon:9665
NCBITaxon:9669	NCBITaxon:9668
NCBITaxon:9673	NCBITaxon:379583
NCBITaxon:9681	NCBITaxon:379583
NCBITaxon:9705	NCBITaxon:3072905
NCBITaxon:9709	NCBITaxon:3072905
NCBITaxon:9721	NCBITaxon:2653789
NCBITaxon:9722	NCBITaxon:9721
NCBITaxon:9747	NCBITaxon:9722
NCBITaxon:9750	NCBITaxon:9722
NCBITaxon:9753	NCBITaxon:9750
NCBITaxon:9761	NCBITaxon:9721
NCBITaxon:9765	NCBITaxon:9761
NCBITaxon:9774	NCBITaxon:311790
NCBITaxon:9775	NCBITaxon:9774
NCBITaxon:9779	NCBITaxon:311790
NCBITaxon:9780	NCBITaxon:9779
NCBITaxon:9787	NCBITaxon:314145
NCBITaxon:9788	NCBITaxon:9787
NCBITaxon:9815	NCBITaxon:311790
NCBITaxon:9816	NCBITaxon:9815
NCBITaxon:9821	NCBITaxon:35497
NCBITaxon:9822	NCBITaxon:9821
NCBITaxon:9823	NCBITaxon:9822
NCBITaxon:9834	NCBITaxon:91561
NCBITaxon:9835	NCBITaxon:9834
NCBITaxon:9836	NCBITaxon:9835
NCBITaxon:9845	NCBITaxon:91561
NCBITaxon:9850	NCBITaxon:35500
NCBITaxon:9892	NCBITaxon:35500
NCBITaxon:9895	NCBITaxon:35500
NCBITaxon:9935	NCBITaxon:9963
NCBITaxon:9963	NCBITaxon:9895
NCBITaxon:9971	NCBITaxon:314145
NCBITaxon:9972	NCBITaxon:9971
NCBITaxon:9975	NCBITaxon:314147
NCBITaxon:9989	NCBITaxon:314147
PATO:0000001	BFO:0000020
PATO:0000014	PATO:0000051
PATO:0000014	PATO:0001300
PATO:0000025	PATO:0000141
PATO:0000033	PATO:0000070
PATO:0000051	PATO:0001241
PATO:0000052	PATO:0000051
PATO:0000057	PATO:0002323
PATO:0000060	PATO:0000051
PATO:0000070	PATO:0103000
PATO:0000136	PATO:0000051
PATO:0000141	PATO:0000051
PATO:0000150	PATO:0000051
PATO:0000169	PATO:0001995
PATO:0000261	PATO:0001995
PATO:0000322	PATO:0000014
PATO:0000402	PATO:0002009
PATO:0000404	PATO:0001794
PATO:0000406	PATO:0001591
PATO:0000407	PATO:0002254
PATO:0000411	PATO:0000947
PATO:0000413	PATO:0002317
PATO:0000415	PATO:0001794
PATO:0000588	PATO:0000141
PATO:0000608	PATO:0000136
PATO:0000610	PATO:0000136
PATO:0000690	PATO:0000057
PATO:0000944	PATO:0000052
PATO:0000947	PATO:0002318
PATO:0000957	PATO:0001300
PATO:0000963	PATO:0000957
PATO:0000964	PATO:0000957
PATO:0000992	PATO:0001548
PATO:0000998	PATO:0000992
PATO:0001018	PATO:0001241
PATO:0001031	PATO:0001018
PATO:0001154	PATO:0000052
PATO:0001171	PATO:0001031
PATO:0001185	PATO:0000261
PATO:0001187	PATO:0000261
PATO:0001190	PATO:0000261
PATO:0001199	PATO:0000052
PATO:0001201	PATO:0001890
PATO:0001236	PATO:0000001
PATO:0001241	PATO:0000001
PATO:0001292	PATO:0070060
PATO:0001294	PATO:0001292
PATO:0001297	PATO:0001294
PATO:0001300	PATO:0070060
PATO:0001359	PATO:0001925
PATO:0001365	PATO:0001925
PATO:0001374	PATO:0001396
PATO:0001375	PATO:0001393
PATO:0001377	PATO:0001393
PATO:0001393	PATO:0001374
PATO:0001394	PATO:0001393
PATO:0001396	PATO:0070044
PATO:0001397	PATO:0001396
PATO:0001400	PATO:0001397
PATO:0001401	PATO:0001397
PATO:0001402	PATO:0001397
PATO:0001404	PATO:0001396
PATO:0001405	PATO:0001404
PATO:0001407	PATO:0002505
PATO:0001408	PATO:0001396
PATO:0001410	PATO:0000052
PATO:0001419	PATO:0000944
PATO:0001420	PATO:0001018
PATO:0001422	PATO:0000169
PATO:0001428	PATO:0001842
PATO:0001429	PATO:0001428
PATO:0001500	PATO:0001419
PATO:0001501	PATO:0000261
PATO:0001543	PATO:0001546
PATO:0001544	PATO:0001543
PATO:0001546	PATO:0002198
PATO:0001547	PATO:0002198
PATO:0001548	PATO:0002198
PATO:0001555	PATO:0000070
PATO:0001579	PATO:0001018
PATO:0001591	PATO:0000052
PATO:0001594	PATO:0001857
PATO:0001598	PATO:0001018
PATO:0001690	PATO:0001579
PATO:0001735	PATO:0001548
PATO:0001736	PATO:0001546
PATO:0001748	PATO:0001857
PATO:0001794	PATO:0000052
PATO:0001842	PATO:0000033
PATO:0001854	PATO:0000060
PATO:0001857	PATO:0002005
PATO:0001872	PATO:0002007
PATO:0001873	PATO:0002007
PATO:0001874	PATO:0001873
PATO:0001890	PATO:0000402
PATO:0001890	PATO:0002008
PATO:0001908	PATO:0002505
PATO:0001910	PATO:0001925
PATO:0001925	PATO:0000052
PATO:0001954	PATO:0001199
PATO:0001973	PATO:0001500
PATO:0001987	PATO:0002014
PATO:0001988	PATO:0002006
PATO:0001992	PATO:0001995
PATO:0001993	PATO:0001992
PATO:0001995	PATO:0001241
PATO:0002005	PATO:0000052
PATO:0002006	PATO:0000052
PATO:0002007	PATO:0002266
PATO:0002008	PATO:0002266
PATO:0002009	PATO:0000052
PATO:0002014	PATO:0000141
PATO:0002039	PATO:0001857
PATO:0002045	PATO:0000402
PATO:0002062	PATO:0001236
PATO:0002064	PATO:0000141
PATO:0002078	PATO:0002014
PATO:0002094	PATO:0070045
PATO:0002124	PATO:0000141
PATO:0002198	PATO:0001018
PATO:0002226	PATO:0001873
PATO:0002236	PATO:0002006
PATO:0002254	PATO:0001591
PATO:0002255	PATO:0000150
PATO:0002266	PATO:0000052
PATO:0002299	PATO:0001873
PATO:0002299	PATO:0002078
PATO:0002309	PATO:0002226
PATO:0002317	PATO:0001988
PATO:0002318	PATO:0002006
PATO:0002323	PATO:0002062
PATO:0002358	PATO:0000052
PATO:0002418	PATO:0070045
PATO:0002422	PATO:0000141
PATO:0002444	PATO:0000025
PATO:0002462	PATO:0000025
PATO:0002468	PATO:0015008
PATO:0002478	PATO:0001410
PATO:0002479	PATO:0001410
PATO:0002487	PATO:0001236
PATO:0002505	PATO:0001404
PATO:0002507	PATO:0000025
PATO:0002519	PATO:0000141
PATO:0005010	PATO:0000402
PATO:0005021	PATO:0001973
PATO:0010001	PATO:0000141
PATO:0010006	PATO:0000051
PATO:0010007	PATO:0001408
PATO:0015006	PATO:0000141
PATO:0015008	PATO:0000141
PATO:0040072	PATO:0001396
PATO:0070002	PATO:0070026
PATO:0070010	PATO:0070026
PATO:0070015	PATO:0070026
PATO:0070025	PATO:0010006
PATO:0070026	PATO:0010006
PATO:0070044	PATO:0001241
PATO:0070045	PATO:0070044
PATO:0070046	PATO:0070045
PATO:0070047	PATO:0070045
PATO:0070060	PATO:0002198
PATO:0103000	PATO:0000001
PR:000000001	PR:000018263
PR:000001002	PR:000000001
PR:000001003	PR:000000001
PR:000001004	PR:000000001
PR:000001005	PR:000025796
PR:000001006	PR:000000001
PR:000001012	PR:000001005
PR:000001013	PR:000001005
PR:000001014	PR:000001006
PR:000001015	PR:000050216
PR:000001018	PR:000000001
PR:000001020	PR:000001018
PR:000001022	PR:000000001
PR:000001023	PR:000001022
PR:000001024	PR:000001023
PR:000001083	PR:000000001
PR:000001084	PR:000000001
PR:000001094	PR:000030035
PR:000001128	PR:000001094
PR:000001199	PR:000001128
PR:000001206	PR:000001128
PR:000001281	PR:000000001
PR:000001289	PR:000000001
PR:000001293	PR:000000001
PR:000001307	PR:000000001
PR:000001308	PR:000000001
PR:000001327	PR:000000001
PR:000001332	PR:000000001
PR:000001338	PR:000000001
PR:000001345	PR:000000001
PR:000001352	PR:000000001
PR:000001355	PR:000000001
PR:000001380	PR:000000001
PR:000001381	PR:000000001
PR:000001408	PR:000001281
PR:000001444	PR:000001327
PR:000001460	PR:000001352
PR:000001479	PR:000001355
PR:000001481	PR:000001355
PR:000001483	PR:000001355
PR:000001753	PR:000000001
PR:000001785	PR:000000001
PR:000001786	PR:000001785
PR:000001809	PR:000000001
PR:000001810	PR:000000001
PR:000001833	PR:000000001
PR:000001836	PR:000000001
PR:000001839	PR:000000001
PR:000001843	PR:000000001
PR:000001850	PR:000040662
PR:000001858	PR:000000001
PR:000001859	PR:000000001
PR:000001865	PR:000000001
PR:000001867	PR:000000001
PR:000001869	PR:000000001
PR:000001874	PR:000000001
PR:000001879	PR:000000001
PR:000001880	PR:000000001
PR:000001888	PR:000000001
PR:000001889	PR:000000001
PR:000001892	PR:000000001
PR:000001896	PR:000000001
PR:000001898	PR:000000001
PR:000001903	PR:000000001
PR:000001925	PR:000000001
PR:000001932	PR:000000001
PR:000001935	PR:000000001
PR:000001937	PR:000000001
PR:000001938	PR:000000001
PR:000001944	PR:000000001
PR:000001945	PR:000000001
PR:000001954	PR:000000001
PR:000001963	PR:000000001
PR:000001969	PR:000000001
PR:000001971	PR:000000001
PR:000002001	PR:000001810
PR:000002037	PR:000001938
PR:000002039	PR:000001888
PR:000002062	PR:000001810
PR:000002065	PR:000001810
PR:000002112	PR:000001971
PR:000002976	PR:000000001
PR:000002977	PR:000001874
PR:000002978	PR:000002976
PR:000002979	PR:000002976
PR:000002980	PR:000002976
PR:000002981	PR:000029032
PR:000003262	PR:000000001
PR:000003263	PR:000003262
PR:000003264	PR:000003263
PR:000003328	PR:000003262
PR:000003353	PR:000003386
PR:000003386	PR:000003262
PR:000003457	PR:000000001
PR:000003460	PR:000000001
PR:000003516	PR:000000001
PR:000005307	PR:000000001
PR:000005693	PR:000000001
PR:000006611	PR:000000001
PR:000007499	PR:000000001
PR:000007597	PR:000000001
PR:000007636	PR:000000001
PR:000007857	PR:000000001
PR:000007858	PR:000000001
PR:000007939	PR:000000001
PR:000009054	PR:000045358
PR:000009127	PR:000025797
PR:000009978	PR:000000001
PR:000010228	PR:000000001
PR:000011178	PR:000001753
PR:000013031	PR:000000001
PR:000013246	PR:000029968
PR:000013883	PR:000050025
PR:000014841	PR:000000001
PR:000015557	PR:000000001
PR:000015658	PR:000000001
PR:000016043	PR:000000001
PR:000016283	PR:000000001
PR:000018263	COB:0000013
PR:000018264	PR:000000001
PR:000018381	PR:000001308
PR:000018381	PR:000018264
PR:000018406	PR:000001332
PR:000018406	PR:000018264
PR:000018546	PR:000001843
PR:000018546	PR:000018264
PR:000018547	PR:000001850
PR:000018547	PR:000018264
PR:000018568	PR:000001880
PR:000018568	PR:000018264
PR:000018594	PR:000001925
PR:000018594	PR:000018264
PR:000018603	PR:000001945
PR:000018603	PR:000018264
PR:000018798	PR:000003264
PR:000018798	PR:000018264
PR:000018809	PR:000003328
PR:000018809	PR:000018264
PR:000020329	PR:000009127
PR:000020329	PR:000018264
PR:000020497	PR:000009978
PR:000020497	PR:000018264
PR:000020735	PR:000011178
PR:000020735	PR:000018264
PR:000021468	PR:000014841
PR:000021468	PR:000018264
PR:000025420	PR:000003353
PR:000025420	PR:000018264
PR:000025455	PR:000001083
PR:000025455	PR:000018264
PR:000025796	PR:000000001
PR:000025797	PR:000025796
PR:000027222	PR:000000001
PR:000027223	PR:000027222
PR:000027223	PR:000029032
PR:000028527	PR:000018264
PR:000029032	PR:000036194
PR:000029063	PR:000036194
PR:000029067	PR:000036194
PR:000029968	PR:000000001
PR:000030026	PR:000027222
PR:000030026	PR:000029067
PR:000030035	PR:000000001
PR:000036194	PR:000000001
PR:000036870	PR:000027222
PR:000036870	PR:000029063
PR:000040662	PR:000036194
PR:000045358	PR:000000001
PR:000049928	CHEBI:33708
PR:000050025	PR:000000001
PR:000050032	GO:0019814
PR:000050216	PR:000001006
PR:000064867	CHEBI:23367
PR:A1EA95	PR:000001869
PR:A1EA95	PR:000029063
PR:A2VEC9	PR:000015658
PR:A2VEC9	PR:000029067
PR:B0BL87	PR:000001889
PR:B0BL87	PR:000029063
PR:E1C261	PR:000001867
PR:E1C261	PR:000029063
PR:E1C9E2	PR:000001786
PR:E1C9E2	PR:000029063
PR:F1NXT4	PR:000001084
PR:F1NXT4	PR:000029063
PR:O08710	PR:000016283
PR:O08710	PR:000029032
PR:O09100	PR:000007858
PR:O09100	PR:000029032
PR:O15353	PR:000007636
PR:O15353	PR:000029067
PR:O35305	PR:000001954
PR:O35305	PR:000029032
PR:O43490	PR:000001786
PR:O43490	PR:000029067
PR:O54990	PR:000001786
PR:O54990	PR:000029032
PR:O89103	PR:000002037
PR:O89103	PR:000029032
PR:P00797	PR:000013883
PR:P00797	PR:000029067
PR:P01100	PR:000007597
PR:P01100	PR:000029067
PR:P01101	PR:000007597
PR:P01101	PR:000029032
PR:P01236	PR:000013246
PR:P01236	PR:000029067
PR:P01266	PR:000016283
PR:P01266	PR:000029067
PR:P01308	PR:000009054
PR:P01308	PR:000029067
PR:P01589	PR:000001380
PR:P01589	PR:000029067
PR:P01590	PR:000001380
PR:P01590	PR:000029032
PR:P01730	PR:000001004
PR:P01730	PR:000029067
PR:P01731	PR:000001084
PR:P01731	PR:000029032
PR:P01732	PR:000001084
PR:P01732	PR:000029067
PR:P01831	PR:000001843
PR:P01831	PR:000029032
PR:P02452	PR:000003264
PR:P02452	PR:000029067
PR:P02461	PR:000003328
PR:P02461	PR:000029067
PR:P02686	PR:000010228
PR:P02686	PR:000029067
PR:P02724	PR:000001460
PR:P02724	PR:000029067
PR:P02786	PR:000001945
PR:P02786	PR:000029067
PR:P02788	PR:000009978
PR:P02788	PR:000029067
PR:P03995	PR:000007939
PR:P03995	PR:000029032
PR:P04053	PR:000006611
PR:P04053	PR:000029067
PR:P04216	PR:000001843
PR:P04216	PR:000029067
PR:P04370	PR:000010228
PR:P04370	PR:000029032
PR:P05532	PR:000002065
PR:P05532	PR:000029032
PR:P05533	PR:000002979
PR:P05533	PR:000029032
PR:P05555	PR:000001012
PR:P05555	PR:000029032
PR:P06127	PR:000001839
PR:P06127	PR:000029067
PR:P06332	PR:000001004
PR:P06332	PR:000029032
PR:P06729	PR:000001083
PR:P06729	PR:000029067
PR:P06734	PR:000001880
PR:P06734	PR:000029067
PR:P06800	PR:000001006
PR:P06800	PR:000029032
PR:P06879	PR:000013246
PR:P06879	PR:000029032
PR:P07333	PR:000002062
PR:P07333	PR:000029067
PR:P07766	PR:000001020
PR:P07766	PR:000029067
PR:P08071	PR:000009978
PR:P08071	PR:000029032
PR:P08101	PR:000001479
PR:P08101	PR:000029032
PR:P08121	PR:000003328
PR:P08121	PR:000029032
PR:P08125	PR:000005693
PR:P08125	PR:000029063
PR:P08473	PR:000001898
PR:P08473	PR:000029067
PR:P08508	PR:000001483
PR:P08508	PR:000029032
PR:P08514	PR:000009127
PR:P08514	PR:000029067
PR:P08571	PR:000001889
PR:P08571	PR:000029067
PR:P08575	PR:000001006
PR:P08575	PR:000029067
PR:P08575-3	PR:000001014
PR:P08575-3	PR:P08575
PR:P08575-8	PR:000001015
PR:P08575-8	PR:P08575
PR:P08920	PR:000001083
PR:P08920	PR:000029032
PR:P09326	PR:000001308
PR:P09326	PR:000029067
PR:P09564	PR:000001836
PR:P09564	PR:000029067
PR:P09581	PR:000002062
PR:P09581	PR:000029032
PR:P09838	PR:000006611
PR:P09838	PR:000029032
PR:P0CW03	PR:000002980
PR:P0CW03	PR:000029032
PR:P10721	PR:000002065
PR:P10721	PR:000029067
PR:P10810	PR:000001889
PR:P10810	PR:000029032
PR:P11087	PR:000003264
PR:P11087	PR:000029032
PR:P11215	PR:000001012
PR:P11215	PR:000029067
PR:P11836	PR:000001289
PR:P11836	PR:000029067
PR:P11939	PR:000007597
PR:P11939	PR:000029063
PR:P12018	PR:000001858
PR:P12018	PR:000029067
PR:P12109	PR:000003353
PR:P12109	PR:000029067
PR:P13379	PR:000001839
PR:P13379	PR:000029032
PR:P13590	PR:000001024
PR:P13590	PR:000029063
PR:P13591	PR:000001024
PR:P13591	PR:000029067
PR:P13595	PR:000001024
PR:P13595	PR:000029032
PR:P13686	PR:000001937
PR:P13686	PR:000029067
PR:P14136	PR:000007939
PR:P14136	PR:000029067
PR:P14676	PR:000013246
PR:P14676	PR:000029063
PR:P14784	PR:000001381
PR:P14784	PR:000029067
PR:P15379	PR:000001307
PR:P15379	PR:000029032
PR:P15391	PR:000001002
PR:P15391	PR:000029067
PR:P15702	PR:000001879
PR:P15702	PR:000029032
PR:P15720	PR:000010228
PR:P15720	PR:000029063
PR:P15814	PR:000001859
PR:P15814	PR:000029067
PR:P15918	PR:000003457
PR:P15918	PR:000029067
PR:P15919	PR:000003457
PR:P15919	PR:000029032
PR:P15976	PR:000007857
PR:P15976	PR:000029067
PR:P16070	PR:000001307
PR:P16070	PR:000029067
PR:P16150	PR:000001879
PR:P16150	PR:000029067
PR:P16297	PR:000001381
PR:P16297	PR:000029032
PR:P16406	PR:000002039
PR:P16406	PR:000029032
PR:P16871	PR:000001869
PR:P16871	PR:000029067
PR:P16872	PR:000001869
PR:P16872	PR:000029032
PR:P17433	PR:000001944
PR:P17433	PR:000029032
PR:P17542	PR:000016043
PR:P17542	PR:000029067
PR:P17678	PR:000007857
PR:P17678	PR:000029063
PR:P17679	PR:000007857
PR:P17679	PR:000029032
PR:P17813	PR:000001345
PR:P17813	PR:000029067
PR:P17947	PR:000001944
PR:P17947	PR:000029067
PR:P18181	PR:000001308
PR:P18181	PR:000029032
PR:P18827	PR:000001935
PR:P18827	PR:000029067
PR:P18828	PR:000001935
PR:P18828	PR:000029032
PR:P19070	PR:000001338
PR:P19070	PR:000029032
PR:P19437	PR:000001289
PR:P19437	PR:000029032
PR:P20023	PR:000001338
PR:P20023	PR:000029067
PR:P20138	PR:000001892
PR:P20138	PR:000029067
PR:P20693	PR:000001880
PR:P20693	PR:000029032
PR:P20702	PR:000001013
PR:P20702	PR:000029067
PR:P20785	PR:000003353
PR:P20785	PR:000029063
PR:P21183	PR:000001867
PR:P21183	PR:000029032
PR:P21784	PR:000003460
PR:P21784	PR:000029032
PR:P22091	PR:000016043
PR:P22091	PR:000029032
PR:P22646	PR:000001020
PR:P22646	PR:000029032
PR:P23769	PR:000007858
PR:P23769	PR:000029067
PR:P23824	PR:000007858
PR:P23824	PR:000029063
PR:P24271	PR:000003457
PR:P24271	PR:000029063
PR:P24807	PR:000001932
PR:P24807	PR:000029032
PR:P24899	PR:000016043
PR:P24899	PR:000029063
PR:P25063	PR:000001932
PR:P25063	PR:000029067
PR:P25918	PR:000001002
PR:P25918	PR:000029032
PR:P26842	PR:000001963
PR:P26842	PR:000029067
PR:P26951	PR:000001865
PR:P26951	PR:000029067
PR:P26952	PR:000001865
PR:P26952	PR:000029032
PR:P27814	PR:000002977
PR:P27814	PR:000029032
PR:P28906	PR:000001003
PR:P28906	PR:000029067
PR:P28907	PR:000001408
PR:P28907	PR:000029067
PR:P31994	PR:000001481
PR:P31994	PR:000029067
PR:P31997	PR:000001332
PR:P31997	PR:000029067
PR:P33151	PR:000001444
PR:P33151	PR:000029067
PR:P35456	PR:000001969
PR:P35456	PR:000029032
PR:P35461	PR:000002978
PR:P35461	PR:000029032
PR:P35918	PR:000002112
PR:P35918	PR:000029032
PR:P35968	PR:000002112
PR:P35968	PR:000029067
PR:P36195	PR:000006611
PR:P36195	PR:000029063
PR:P36888	PR:000002001
PR:P36888	PR:000029067
PR:P37237	PR:000007499
PR:P37237	PR:000029032
PR:P41272	PR:000001963
PR:P41272	PR:000029032
PR:P41597	PR:000001199
PR:P41597	PR:000029067
PR:P43235	PR:000001850
PR:P43235	PR:000029067
PR:P49238	PR:000001206
PR:P49238	PR:000029067
PR:P49715	PR:000005307
PR:P49715	PR:000029067
PR:P50283	PR:000001836
PR:P50283	PR:000029032
PR:P51683	PR:000001199
PR:P51683	PR:000029032
PR:P53566	PR:000005307
PR:P53566	PR:000029032
PR:P55075	PR:000007499
PR:P55075	PR:000029067
PR:P55097	PR:000001850
PR:P55097	PR:000029032
PR:P55284	PR:000001444
PR:P55284	PR:000029032
PR:P55895	PR:000003460
PR:P55895	PR:000029067
PR:P56528	PR:000001408
PR:P56528	PR:000029032
PR:P67970	PR:000009054
PR:P67970	PR:000029063
PR:P98150	PR:000011178
PR:P98150	PR:000029063
PR:Q00342	PR:000002001
PR:Q00342	PR:000029032
PR:Q00653	PR:000011178
PR:Q00653	PR:000029067
PR:Q01344	PR:000001867
PR:Q01344	PR:000029067
PR:Q02548	PR:000001903
PR:Q02548	PR:000029067
PR:Q02650	PR:000001903
PR:Q02650	PR:000029032
PR:Q03405	PR:000001969
PR:Q03405	PR:000029067
PR:Q03692	PR:000005693
PR:Q03692	PR:000029067
PR:Q04857	PR:000003353
PR:Q04857	PR:000029032
PR:Q05117	PR:000001937
PR:Q05117	PR:000029032
PR:Q05306	PR:000005693
PR:Q05306	PR:000029032
PR:Q07075	PR:000002039
PR:Q07075	PR:000029067
PR:Q07763	PR:000001896
PR:Q07763	PR:000029032
PR:Q08156	PR:000002065
PR:Q08156	PR:000029063
PR:Q13291	PR:000001833
PR:Q13291	PR:000029067
PR:Q15063	PR:000013031
PR:Q15063	PR:000029067
PR:Q15465	PR:000014841
PR:Q15465	PR:000029067
PR:Q2VLH6	PR:000001925
PR:Q2VLH6	PR:000029032
PR:Q61391	PR:000001898
PR:Q61391	PR:000029032
PR:Q61575	PR:000007636
PR:Q61575	PR:000029032
PR:Q62009	PR:000013031
PR:Q62009	PR:000029032
PR:Q62226	PR:000014841
PR:Q62226	PR:000029032
PR:Q62351	PR:000001945
PR:Q62351	PR:000029032
PR:Q63961	PR:000001345
PR:Q63961	PR:000029032
PR:Q63994	PR:000001892
PR:Q63994	PR:000029032
PR:Q64314	PR:000001003
PR:Q64314	PR:000029032
PR:Q67BJ4	PR:000003516
PR:Q67BJ4	PR:000029032
PR:Q86VB7	PR:000001925
PR:Q86VB7	PR:000029067
PR:Q8AYD0	PR:000001444
PR:Q8AYD0	PR:000029063
PR:Q8CG65	PR:000015658
PR:Q8CG65	PR:000029032
PR:Q8VBX4	PR:000001293
PR:Q8VBX4	PR:000029032
PR:Q8VCC9	PR:000015557
PR:Q8VCC9	PR:000029032
PR:Q90722	PR:000007499
PR:Q90722	PR:000029063
PR:Q90997	PR:000001945
PR:Q90997	PR:000029063
PR:Q91035	PR:000014841
PR:Q91035	PR:000029063
PR:Q9BZW8	PR:000001896
PR:Q9BZW8	PR:000029067
PR:Q9HCB6	PR:000015557
PR:Q9HCB6	PR:000029067
PR:Q9NPC4	PR:000003516
PR:Q9NPC4	PR:000029067
PR:Q9NPY3	PR:000002037
PR:Q9NPY3	PR:000029067
PR:Q9QUM0	PR:000009127
PR:Q9QUM0	PR:000029032
PR:Q9QUM4	PR:000001833
PR:Q9QUM4	PR:000029032
PR:Q9QXH4	PR:000001013
PR:Q9QXH4	PR:000029032
PR:Q9UJ71	PR:000001293
PR:Q9UJ71	PR:000029067
PR:Q9W601	PR:000001903
PR:Q9W601	PR:000029063
PR:Q9W770	PR:000015557
PR:Q9W770	PR:000029063
PR:Q9WTK5	PR:000011178
PR:Q9WTK5	PR:000029032
PR:Q9Y6Q6	PR:000001954
PR:Q9Y6Q6	PR:000029067
PR:Q9Z0D9	PR:000001206
PR:Q9Z0D9	PR:000029032
RO:0002577	BFO:0000040
UBERON:0000000	BFO:0000003
UBERON:0000001	UBERON:0000465
UBERON:0000002	UBERON:0001560
UBERON:0000002	UBERON:0005156
UBERON:0000003	UBERON:0000161
UBERON:0000004	UBERON:0002268
UBERON:0000004	UBERON:0004121
UBERON:0000005	UBERON:0000020
UBERON:0000006	UBERON:0034922
UBERON:0000007	UBERON:0002368
UBERON:0000007	UBERON:0003133
UBERON:0000007	UBERON:0003296
UBERON:0000007	UBERON:0003937
UBERON:0000007	UBERON:0004121
UBERON:0000009	UBERON:0004923
UBERON:0000010	UBERON:0011216
UBERON:0000011	UBERON:0010314
UBERON:0000011	UBERON:0011216
UBERON:0000012	UBERON:0011216
UBERON:0000013	UBERON:0011216
UBERON:0000014	UBERON:0010314
UBERON:0000014	UBERON:0034944
UBERON:0000015	UBERON:0000466
UBERON:0000016	UBERON:0000471
UBERON:0000016	UBERON:0004119
UBERON:0000017	UBERON:0000409
UBERON:0000017	UBERON:0004119
UBERON:0000017	UBERON:0005177
UBERON:0000017	UBERON:0013765
UBERON:0000018	UBERON:0015165
UBERON:0000019	UBERON:0000047
UBERON:0000019	UBERON:0004121
UBERON:0000019	UBERON:0010314
UBERON:0000019	UBERON:0015212
UBERON:0000020	UBERON:0000062
UBERON:0000021	UBERON:0013703
UBERON:0000022	UBERON:0000021
UBERON:0000023	UBERON:0000026
UBERON:0000024	UBERON:0000023
UBERON:0000024	UBERON:0002102
UBERON:0000025	UBERON:0004111
UBERON:0000026	UBERON:0000475
UBERON:0000029	UBERON:0005057
UBERON:0000030	UBERON:0004923
UBERON:0000031	UBERON:0004779
UBERON:0000033	UBERON:0011676
UBERON:0000035	UBERON:0001305
UBERON:0000036	UBERON:0001305
UBERON:0000037	UBERON:0001305
UBERON:0000038	UBERON:0000463
UBERON:0000039	UBERON:0000464
UBERON:0000040	UBERON:0004177
UBERON:0000040	UBERON:0005057
UBERON:0000041	UBERON:0007380
UBERON:0000041	UBERON:0010314
UBERON:0000042	UBERON:0000481
UBERON:0000042	UBERON:0004120
UBERON:0000043	UBERON:0007846
UBERON:0000044	UBERON:0001800
UBERON:0000045	UBERON:0000061
UBERON:0000046	UBERON:0000047
UBERON:0000047	UBERON:0000970
UBERON:0000048	UBERON:0000047
UBERON:0000049	UBERON:0000047
UBERON:0000050	UBERON:0000047
UBERON:0000051	UBERON:0002553
UBERON:0000052	UBERON:0007702
UBERON:0000053	UBERON:0000064
UBERON:0000054	UBERON:0000479
UBERON:0000055	UBERON:0004111
UBERON:0000056	UBERON:0004120
UBERON:0000056	UBERON:0005179
UBERON:0000056	UBERON:0006555
UBERON:0000056	UBERON:0015212
UBERON:0000057	UBERON:0000062
UBERON:0000057	UBERON:0004111
UBERON:0000057	UBERON:0004120
UBERON:0000058	UBERON:0000063
UBERON:0000059	UBERON:0004921
UBERON:0000059	UBERON:0013765
UBERON:0000060	UBERON:0000064
UBERON:0000061	UBERON:0000465
UBERON:0000062	UBERON:0010000
UBERON:0000063	UBERON:0000064
UBERON:0000064	UBERON:0010000
UBERON:0000065	UBERON:0001005
UBERON:0000066	UBERON:0000105
UBERON:0000068	UBERON:0000105
UBERON:0000069	UBERON:0000105
UBERON:0000070	UBERON:0000105
UBERON:0000071	UBERON:0000105
UBERON:0000072	UBERON:0013522
UBERON:0000073	UBERON:0000481
UBERON:0000074	UBERON:0000064
UBERON:0000074	UBERON:0004120
UBERON:0000075	UBERON:0011216
UBERON:0000076	UBERON:0000490
UBERON:0000076	UBERON:0005291
UBERON:0000077	UBERON:0004119
UBERON:0000077	UBERON:0004120
UBERON:0000078	UBERON:0000077
UBERON:0000078	UBERON:0004121
UBERON:0000079	UBERON:0000990
UBERON:0000080	UBERON:0002113
UBERON:0000080	UBERON:0004120
UBERON:0000081	UBERON:0002113
UBERON:0000081	UBERON:0004120
UBERON:0000082	UBERON:0002113
UBERON:0000082	UBERON:0004120
UBERON:0000083	UBERON:0003914
UBERON:0000083	UBERON:0005103
UBERON:0000083	UBERON:0006555
UBERON:0000084	UBERON:0000083
UBERON:0000084	UBERON:0007499
UBERON:0000084	UBERON:0012275
UBERON:0000084	UBERON:0034969
UBERON:0000085	UBERON:0000922
UBERON:0000086	UBERON:0005764
UBERON:0000087	UBERON:0002050
UBERON:0000088	UBERON:0002050
UBERON:0000089	UBERON:0002050
UBERON:0000090	UBERON:0002553
UBERON:0000091	UBERON:0002050
UBERON:0000092	UBERON:0000105
UBERON:0000093	UBERON:0000464
UBERON:0000094	UBERON:0000062
UBERON:0000095	UBERON:0005291
UBERON:0000100	UBERON:0002050
UBERON:0000101	UBERON:0009912
UBERON:0000102	UBERON:0002201
UBERON:0000102	UBERON:0006876
UBERON:0000104	BFO:0000015
UBERON:0000105	BFO:0000015
UBERON:0000106	UBERON:0000105
UBERON:0000107	UBERON:0000105
UBERON:0000108	UBERON:0000105
UBERON:0000109	UBERON:0000105
UBERON:0000110	UBERON:0000105
UBERON:0000111	UBERON:0000105
UBERON:0000112	UBERON:0000105
UBERON:0000113	UBERON:0000105
UBERON:0000114	UBERON:0003580
UBERON:0000114	UBERON:0003837
UBERON:0000114	UBERON:0004120
UBERON:0000115	UBERON:0004815
UBERON:0000116	UBERON:0000064
UBERON:0000117	UBERON:0000025
UBERON:0000118	UBERON:0005153
UBERON:0000119	UBERON:0000957
UBERON:0000120	UBERON:0000119
UBERON:0000121	UBERON:0011822
UBERON:0000122	UBERON:0005162
UBERON:0000123	UBERON:0006804
UBERON:0000124	UBERON:0011822
UBERON:0000125	UBERON:0011215
UBERON:0000126	UBERON:0002308
UBERON:0000127	UBERON:0000126
UBERON:0000127	UBERON:0004121
UBERON:0000127	UBERON:0006331
UBERON:0000127	UBERON:0009662
UBERON:0000128	UBERON:0010000
UBERON:0000130	UBERON:0004111
UBERON:0000130	UBERON:0005744
UBERON:0000144	UBERON:0005055
UBERON:0000144	UBERON:0005913
UBERON:0000151	UBERON:0002534
UBERON:0000151	UBERON:0004710
UBERON:0000152	UBERON:0002534
UBERON:0000152	UBERON:0004709
UBERON:0000153	UBERON:0000475
UBERON:0000154	UBERON:0000475
UBERON:0000155	UBERON:0000119
UBERON:0000155	UBERON:0005156
UBERON:0000156	UBERON:0000158
UBERON:0000156	UBERON:0005156
UBERON:0000157	UBERON:0000158
UBERON:0000157	UBERON:0005156
UBERON:0000158	UBERON:0004923
UBERON:0000159	UBERON:0004111
UBERON:0000160	UBERON:0004921
UBERON:0000161	UBERON:0004111
UBERON:0000162	UBERON:0013522
UBERON:0000163	UBERON:0000162
UBERON:0000164	UBERON:0002050
UBERON:0000165	UBERON:0004921
UBERON:0000166	UBERON:0000161
UBERON:0000167	UBERON:0002553
UBERON:0000168	UBERON:0004921
UBERON:0000170	UBERON:0034925
UBERON:0000171	UBERON:0000062
UBERON:0000172	UBERON:0036017
UBERON:0000173	UBERON:0000463
UBERON:0000174	UBERON:0000463
UBERON:0000175	UBERON:0001087
UBERON:0000176	UBERON:0000463
UBERON:0000177	UBERON:0000463
UBERON:0000178	UBERON:0000179
UBERON:0000179	UBERON:0006314
UBERON:0000180	UBERON:0000475
UBERON:0000199	UBERON:0005055
UBERON:0000199	UBERON:0018664
UBERON:0000200	UBERON:0034768
UBERON:0000201	UBERON:0000120
UBERON:0000202	UBERON:0000120
UBERON:0000203	UBERON:0002616
UBERON:0000204	UBERON:0002616
UBERON:0000205	UBERON:0002535
UBERON:0000206	UBERON:0002535
UBERON:0000207	UBERON:0000476
UBERON:0000207	UBERON:0005389
UBERON:0000209	UBERON:0002514
UBERON:0000209	UBERON:0008907
UBERON:0000209	UBERON:0010428
UBERON:0000209	UBERON:0011164
UBERON:0000210	UBERON:0002514
UBERON:0000210	UBERON:0010428
UBERON:0000210	UBERON:0011164
UBERON:0000211	UBERON:0000062
UBERON:0000212	UBERON:0001705
UBERON:0000218	UBERON:0003861
UBERON:0000219	UBERON:0001131
UBERON:0000219	UBERON:0005744
UBERON:0000220	UBERON:0002217
UBERON:0000220	UBERON:0015212
UBERON:0000221	UBERON:0006983
UBERON:0000301	UBERON:0012466
UBERON:0000301	UBERON:0012467
UBERON:0000303	UBERON:0004252
UBERON:0000303	UBERON:0011144
UBERON:0000304	UBERON:0004923
UBERON:0000305	UBERON:0005631
UBERON:0000307	UBERON:0000922
UBERON:0000309	UBERON:0000475
UBERON:0000310	UBERON:0034929
UBERON:0000311	UBERON:0014892
UBERON:0000312	UBERON:0000158
UBERON:0000313	UBERON:0004270
UBERON:0000313	UBERON:0007391
UBERON:0000314	UBERON:0000317
UBERON:0000315	UBERON:0000464
UBERON:0000316	UBERON:0000912
UBERON:0000317	UBERON:0001207
UBERON:0000319	UBERON:0002050
UBERON:0000320	UBERON:0001204
UBERON:0000323	UBERON:0000922
UBERON:0000325	UBERON:0002365
UBERON:0000325	UBERON:0003294
UBERON:0000326	UBERON:0000456
UBERON:0000328	UBERON:0000060
UBERON:0000329	UBERON:0000021
UBERON:0000331	UBERON:0001204
UBERON:0000332	UBERON:0002371
UBERON:0000333	UBERON:0003408
UBERON:0000341	UBERON:0034929
UBERON:0000344	UBERON:0004923
UBERON:0000345	UBERON:0000061
UBERON:0000347	UBERON:0005162
UBERON:0000348	UBERON:0004121
UBERON:0000348	UBERON:0011779
UBERON:0000349	UBERON:0011216
UBERON:0000351	UBERON:0005174
UBERON:0000351	UBERON:0008846
UBERON:0000353	UBERON:0000064
UBERON:0000355	UBERON:0004785
UBERON:0000358	UBERON:0002050
UBERON:0000359	UBERON:0003937
UBERON:0000359	UBERON:0015251
UBERON:0000361	UBERON:0002371
UBERON:0000362	UBERON:0000958
UBERON:0000363	UBERON:0000061
UBERON:0000365	UBERON:0000486
UBERON:0000365	UBERON:0005911
UBERON:0000366	UBERON:0014892
UBERON:0000368	UBERON:0004252
UBERON:0000368	UBERON:0011144
UBERON:0000369	UBERON:0002616
UBERON:0000370	UBERON:0004252
UBERON:0000370	UBERON:0011144
UBERON:0000371	UBERON:0002050
UBERON:0000372	UBERON:0000311
UBERON:0000372	UBERON:0001498
UBERON:0000373	UBERON:0002437
UBERON:0000375	UBERON:0011779
UBERON:0000376	UBERON:0002472
UBERON:0000376	UBERON:0008784
UBERON:0000377	UBERON:0011779
UBERON:0000378	UBERON:0013765
UBERON:0000378	UBERON:0014892
UBERON:0000379	UBERON:0004785
UBERON:0000381	UBERON:0004228
UBERON:0000382	UBERON:0001820
UBERON:0000382	UBERON:0012177
UBERON:0000383	UBERON:0011216
UBERON:0000387	UBERON:0010000
UBERON:0000388	UBERON:0013522
UBERON:0000389	UBERON:0000479
UBERON:0000389	UBERON:0004121
UBERON:0000390	UBERON:0004121
UBERON:0000390	UBERON:0034944
UBERON:0000391	UBERON:0002360
UBERON:0000392	UBERON:0004518
UBERON:0000395	UBERON:0001714
UBERON:0000396	UBERON:0014389
UBERON:0000397	UBERON:0001278
UBERON:0000398	UBERON:0002418
UBERON:0000398	UBERON:0003837
UBERON:0000399	UBERON:0001204
UBERON:0000400	UBERON:0001902
UBERON:0000400	UBERON:0013636
UBERON:0000401	UBERON:0005913
UBERON:0000402	UBERON:0002553
UBERON:0000403	UBERON:0010314
UBERON:0000403	UBERON:0034921
UBERON:0000407	UBERON:0000062
UBERON:0000407	UBERON:0015212
UBERON:0000408	UBERON:0001806
UBERON:0000408	UBERON:0001807
UBERON:0000409	UBERON:0002365
UBERON:0000410	UBERON:0004785
UBERON:0000411	UBERON:0035014
UBERON:0000411	UBERON:8440011
UBERON:0000412	UBERON:0000479
UBERON:0000414	UBERON:0002365
UBERON:0000415	UBERON:0035965
UBERON:0000416	UBERON:0000464
UBERON:0000420	UBERON:0000488
UBERON:0000423	UBERON:0001820
UBERON:0000423	UBERON:0010243
UBERON:0000424	UBERON:0002553
UBERON:0000426	UBERON:0002050
UBERON:0000428	UBERON:0000485
UBERON:0000428	UBERON:0005156
UBERON:0000428	UBERON:0005911
UBERON:0000429	UBERON:0001816
UBERON:0000430	UBERON:0015234
UBERON:0000431	UBERON:0010009
UBERON:0000432	UBERON:0015234
UBERON:0000433	UBERON:0001920
UBERON:0000434	UBERON:0001920
UBERON:0000435	UBERON:0006568
UBERON:0000437	UBERON:0004923
UBERON:0000439	UBERON:0000440
UBERON:0000440	UBERON:0000064
UBERON:0000442	UBERON:0001144
UBERON:0000443	UBERON:0001144
UBERON:0000444	UBERON:0001744
UBERON:0000445	UBERON:0002616
UBERON:0000446	UBERON:0005401
UBERON:0000450	UBERON:0003982
UBERON:0000451	UBERON:0002616
UBERON:0000453	UBERON:0000478
UBERON:0000454	UBERON:0000064
UBERON:0000456	UBERON:0000463
UBERON:0000457	UBERON:0001637
UBERON:0000458	UBERON:0000064
UBERON:0000458	UBERON:0005156
UBERON:0000459	UBERON:0000060
UBERON:0000459	UBERON:0005156
UBERON:0000460	UBERON:0000414
UBERON:0000460	UBERON:0004120
UBERON:0000460	UBERON:0011826
UBERON:0000460	UBERON:0015212
UBERON:0000460	UBERON:0019319
UBERON:0000461	UBERON:0010145
UBERON:0000461	UBERON:0010187
UBERON:0000461	UBERON:0011826
UBERON:0000463	UBERON:0000001
UBERON:0000464	UBERON:0000466
UBERON:0000465	BFO:0000040
UBERON:0000465	UBERON:0001062
UBERON:0000466	BFO:0000141
UBERON:0000466	UBERON:0001062
UBERON:0000467	UBERON:0000061
UBERON:0000468	UBERON:0010000
UBERON:0000471	UBERON:0000481
UBERON:0000472	UBERON:0000062
UBERON:0000473	UBERON:0000991
UBERON:0000473	UBERON:0003135
UBERON:0000474	UBERON:0000990
UBERON:0000475	UBERON:0010000
UBERON:0000476	UBERON:0000001
UBERON:0000477	UBERON:0034923
UBERON:0000478	UBERON:0005423
UBERON:0000479	UBERON:0010000
UBERON:0000480	UBERON:0000061
UBERON:0000481	UBERON:0010000
UBERON:0000482	UBERON:0005764
UBERON:0000483	UBERON:0000479
UBERON:0000484	UBERON:0000490
UBERON:0000484	UBERON:0010077
UBERON:0000485	UBERON:0000490
UBERON:0000485	UBERON:0012274
UBERON:0000486	UBERON:0000483
UBERON:0000487	UBERON:0000490
UBERON:0000487	UBERON:0006914
UBERON:0000488	UBERON:0000483
UBERON:0000489	UBERON:0003103
UBERON:0000490	UBERON:0000483
UBERON:0000491	UBERON:0003103
UBERON:0000569	UBERON:0003978
UBERON:0000569	UBERON:0004590
UBERON:0000569	UBERON:0011185
UBERON:0000642	UBERON:0008841
UBERON:0000711	UBERON:0002252
UBERON:0000711	UBERON:0002377
UBERON:0000908	UBERON:0005340
UBERON:0000910	UBERON:0006314
UBERON:0000910	UBERON:0012112
UBERON:0000911	UBERON:0000463
UBERON:0000912	UBERON:0000456
UBERON:0000912	UBERON:0006314
UBERON:0000913	UBERON:0000463
UBERON:0000914	UBERON:0000475
UBERON:0000915	UBERON:0009569
UBERON:0000915	UBERON:0011676
UBERON:0000916	UBERON:0009569
UBERON:0000920	UBERON:0000476
UBERON:0000922	UBERON:0000468
UBERON:0000923	UBERON:0010316
UBERON:0000924	UBERON:0000923
UBERON:0000925	UBERON:0000923
UBERON:0000926	UBERON:0000923
UBERON:0000927	UBERON:0000923
UBERON:0000929	UBERON:0011779
UBERON:0000930	UBERON:0013522
UBERON:0000931	UBERON:0016566
UBERON:0000933	UBERON:0001630
UBERON:0000934	UBERON:0005053
UBERON:0000935	UBERON:0002473
UBERON:0000935	UBERON:0005341
UBERON:0000936	UBERON:0011590
UBERON:0000939	UBERON:0000481
UBERON:0000941	UBERON:0004121
UBERON:0000941	UBERON:0011215
UBERON:0000941	UBERON:0034713
UBERON:0000942	UBERON:0011779
UBERON:0000945	UBERON:0004921
UBERON:0000945	UBERON:0010039
UBERON:0000946	UBERON:0003978
UBERON:0000946	UBERON:0010313
UBERON:0000947	UBERON:0003509
UBERON:0000947	UBERON:0003519
UBERON:0000947	UBERON:0013768
UBERON:0000948	UBERON:0004120
UBERON:0000948	UBERON:0005181
UBERON:0000948	UBERON:0007100
UBERON:0000948	UBERON:0010314
UBERON:0000949	UBERON:0015204
UBERON:0000950	UBERON:0004252
UBERON:0000950	UBERON:0011144
UBERON:0000951	UBERON:0001630
UBERON:0000951	UBERON:0005174
UBERON:0000955	UBERON:0000062
UBERON:0000955	UBERON:0004121
UBERON:0000956	UBERON:0011215
UBERON:0000956	UBERON:0016548
UBERON:0000957	UBERON:0000479
UBERON:0000958	UBERON:0000471
UBERON:0000959	UBERON:0007425
UBERON:0000961	UBERON:0001807
UBERON:0000962	UBERON:0001780
UBERON:0000963	UBERON:0002536
UBERON:0000964	UBERON:0010000
UBERON:0000964	UBERON:0010313
UBERON:0000965	UBERON:0005389
UBERON:0000966	UBERON:0004121
UBERON:0000966	UBERON:0005388
UBERON:0000970	UBERON:0000020
UBERON:0000971	UBERON:0000970
UBERON:0000971	UBERON:0002536
UBERON:0000972	UBERON:0000026
UBERON:0000972	UBERON:0015212
UBERON:0000974	UBERON:0000475
UBERON:0000975	UBERON:0005181
UBERON:0000975	UBERON:0010363
UBERON:0000976	UBERON:0002495
UBERON:0000976	UBERON:0003461
UBERON:0000976	UBERON:0003607
UBERON:0000976	UBERON:0004250
UBERON:0000976	UBERON:0015053
UBERON:0000977	UBERON:0000042
UBERON:0000978	UBERON:0006058
UBERON:0000978	UBERON:0008784
UBERON:0000979	UBERON:0002495
UBERON:0000979	UBERON:0003608
UBERON:0000979	UBERON:0004251
UBERON:0000979	UBERON:0015004
UBERON:0000980	UBERON:0005055
UBERON:0000980	UBERON:0005913
UBERON:0000981	UBERON:0003608
UBERON:0000981	UBERON:0003826
UBERON:0000981	UBERON:0008202
UBERON:0000981	UBERON:0015052
UBERON:0000982	UBERON:0004905
UBERON:0000983	UBERON:0008784
UBERON:0000983	UBERON:0009877
UBERON:0000984	UBERON:0000023
UBERON:0000985	UBERON:0001638
UBERON:0000987	UBERON:0000026
UBERON:0000988	UBERON:0002616
UBERON:0000989	UBERON:0004120
UBERON:0000989	UBERON:0008811
UBERON:0000990	UBERON:0000467
UBERON:0000991	UBERON:0003133
UBERON:0000992	UBERON:0000991
UBERON:0000992	UBERON:0003134
UBERON:0000993	UBERON:0000025
UBERON:0000993	UBERON:0005156
UBERON:0000994	UBERON:0000062
UBERON:0000994	UBERON:0005156
UBERON:0000995	UBERON:0013515
UBERON:0000996	UBERON:0004120
UBERON:0000996	UBERON:0013515
UBERON:0000997	UBERON:0000062
UBERON:0000997	UBERON:0005156
UBERON:0000998	UBERON:0004120
UBERON:0000998	UBERON:0006868
UBERON:0000999	UBERON:0000025
UBERON:0000999	UBERON:0005904
UBERON:0000999	UBERON:0015212
UBERON:0001000	UBERON:0000025
UBERON:0001000	UBERON:0005904
UBERON:0001001	UBERON:0001002
UBERON:0001001	UBERON:0007491
UBERON:0001002	UBERON:0000476
UBERON:0001003	UBERON:0007376
UBERON:0001003	UBERON:3000961
UBERON:0001004	UBERON:0000467
UBERON:0001005	UBERON:0003103
UBERON:0001005	UBERON:0004111
UBERON:0001007	UBERON:0000467
UBERON:0001008	UBERON:8450002
UBERON:0001009	UBERON:0000467
UBERON:0001010	UBERON:0004769
UBERON:0001011	UBERON:0000463
UBERON:0001012	UBERON:0005055
UBERON:0001012	UBERON:0005913
UBERON:0001013	UBERON:0011822
UBERON:0001015	UBERON:0011216
UBERON:0001016	UBERON:0000467
UBERON:0001017	UBERON:0004121
UBERON:0001017	UBERON:0011216
UBERON:0001018	UBERON:0000122
UBERON:0001018	UBERON:0011215
UBERON:0001019	UBERON:0000122
UBERON:0001020	UBERON:0001018
UBERON:0001021	UBERON:0000122
UBERON:0001027	UBERON:0001021
UBERON:0001028	UBERON:0004769
UBERON:0001031	UBERON:0000119
UBERON:0001032	UBERON:0015203
UBERON:0001033	UBERON:0000467
UBERON:0001035	UBERON:0002209
UBERON:0001037	UBERON:0000021
UBERON:0001038	UBERON:0000020
UBERON:0001040	UBERON:0005292
UBERON:0001040	UBERON:0005631
UBERON:0001040	UBERON:0007499
UBERON:0001041	UBERON:0004921
UBERON:0001042	UBERON:0006562
UBERON:0001043	UBERON:0000062
UBERON:0001043	UBERON:0004921
UBERON:0001043	UBERON:0013765
UBERON:0001044	UBERON:0010047
UBERON:0001045	UBERON:0004921
UBERON:0001046	UBERON:0004921
UBERON:0001047	UBERON:0011215
UBERON:0001048	UBERON:0005423
UBERON:0001049	UBERON:0003914
UBERON:0001049	UBERON:0005291
UBERON:0001049	UBERON:0010371
UBERON:0001049	UBERON:0016879
UBERON:0001051	UBERON:0013522
UBERON:0001052	UBERON:0004921
UBERON:0001053	UBERON:0010133
UBERON:0001054	UBERON:0009773
UBERON:0001056	UBERON:0001053
UBERON:0001057	UBERON:0002368
UBERON:0001058	UBERON:0000477
UBERON:0001059	UBERON:0011215
UBERON:0001062	BFO:0000004
UBERON:0001063	UBERON:0027331
UBERON:0001064	UBERON:0000025
UBERON:0001064	UBERON:0007329
UBERON:0001065	UBERON:0035048
UBERON:0001066	UBERON:0011135
UBERON:0001067	UBERON:0002217
UBERON:0001068	UBERON:0001085
UBERON:0001069	UBERON:0000064
UBERON:0001069	UBERON:0004119
UBERON:0001070	UBERON:0005396
UBERON:0001071	UBERON:0012320
UBERON:0001072	UBERON:0004087
UBERON:0001073	UBERON:8410024
UBERON:0001074	UBERON:0002323
UBERON:0001074	UBERON:0035809
UBERON:0001075	UBERON:0001474
UBERON:0001075	UBERON:0016491
UBERON:0001076	UBERON:0006061
UBERON:0001077	UBERON:0006061
UBERON:0001078	UBERON:0006061
UBERON:0001079	UBERON:0006062
UBERON:0001080	UBERON:0006062
UBERON:0001081	UBERON:0002165
UBERON:0001082	UBERON:0002348
UBERON:0001083	UBERON:0002349
UBERON:0001084	UBERON:0012180
UBERON:0001085	UBERON:0000014
UBERON:0001087	UBERON:0036244
UBERON:0001088	UBERON:0000174
UBERON:0001089	UBERON:0000456
UBERON:0001089	UBERON:0006314
UBERON:0001090	UBERON:0007779
UBERON:0001090	UBERON:0007794
UBERON:0001091	UBERON:0003913
UBERON:0001091	UBERON:0010314
UBERON:0001092	UBERON:0002412
UBERON:0001093	UBERON:0002412
UBERON:0001094	UBERON:0002412
UBERON:0001094	UBERON:0003828
UBERON:0001094	UBERON:0004247
UBERON:0001094	UBERON:0015010
UBERON:0001095	UBERON:0002412
UBERON:0001095	UBERON:0004247
UBERON:0001095	UBERON:0018142
UBERON:0001096	UBERON:0000328
UBERON:0001097	UBERON:0003968
UBERON:0001098	UBERON:0001091
UBERON:0001099	UBERON:0001638
UBERON:0001100	UBERON:0001495
UBERON:0001101	UBERON:0004711
UBERON:0001102	UBERON:0001956
UBERON:0001103	UBERON:0003830
UBERON:0001103	UBERON:0003831
UBERON:0001104	UBERON:0004711
UBERON:0001105	UBERON:0002495
UBERON:0001105	UBERON:0007829
UBERON:0001105	UBERON:0015212
UBERON:0001106	UBERON:0003507
UBERON:0001106	UBERON:0035550
UBERON:0001107	UBERON:0008523
UBERON:0001108	UBERON:0008523
UBERON:0001109	UBERON:0008523
UBERON:0001110	UBERON:0008523
UBERON:0001111	UBERON:0001630
UBERON:0001111	UBERON:0005175
UBERON:0001111	UBERON:8450004
UBERON:0001112	UBERON:0001482
UBERON:0001112	UBERON:0034908
UBERON:0001113	UBERON:0009912
UBERON:0001114	UBERON:0001113
UBERON:0001115	UBERON:0001113
UBERON:0001116	UBERON:0001114
UBERON:0001117	UBERON:0001114
UBERON:0001118	UBERON:0009912
UBERON:0001118	UBERON:0015212
UBERON:0001119	UBERON:0001118
UBERON:0001120	UBERON:0001118
UBERON:0001121	UBERON:0001630
UBERON:0001121	UBERON:0005178
UBERON:0001122	UBERON:0002377
UBERON:0001122	UBERON:0004518
UBERON:0001123	UBERON:0002377
UBERON:0001125	UBERON:0001482
UBERON:0001125	UBERON:0034908
UBERON:0001126	UBERON:0003830
UBERON:0001126	UBERON:0011217
UBERON:0001127	UBERON:0011217
UBERON:0001128	UBERON:0002377
UBERON:0001128	UBERON:0004120
UBERON:0001128	UBERON:0011364
UBERON:0001129	UBERON:0001482
UBERON:0001129	UBERON:0010891
UBERON:0001129	UBERON:0034908
UBERON:0001130	UBERON:0000075
UBERON:0001131	UBERON:0004111
UBERON:0001132	UBERON:0002368
UBERON:0001133	UBERON:8600006
UBERON:0001134	UBERON:0002036
UBERON:0001135	UBERON:0002385
UBERON:0001136	UBERON:0000487
UBERON:0001136	UBERON:0012275
UBERON:0001137	UBERON:0000475
UBERON:0001138	UBERON:0005617
UBERON:0001139	UBERON:0005610
UBERON:0001139	UBERON:0015212
UBERON:0001140	UBERON:0001638
UBERON:0001141	UBERON:0001140
UBERON:0001142	UBERON:0001140
UBERON:0001143	UBERON:0013126
UBERON:0001143	UBERON:0015796
UBERON:0001144	UBERON:0001638
UBERON:0001144	UBERON:0015212
UBERON:0001145	UBERON:0001638
UBERON:0001145	UBERON:0015212
UBERON:0001146	UBERON:0001638
UBERON:0001148	UBERON:0003433
UBERON:0001149	UBERON:0000466
UBERON:0001150	UBERON:0000064
UBERON:0001151	UBERON:0000064
UBERON:0001152	UBERON:0003703
UBERON:0001153	UBERON:0009854
UBERON:0001154	UBERON:0013765
UBERON:0001155	UBERON:0004921
UBERON:0001156	UBERON:0000168
UBERON:0001157	UBERON:0000168
UBERON:0001158	UBERON:0000168
UBERON:0001159	UBERON:0000168
UBERON:0001160	UBERON:0009870
UBERON:0001161	UBERON:0009870
UBERON:0001162	UBERON:0009870
UBERON:0001163	UBERON:0009870
UBERON:0001164	UBERON:0009870
UBERON:0001165	UBERON:0009870
UBERON:0001166	UBERON:0009870
UBERON:0001167	UBERON:0000328
UBERON:0001168	UBERON:0001262
UBERON:0001169	UBERON:0001262
UBERON:0001170	UBERON:0001206
UBERON:0001170	UBERON:0004854
UBERON:0001170	UBERON:0007826
UBERON:0001171	UBERON:0009911
UBERON:0001172	UBERON:0009842
UBERON:0001172	UBERON:0011858
UBERON:0001173	UBERON:0004119
UBERON:0001173	UBERON:0013765
UBERON:0001174	UBERON:0003703
UBERON:0001175	UBERON:0003703
UBERON:0001176	UBERON:0003703
UBERON:0001177	UBERON:0003703
UBERON:0001178	UBERON:0022350
UBERON:0001179	UBERON:0035809
UBERON:0001180	UBERON:0002553
UBERON:0001181	UBERON:0002553
UBERON:0001182	UBERON:0005616
UBERON:0001183	UBERON:0005616
UBERON:0001183	UBERON:0035039
UBERON:0001184	UBERON:0012254
UBERON:0001185	UBERON:0001184
UBERON:0001186	UBERON:0001184
UBERON:0001187	UBERON:0010192
UBERON:0001188	UBERON:0001187
UBERON:0001188	UBERON:0003468
UBERON:0001189	UBERON:0001187
UBERON:0001189	UBERON:0003468
UBERON:0001190	UBERON:0001637
UBERON:0001191	UBERON:0005609
UBERON:0001191	UBERON:0012254
UBERON:0001192	UBERON:0001637
UBERON:0001193	UBERON:0001637
UBERON:0001194	UBERON:0001637
UBERON:0001195	UBERON:0004573
UBERON:0001195	UBERON:0009658
UBERON:0001196	UBERON:0001637
UBERON:0001197	UBERON:0001637
UBERON:0001198	UBERON:0005624
UBERON:0001199	UBERON:0004786
UBERON:0001200	UBERON:0018257
UBERON:0001201	UBERON:0004782
UBERON:0001202	UBERON:0011185
UBERON:0001203	UBERON:0004222
UBERON:0001203	UBERON:0006676
UBERON:0001204	UBERON:0001242
UBERON:0001205	UBERON:0009566
UBERON:0001206	UBERON:0001243
UBERON:0001207	UBERON:0001242
UBERON:0001208	UBERON:0009566
UBERON:0001209	UBERON:0001243
UBERON:0001210	UBERON:0001240
UBERON:0001210	UBERON:0004239
UBERON:0001211	UBERON:0001962
UBERON:0001212	UBERON:0000414
UBERON:0001212	UBERON:0003408
UBERON:0001212	UBERON:0011148
UBERON:0001213	UBERON:0004923
UBERON:0001214	UBERON:0002017
UBERON:0001215	UBERON:0005617
UBERON:0001216	UBERON:0002017
UBERON:0001217	UBERON:0002017
UBERON:0001218	UBERON:0002017
UBERON:0001219	UBERON:0001217
UBERON:0001220	UBERON:0002378
UBERON:0001220	UBERON:0004518
UBERON:0001221	UBERON:0002461
UBERON:0001222	UBERON:0000056
UBERON:0001223	UBERON:0000056
UBERON:0001224	UBERON:0000064
UBERON:0001224	UBERON:0004111
UBERON:0001225	UBERON:0001851
UBERON:0001226	UBERON:0006517
UBERON:0001227	UBERON:0006517
UBERON:0001228	UBERON:0000064
UBERON:0001229	UBERON:0000063
UBERON:0001230	UBERON:0000064
UBERON:0001231	UBERON:0004211
UBERON:0001231	UBERON:0009773
UBERON:0001232	UBERON:0006555
UBERON:0001233	UBERON:0002369
UBERON:0001234	UBERON:0002369
UBERON:0001235	UBERON:0001851
UBERON:0001235	UBERON:0004120
UBERON:0001236	UBERON:0000958
UBERON:0001236	UBERON:0010313
UBERON:0001237	UBERON:0012279
UBERON:0001238	UBERON:0004780
UBERON:0001239	UBERON:0001240
UBERON:0001239	UBERON:0004220
UBERON:0001240	UBERON:0004221
UBERON:0001240	UBERON:0006676
UBERON:0001241	UBERON:0001983
UBERON:0001242	UBERON:0004786
UBERON:0001243	UBERON:0004782
UBERON:0001244	UBERON:0004231
UBERON:0001244	UBERON:0004916
UBERON:0001244	UBERON:0007521
UBERON:0001244	UBERON:0012368
UBERON:0001245	UBERON:0000161
UBERON:0001245	UBERON:0004121
UBERON:0001246	UBERON:0003704
UBERON:0001247	UBERON:0013139
UBERON:0001248	UBERON:0004885
UBERON:0001249	UBERON:0000444
UBERON:0001250	UBERON:1000023
UBERON:0001251	UBERON:0000064
UBERON:0001252	UBERON:0005742
UBERON:0001253	UBERON:0000030
UBERON:0001254	UBERON:0000365
UBERON:0001255	UBERON:0002075
UBERON:0001255	UBERON:0004120
UBERON:0001255	UBERON:0018707
UBERON:0001256	UBERON:0000060
UBERON:0001257	UBERON:0000064
UBERON:0001258	UBERON:0001560
UBERON:0001259	UBERON:0000344
UBERON:0001260	UBERON:0000042
UBERON:0001261	UBERON:0000030
UBERON:0001262	UBERON:0000328
UBERON:0001263	UBERON:0013232
UBERON:0001264	UBERON:0002075
UBERON:0001265	UBERON:0000440
UBERON:0001266	UBERON:0000064
UBERON:0001267	UBERON:0003431
UBERON:0001268	UBERON:0007779
UBERON:0001268	UBERON:0007794
UBERON:0001268	UBERON:0036217
UBERON:0001269	UBERON:0005913
UBERON:0001270	UBERON:0000075
UBERON:0001271	UBERON:0007823
UBERON:0001271	UBERON:0015212
UBERON:0001272	UBERON:0007830
UBERON:0001272	UBERON:0010428
UBERON:0001272	UBERON:0015212
UBERON:0001273	UBERON:0002513
UBERON:0001273	UBERON:0007830
UBERON:0001273	UBERON:0015054
UBERON:0001273	UBERON:0015212
UBERON:0001274	UBERON:0002513
UBERON:0001274	UBERON:0007830
UBERON:0001274	UBERON:0008202
UBERON:0001274	UBERON:0015056
UBERON:0001274	UBERON:0015212
UBERON:0001275	UBERON:0002513
UBERON:0001275	UBERON:0007830
UBERON:0001275	UBERON:0008202
UBERON:0001275	UBERON:0015055
UBERON:0001275	UBERON:0015212
UBERON:0001276	UBERON:0000485
UBERON:0001276	UBERON:0003350
UBERON:0001276	UBERON:0004808
UBERON:0001276	UBERON:0015833
UBERON:0001277	UBERON:0000485
UBERON:0001277	UBERON:0003350
UBERON:0001277	UBERON:0003929
UBERON:0001277	UBERON:0004808
UBERON:0001278	UBERON:0001277
UBERON:0001279	UBERON:0034921
UBERON:0001280	UBERON:0000353
UBERON:0001280	UBERON:0004119
UBERON:0001281	UBERON:0003909
UBERON:0001281	UBERON:0015796
UBERON:0001282	UBERON:0003704
UBERON:0001282	UBERON:0014716
UBERON:0001283	UBERON:0000464
UBERON:0001284	UBERON:0000064
UBERON:0001285	UBERON:0000064
UBERON:0001286	UBERON:0000464
UBERON:0001287	UBERON:0006534
UBERON:0001287	UBERON:0006853
UBERON:0001287	UBERON:0012275
UBERON:0001288	UBERON:0007685
UBERON:0001289	UBERON:0007685
UBERON:0001290	UBERON:0006853
UBERON:0001290	UBERON:0009035
UBERON:0001291	UBERON:0009035
UBERON:0001292	UBERON:0006534
UBERON:0001292	UBERON:0006853
UBERON:0001292	UBERON:0012275
UBERON:0001293	UBERON:0000064
UBERON:0001294	UBERON:0000064
UBERON:0001295	UBERON:0019042
UBERON:0001296	UBERON:0004923
UBERON:0001296	UBERON:0005156
UBERON:0001296	UBERON:0034933
UBERON:0001297	UBERON:0000042
UBERON:0001297	UBERON:0005156
UBERON:0001298	UBERON:0008450
UBERON:0001299	UBERON:0035651
UBERON:0001300	UBERON:0005156
UBERON:0001300	UBERON:0034929
UBERON:0001301	UBERON:0000025
UBERON:0001301	UBERON:0004120
UBERON:0001301	UBERON:0005904
UBERON:0001302	UBERON:0003889
UBERON:0001303	UBERON:0003889
UBERON:0001304	UBERON:0000484
UBERON:0001304	UBERON:0004911
UBERON:0001305	UBERON:0004120
UBERON:0001305	UBERON:8450001
UBERON:0001306	UBERON:0005156
UBERON:0001306	UBERON:0034922
UBERON:0001307	UBERON:0003893
UBERON:0001307	UBERON:0005156
UBERON:0001308	UBERON:0005609
UBERON:0001309	UBERON:0005609
UBERON:0001310	UBERON:0001637
UBERON:0001310	UBERON:0010260
UBERON:0001311	UBERON:0009027
UBERON:0001312	UBERON:0003468
UBERON:0001312	UBERON:0009027
UBERON:0001313	UBERON:0001637
UBERON:0001314	UBERON:0001637
UBERON:0001315	UBERON:0001637
UBERON:0001316	UBERON:0005610
UBERON:0001317	UBERON:0005610
UBERON:0001318	UBERON:0002460
UBERON:0001319	UBERON:0001638
UBERON:0001319	UBERON:0005156
UBERON:0001320	UBERON:0001638
UBERON:0001321	UBERON:0001638
UBERON:0001322	UBERON:0001021
UBERON:0001323	UBERON:0003431
UBERON:0001324	UBERON:0003431
UBERON:0001324	UBERON:0035652
UBERON:0001325	UBERON:0003833
UBERON:0001325	UBERON:0005179
UBERON:0001326	UBERON:0001325
UBERON:0001327	UBERON:0001325
UBERON:0001327	UBERON:0015212
UBERON:0001328	UBERON:0005156
UBERON:0001328	UBERON:0009912
UBERON:0001329	UBERON:0001328
UBERON:0001330	UBERON:0001593
UBERON:0001331	UBERON:0000014
UBERON:0001331	UBERON:0005156
UBERON:0001332	UBERON:0011374
UBERON:0001333	UBERON:0000057
UBERON:0001334	UBERON:0000057
UBERON:0001335	UBERON:0013522
UBERON:0001336	UBERON:0013522
UBERON:0001337	UBERON:0005156
UBERON:0001337	UBERON:0013522
UBERON:0001338	UBERON:0000414
UBERON:0001339	UBERON:0002379
UBERON:0001340	UBERON:0001637
UBERON:0001340	UBERON:0004573
UBERON:0001340	UBERON:0005156
UBERON:0001341	UBERON:0000063
UBERON:0001342	UBERON:0002095
UBERON:0001342	UBERON:0005156
UBERON:0001343	UBERON:0000025
UBERON:0001343	UBERON:0004120
UBERON:0001343	UBERON:0005904
UBERON:0001344	UBERON:0000486
UBERON:0001344	UBERON:0004804
UBERON:0001346	UBERON:0000064
UBERON:0001346	UBERON:0005156
UBERON:0001347	UBERON:0001013
UBERON:0001348	UBERON:0001013
UBERON:0001349	UBERON:0002553
UBERON:0001350	UBERON:0004247
UBERON:0001350	UBERON:0006076
UBERON:0001350	UBERON:0008001
UBERON:0001351	UBERON:0034944
UBERON:0001352	UBERON:0004111
UBERON:0001353	UBERON:0000475
UBERON:0001354	UBERON:0006349
UBERON:0001355	UBERON:0001637
UBERON:0001356	UBERON:0001637
UBERON:0001357	UBERON:0003835
UBERON:0001357	UBERON:0015212
UBERON:0001357	UBERON:0035039
UBERON:0001358	UBERON:0001637
UBERON:0001359	UBERON:0007779
UBERON:0001360	UBERON:0035552
UBERON:0001361	UBERON:0001638
UBERON:0001361	UBERON:0003516
UBERON:0001362	UBERON:0001638
UBERON:0001363	UBERON:0007318
UBERON:0001365	UBERON:0011107
UBERON:0001365	UBERON:0015212
UBERON:0001366	UBERON:0022351
UBERON:0001367	UBERON:0003898
UBERON:0001367	UBERON:0004519
UBERON:0001367	UBERON:0004832
UBERON:0001367	UBERON:0004916
UBERON:0001367	UBERON:0007522
UBERON:0001368	UBERON:0011043
UBERON:0001368	UBERON:0011144
UBERON:0001369	UBERON:0001497
UBERON:0001370	UBERON:0002000
UBERON:0001370	UBERON:0011645
UBERON:0001371	UBERON:0002000
UBERON:0001372	UBERON:0008450
UBERON:0001373	UBERON:0001630
UBERON:0001374	UBERON:0002463
UBERON:0001375	UBERON:0002463
UBERON:0001376	UBERON:0002000
UBERON:0001377	UBERON:0003663
UBERON:0001378	UBERON:0001377
UBERON:0001379	UBERON:0001377
UBERON:0001380	UBERON:0001377
UBERON:0001381	UBERON:0002463
UBERON:0001382	UBERON:0004252
UBERON:0001382	UBERON:0011144
UBERON:0001383	UBERON:0003663
UBERON:0001384	UBERON:0002616
UBERON:0001385	UBERON:0008230
UBERON:0001386	UBERON:0000311
UBERON:0001386	UBERON:0003663
UBERON:0001387	UBERON:0009132
UBERON:0001388	UBERON:0004256
UBERON:0001389	UBERON:0004256
UBERON:0001390	UBERON:0001637
UBERON:0001391	UBERON:0001383
UBERON:0001392	UBERON:0000366
UBERON:0001392	UBERON:0001383
UBERON:0001393	UBERON:0002616
UBERON:0001394	UBERON:0001637
UBERON:0001395	UBERON:0001637
UBERON:0001396	UBERON:0001637
UBERON:0001397	UBERON:0001637
UBERON:0001398	UBERON:0001637
UBERON:0001399	UBERON:0001637
UBERON:0001399	UBERON:0003507
UBERON:0001400	UBERON:0002251
UBERON:0001401	UBERON:0000392
UBERON:0001402	UBERON:0000392
UBERON:0001403	UBERON:0000392
UBERON:0001404	UBERON:0001637
UBERON:0001405	UBERON:0011013
UBERON:0001406	UBERON:0001637
UBERON:0001407	UBERON:0011017
UBERON:0001408	UBERON:0011017
UBERON:0001409	UBERON:0011017
UBERON:0001410	UBERON:0006141
UBERON:0001411	UBERON:0003515
UBERON:0001411	UBERON:0035550
UBERON:0001412	UBERON:0004563
UBERON:0001413	UBERON:0001638
UBERON:0001413	UBERON:0003507
UBERON:0001414	UBERON:0001411
UBERON:0001415	UBERON:0003836
UBERON:0001416	UBERON:0003836
UBERON:0001417	UBERON:0000014
UBERON:0001418	UBERON:0001085
UBERON:0001419	UBERON:0000014
UBERON:0001420	UBERON:0001638
UBERON:0001421	UBERON:0007823
UBERON:0001421	UBERON:0015212
UBERON:0001422	UBERON:0001473
UBERON:0001423	UBERON:0003466
UBERON:0001423	UBERON:0003607
UBERON:0001423	UBERON:0015001
UBERON:0001424	UBERON:0003466
UBERON:0001424	UBERON:0003607
UBERON:0001424	UBERON:0015003
UBERON:0001425	UBERON:0001473
UBERON:0001426	UBERON:0001473
UBERON:0001427	UBERON:0001480
UBERON:0001428	UBERON:0001480
UBERON:0001429	UBERON:0001480
UBERON:0001429	UBERON:0007997
UBERON:0001430	UBERON:0001481
UBERON:0001430	UBERON:0015084
UBERON:0001431	UBERON:0001481
UBERON:0001431	UBERON:0015087
UBERON:0001432	UBERON:0001481
UBERON:0001432	UBERON:0015090
UBERON:0001433	UBERON:0001481
UBERON:0001433	UBERON:0015093
UBERON:0001434	UBERON:0011216
UBERON:0001435	UBERON:0003656
UBERON:0001435	UBERON:0005897
UBERON:0001435	UBERON:0015049
UBERON:0001436	UBERON:0003221
UBERON:0001436	UBERON:0003607
UBERON:0001436	UBERON:0004249
UBERON:0001436	UBERON:0015024
UBERON:0001437	UBERON:0005055
UBERON:0001438	UBERON:0005055
UBERON:0001439	UBERON:0002481
UBERON:0001440	UBERON:0004381
UBERON:0001440	UBERON:0007272
UBERON:0001441	UBERON:0004381
UBERON:0001441	UBERON:0007273
UBERON:0001442	UBERON:0006717
UBERON:0001443	UBERON:0009569
UBERON:0001444	UBERON:0000475
UBERON:0001445	UBERON:0006717
UBERON:0001446	UBERON:0002495
UBERON:0001446	UBERON:0003608
UBERON:0001446	UBERON:0004251
UBERON:0001446	UBERON:0015013
UBERON:0001447	UBERON:0003656
UBERON:0001447	UBERON:0005899
UBERON:0001447	UBERON:0015050
UBERON:0001448	UBERON:0003608
UBERON:0001448	UBERON:0003821
UBERON:0001448	UBERON:0012359
UBERON:0001448	UBERON:0015036
UBERON:0001449	UBERON:0003221
UBERON:0001449	UBERON:0003608
UBERON:0001449	UBERON:0004248
UBERON:0001449	UBERON:0015030
UBERON:0001450	UBERON:0011679
UBERON:0001450	UBERON:0015014
UBERON:0001451	UBERON:0001447
UBERON:0001451	UBERON:0012131
UBERON:0001452	UBERON:0010721
UBERON:0001452	UBERON:0015102
UBERON:0001453	UBERON:0010721
UBERON:0001453	UBERON:0015105
UBERON:0001454	UBERON:0010721
UBERON:0001454	UBERON:0015108
UBERON:0001455	UBERON:0010721
UBERON:0001456	UBERON:0001444
UBERON:0001457	UBERON:1000021
UBERON:0001458	UBERON:1000021
UBERON:0001459	UBERON:0001084
UBERON:0001460	UBERON:0006058
UBERON:0001460	UBERON:0008785
UBERON:0001461	UBERON:0002529
UBERON:0001461	UBERON:0008785
UBERON:0001463	UBERON:0006048
UBERON:0001463	UBERON:0019231
UBERON:0001464	UBERON:0000475
UBERON:0001465	UBERON:0008784
UBERON:0001466	UBERON:0002544
UBERON:0001467	UBERON:0000475
UBERON:0001468	UBERON:0002216
UBERON:0001469	UBERON:0011108
UBERON:0001470	UBERON:0011108
UBERON:0001470	UBERON:0011139
UBERON:0001470	UBERON:0016884
UBERON:0001471	UBERON:0001331
UBERON:0001472	UBERON:0001593
UBERON:0001472	UBERON:0006876
UBERON:0001473	UBERON:0000055
UBERON:0001474	UBERON:0004765
UBERON:0001476	UBERON:0001482
UBERON:0001476	UBERON:0034908
UBERON:0001477	UBERON:0001482
UBERON:0001477	UBERON:0010891
UBERON:0001477	UBERON:0034908
UBERON:0001478	UBERON:0010467
UBERON:0001479	UBERON:0013630
UBERON:0001479	UBERON:0013631
UBERON:0001480	UBERON:0001435
UBERON:0001480	UBERON:0014395
UBERON:0001480	UBERON:0015078
UBERON:0001481	UBERON:0001435
UBERON:0001481	UBERON:0002513
UBERON:0001481	UBERON:0015068
UBERON:0001481	UBERON:0018102
UBERON:0001482	UBERON:0014892
UBERON:0001483	UBERON:0000014
UBERON:0001484	UBERON:0000094
UBERON:0001485	UBERON:0003840
UBERON:0001485	UBERON:0011139
UBERON:0001486	UBERON:0011107
UBERON:0001487	UBERON:0003840
UBERON:0001487	UBERON:0003841
UBERON:0001487	UBERON:0011139
UBERON:0001488	UBERON:0003840
UBERON:0001488	UBERON:0011139
UBERON:0001489	UBERON:0003839
UBERON:0001489	UBERON:0003841
UBERON:0001489	UBERON:0011139
UBERON:0001490	UBERON:0002217
UBERON:0001490	UBERON:0003839
UBERON:0001490	UBERON:0011139
UBERON:0001491	UBERON:0001489
UBERON:0001492	UBERON:0003433
UBERON:0001493	UBERON:0003433
UBERON:0001494	UBERON:0003433
UBERON:0001495	UBERON:0003830
UBERON:0001495	UBERON:0008196
UBERON:0001496	UBERON:0001515
UBERON:0001497	UBERON:0001325
UBERON:0001497	UBERON:0010890
UBERON:0001498	UBERON:0003663
UBERON:0001499	UBERON:0003662
UBERON:0001500	UBERON:0003662
UBERON:0001501	UBERON:0014375
UBERON:0001502	UBERON:0006508
UBERON:0001502	UBERON:0014375
UBERON:0001503	UBERON:0001502
UBERON:0001504	UBERON:0014378
UBERON:0001505	UBERON:0001482
UBERON:0001505	UBERON:0004255
UBERON:0001506	UBERON:0001482
UBERON:0001506	UBERON:0001499
UBERON:0001507	UBERON:0004255
UBERON:0001508	UBERON:0001515
UBERON:0001509	UBERON:0001482
UBERON:0001509	UBERON:0004255
UBERON:0001509	UBERON:0034908
UBERON:0001510	UBERON:0001511
UBERON:0001511	UBERON:0003532
UBERON:0001512	UBERON:0001513
UBERON:0001513	UBERON:0003532
UBERON:0001513	UBERON:0015790
UBERON:0001514	UBERON:0004120
UBERON:0001514	UBERON:0005800
UBERON:0001515	UBERON:0005800
UBERON:0001516	UBERON:0005800
UBERON:0001517	UBERON:0002427
UBERON:0001518	UBERON:0001519
UBERON:0001519	UBERON:0003531
UBERON:0001519	UBERON:0015790
UBERON:0001520	UBERON:0003662
UBERON:0001521	UBERON:0000366
UBERON:0001521	UBERON:0004254
UBERON:0001522	UBERON:0000366
UBERON:0001522	UBERON:0004254
UBERON:0001523	UBERON:0000366
UBERON:0001523	UBERON:0004255
UBERON:0001524	UBERON:0011867
UBERON:0001525	UBERON:0011867
UBERON:0001526	UBERON:0011024
UBERON:0001527	UBERON:0011534
UBERON:0001528	UBERON:0003839
UBERON:0001528	UBERON:0011139
UBERON:0001529	UBERON:0004573
UBERON:0001530	UBERON:0004573
UBERON:0001531	UBERON:0001530
UBERON:0001532	UBERON:0003496
UBERON:0001532	UBERON:0005396
UBERON:0001533	UBERON:0004120
UBERON:0001533	UBERON:0004573
UBERON:0001534	UBERON:0001533
UBERON:0001534	UBERON:0015212
UBERON:0001535	UBERON:0002458
UBERON:0001536	UBERON:0001530
UBERON:0001537	UBERON:0007610
UBERON:0001538	UBERON:0007610
UBERON:0001539	UBERON:0001637
UBERON:0001539	UBERON:0003516
UBERON:0001540	UBERON:0035292
UBERON:0001541	UBERON:0001637
UBERON:0001541	UBERON:0003516
UBERON:0001542	UBERON:0003968
UBERON:0001542	UBERON:0005173
UBERON:0001543	UBERON:0003968
UBERON:0001543	UBERON:0016398
UBERON:0001544	UBERON:0001638
UBERON:0001545	UBERON:0010370
UBERON:0001546	UBERON:0010370
UBERON:0001547	UBERON:0007318
UBERON:0001548	UBERON:0001638
UBERON:0001549	UBERON:0001638
UBERON:0001550	UBERON:0001638
UBERON:0001551	UBERON:0001638
UBERON:0001551	UBERON:0004261
UBERON:0001552	UBERON:0001637
UBERON:0001552	UBERON:0003644
UBERON:0001553	UBERON:0001637
UBERON:0001553	UBERON:0003521
UBERON:0001554	UBERON:0000014
UBERON:0001555	UBERON:0000025
UBERON:0001556	UBERON:0011216
UBERON:0001557	UBERON:0000072
UBERON:0001558	UBERON:0000072
UBERON:0001560	UBERON:0034944
UBERON:0001561	UBERON:0004573
UBERON:0001562	UBERON:0008571
UBERON:0001563	UBERON:0008549
UBERON:0001564	UBERON:0008571
UBERON:0001564	UBERON:0018544
UBERON:0001565	UBERON:0008571
UBERON:0001565	UBERON:0011151
UBERON:0001566	UBERON:0006328
UBERON:0001567	UBERON:0015212
UBERON:0001567	UBERON:0034929
UBERON:0001568	UBERON:0002377
UBERON:0001568	UBERON:0003831
UBERON:0001569	UBERON:0000933
UBERON:0001570	UBERON:0001566
UBERON:0001570	UBERON:0001569
UBERON:0001571	UBERON:0001575
UBERON:0001571	UBERON:0004120
UBERON:0001572	UBERON:0001575
UBERON:0001573	UBERON:0001575
UBERON:0001574	UBERON:0000378
UBERON:0001574	UBERON:0003682
UBERON:0001575	UBERON:0000378
UBERON:0001576	UBERON:0000378
UBERON:0001576	UBERON:0004120
UBERON:0001577	UBERON:0015789
UBERON:0001578	UBERON:0003660
UBERON:0001578	UBERON:0004277
UBERON:0001579	UBERON:0001785
UBERON:0001579	UBERON:0004121
UBERON:0001580	UBERON:0001577
UBERON:0001581	UBERON:0001577
UBERON:0001581	UBERON:0013765
UBERON:0001581	UBERON:0015212
UBERON:0001582	UBERON:0001577
UBERON:0001583	UBERON:0001595
UBERON:0001584	UBERON:0001533
UBERON:0001584	UBERON:0015212
UBERON:0001585	UBERON:0004087
UBERON:0001586	UBERON:0004711
UBERON:0001587	UBERON:0001638
UBERON:0001588	UBERON:0001638
UBERON:0001589	UBERON:0005194
UBERON:0001590	UBERON:0001638
UBERON:0001591	UBERON:0001638
UBERON:0001592	UBERON:0001638
UBERON:0001593	UBERON:0004537
UBERON:0001593	UBERON:0005629
UBERON:0001594	UBERON:0001638
UBERON:0001595	UBERON:0001630
UBERON:0001596	UBERON:0001595
UBERON:0001597	UBERON:0003681
UBERON:0001598	UBERON:0003681
UBERON:0001599	UBERON:0001577
UBERON:0001599	UBERON:0004113
UBERON:0001600	UBERON:0004113
UBERON:0001600	UBERON:0018544
UBERON:0001601	UBERON:0004277
UBERON:0001601	UBERON:0010959
UBERON:0001602	UBERON:0006533
UBERON:0001603	UBERON:0006533
UBERON:0001604	UBERON:0001601
UBERON:0001605	UBERON:0003386
UBERON:0001605	UBERON:0010314
UBERON:0001605	UBERON:0011222
UBERON:0001606	UBERON:0011222
UBERON:0001607	UBERON:0001606
UBERON:0001607	UBERON:0004121
UBERON:0001607	UBERON:0004234
UBERON:0001607	UBERON:0007521
UBERON:0001608	UBERON:0004121
UBERON:0001608	UBERON:0004234
UBERON:0001609	UBERON:0000064
UBERON:0001610	UBERON:0015212
UBERON:0001610	UBERON:0035398
UBERON:0001611	UBERON:0001637
UBERON:0001612	UBERON:0035398
UBERON:0001613	UBERON:0035398
UBERON:0001614	UBERON:0001632
UBERON:0001614	UBERON:0035398
UBERON:0001615	UBERON:0013648
UBERON:0001616	UBERON:0001637
UBERON:0001617	UBERON:0001637
UBERON:0001618	UBERON:0001637
UBERON:0001619	UBERON:0001637
UBERON:0001620	UBERON:0001637
UBERON:0001620	UBERON:0003501
UBERON:0001621	UBERON:0003498
UBERON:0001621	UBERON:0004573
UBERON:0001622	UBERON:0001637
UBERON:0001623	UBERON:0015156
UBERON:0001624	UBERON:0004449
UBERON:0001625	UBERON:0001621
UBERON:0001626	UBERON:0001621
UBERON:0001627	UBERON:0004449
UBERON:0001628	UBERON:0004573
UBERON:0001628	UBERON:0006347
UBERON:0001628	UBERON:0015212
UBERON:0001629	UBERON:0034979
UBERON:0001630	UBERON:0000062
UBERON:0001630	UBERON:0005090
UBERON:0001631	UBERON:0001473
UBERON:0001632	UBERON:0001637
UBERON:0001632	UBERON:0003496
UBERON:0001633	UBERON:0003496
UBERON:0001633	UBERON:0004573
UBERON:0001633	UBERON:0035307
UBERON:0001634	UBERON:0001637
UBERON:0001635	UBERON:0003472
UBERON:0001635	UBERON:0035489
UBERON:0001636	UBERON:0003496
UBERON:0001636	UBERON:0004449
UBERON:0001636	UBERON:0015212
UBERON:0001636	UBERON:0035489
UBERON:0001637	UBERON:0003509
UBERON:0001638	UBERON:0003920
UBERON:0001639	UBERON:0002017
UBERON:0001640	UBERON:0004573
UBERON:0001640	UBERON:0012254
UBERON:0001641	UBERON:0017635
UBERON:0001642	UBERON:0015704
UBERON:0001643	UBERON:0001785
UBERON:0001644	UBERON:0001785
UBERON:0001645	UBERON:0001785
UBERON:0001646	UBERON:0001785
UBERON:0001647	UBERON:0001785
UBERON:0001647	UBERON:0010314
UBERON:0001648	UBERON:0001785
UBERON:0001648	UBERON:0004121
UBERON:0001649	UBERON:0001785
UBERON:0001650	UBERON:0001785
UBERON:0001651	UBERON:0001637
UBERON:0001652	UBERON:0001637
UBERON:0001653	UBERON:0003496
UBERON:0001653	UBERON:0009141
UBERON:0001654	UBERON:0014768
UBERON:0001655	UBERON:0003496
UBERON:0001655	UBERON:0009141
UBERON:0001656	UBERON:0001653
UBERON:0001657	UBERON:0001671
UBERON:0001658	UBERON:0001671
UBERON:0001659	UBERON:0001638
UBERON:0001660	UBERON:0001638
UBERON:0001661	UBERON:0001671
UBERON:0001661	UBERON:0035552
UBERON:0001662	UBERON:0006197
UBERON:0001663	UBERON:0001638
UBERON:0001663	UBERON:0003499
UBERON:0001664	UBERON:0001663
UBERON:0001665	UBERON:0004256
UBERON:0001666	UBERON:0001383
UBERON:0001667	UBERON:0008230
UBERON:0001668	UBERON:0001638
UBERON:0001669	UBERON:0001668
UBERON:0001670	UBERON:0001668
UBERON:0001671	UBERON:0003496
UBERON:0001671	UBERON:0009141
UBERON:0001672	UBERON:0001663
UBERON:0001673	UBERON:0003496
UBERON:0001673	UBERON:0009141
UBERON:0001674	UBERON:0001638
UBERON:0001675	UBERON:0001714
UBERON:0001675	UBERON:0001800
UBERON:0001675	UBERON:0004121
UBERON:0001676	UBERON:0010428
UBERON:0001676	UBERON:0011164
UBERON:0001677	UBERON:0002513
UBERON:0001677	UBERON:0003462
UBERON:0001677	UBERON:0008193
UBERON:0001677	UBERON:0015060
UBERON:0001678	UBERON:0008193
UBERON:0001679	UBERON:0002513
UBERON:0001679	UBERON:0003462
UBERON:0001679	UBERON:0011164
UBERON:0001680	UBERON:0003462
UBERON:0001680	UBERON:0008001
UBERON:0001680	UBERON:0008907
UBERON:0001680	UBERON:0010321
UBERON:0001680	UBERON:0015212
UBERON:0001681	UBERON:0002514
UBERON:0001681	UBERON:0003462
UBERON:0001681	UBERON:0008907
UBERON:0001681	UBERON:0010428
UBERON:0001681	UBERON:0015212
UBERON:0001682	UBERON:0008001
UBERON:0001682	UBERON:0008907
UBERON:0001682	UBERON:0010313
UBERON:0001682	UBERON:0011597
UBERON:0001682	UBERON:0012071
UBERON:0001682	UBERON:0015212
UBERON:0001683	UBERON:0003462
UBERON:0001683	UBERON:0008001
UBERON:0001683	UBERON:0008907
UBERON:0001683	UBERON:0010321
UBERON:0001683	UBERON:0015212
UBERON:0001684	UBERON:0002514
UBERON:0001684	UBERON:0004742
UBERON:0001685	UBERON:0008001
UBERON:0001686	UBERON:0003457
UBERON:0001686	UBERON:0035130
UBERON:0001687	UBERON:0001686
UBERON:0001687	UBERON:0002513
UBERON:0001687	UBERON:0010313
UBERON:0001687	UBERON:0015016
UBERON:0001688	UBERON:0001686
UBERON:0001688	UBERON:0002513
UBERON:0001688	UBERON:0015017
UBERON:0001689	UBERON:0001686
UBERON:0001689	UBERON:0002513
UBERON:0001689	UBERON:0010313
UBERON:0001689	UBERON:0015018
UBERON:0001690	UBERON:0000020
UBERON:0001690	UBERON:0010314
UBERON:0001691	UBERON:0001444
UBERON:0001691	UBERON:0015212
UBERON:0001692	UBERON:0002513
UBERON:0001692	UBERON:0011164
UBERON:0001692	UBERON:0015048
UBERON:0001693	UBERON:0002513
UBERON:0001693	UBERON:0011164
UBERON:0001693	UBERON:0015051
UBERON:0001694	UBERON:0005913
UBERON:0001695	UBERON:0002514
UBERON:0001695	UBERON:0008907
UBERON:0001695	UBERON:0011164
UBERON:0001697	UBERON:0010912
UBERON:0001697	UBERON:0015212
UBERON:0001698	UBERON:0013685
UBERON:0001699	UBERON:0004674
UBERON:0001700	UBERON:0001800
UBERON:0001700	UBERON:0009127
UBERON:0001700	UBERON:0010313
UBERON:0001701	UBERON:0009127
UBERON:0001702	UBERON:0001037
UBERON:0001703	UBERON:0011158
UBERON:0001705	UBERON:0009564
UBERON:0001706	UBERON:0003037
UBERON:0001707	UBERON:0002553
UBERON:0001708	UBERON:0010314
UBERON:0001708	UBERON:0010912
UBERON:0001709	UBERON:0000475
UBERON:0001710	UBERON:0000475
UBERON:0001711	UBERON:0000064
UBERON:0001712	UBERON:0001711
UBERON:0001713	UBERON:0001711
UBERON:0001714	UBERON:0000045
UBERON:0001715	UBERON:0007245
UBERON:0001715	UBERON:0019267
UBERON:0001716	UBERON:0007375
UBERON:0001717	UBERON:0004132
UBERON:0001717	UBERON:0007635
UBERON:0001718	UBERON:0004132
UBERON:0001718	UBERON:0006331
UBERON:0001718	UBERON:0007414
UBERON:0001718	UBERON:0009661
UBERON:0001719	UBERON:0004121
UBERON:0001719	UBERON:0007635
UBERON:0001719	UBERON:0011775
UBERON:0001720	UBERON:0007635
UBERON:0001721	UBERON:0007228
UBERON:0001722	UBERON:0007228
UBERON:0001723	UBERON:0000020
UBERON:0001723	UBERON:0013765
UBERON:0001724	UBERON:0001825
UBERON:0001725	UBERON:0002215
UBERON:0001726	UBERON:0000064
UBERON:0001727	UBERON:0000062
UBERON:0001727	UBERON:0003212
UBERON:0001727	UBERON:0004119
UBERON:0001728	UBERON:0000072
UBERON:0001729	UBERON:0013522
UBERON:0001730	UBERON:0001743
UBERON:0001731	UBERON:0000464
UBERON:0001732	UBERON:0002372
UBERON:0001732	UBERON:0012330
UBERON:0001733	UBERON:0034921
UBERON:0001734	UBERON:0004529
UBERON:0001735	UBERON:0001961
UBERON:0001735	UBERON:0001962
UBERON:0001736	UBERON:0001829
UBERON:0001737	UBERON:0000072
UBERON:0001738	UBERON:0001739
UBERON:0001739	UBERON:0003406
UBERON:0001739	UBERON:0011004
UBERON:0001740	UBERON:0001739
UBERON:0001740	UBERON:0015212
UBERON:0001741	UBERON:0001996
UBERON:0001741	UBERON:0003583
UBERON:0001742	UBERON:0001739
UBERON:0001742	UBERON:0013765
UBERON:0001743	UBERON:0008845
UBERON:0001744	UBERON:0034769
UBERON:0001745	UBERON:0000444
UBERON:0001746	UBERON:0003893
UBERON:0001747	UBERON:0000353
UBERON:0001748	UBERON:0003893
UBERON:0001749	UBERON:0000353
UBERON:0001750	UBERON:0000467
UBERON:0001751	UBERON:0010313
UBERON:0001751	UBERON:0010365
UBERON:0001751	UBERON:4000013
UBERON:0001752	UBERON:0010365
UBERON:0001752	UBERON:4000013
UBERON:0001753	UBERON:0010365
UBERON:0001754	UBERON:0011825
UBERON:0001755	UBERON:0005913
UBERON:0001756	UBERON:0034921
UBERON:0001757	UBERON:0001444
UBERON:0001758	UBERON:0000479
UBERON:0001759	UBERON:0001785
UBERON:0001759	UBERON:0010314
UBERON:0001760	UBERON:0001825
UBERON:0001761	UBERON:0016566
UBERON:0001762	UBERON:0002513
UBERON:0001762	UBERON:0005913
UBERON:0001762	UBERON:0011164
UBERON:0001762	UBERON:0035612
UBERON:0001763	UBERON:0005856
UBERON:0001763	UBERON:0007213
UBERON:0001764	UBERON:0001825
UBERON:0001765	UBERON:0000058
UBERON:0001765	UBERON:0003244
UBERON:0001765	UBERON:0003914
UBERON:0001766	UBERON:0006311
UBERON:0001767	UBERON:0006311
UBERON:0001768	UBERON:0004923
UBERON:0001768	UBERON:0010314
UBERON:0001769	UBERON:0000481
UBERON:0001769	UBERON:0004121
UBERON:0001770	UBERON:0004111
UBERON:0001771	UBERON:0000464
UBERON:0001772	UBERON:0015808
UBERON:0001773	UBERON:0000064
UBERON:0001774	UBERON:0005177
UBERON:0001774	UBERON:0014892
UBERON:0001775	UBERON:0000481
UBERON:0001775	UBERON:0004121
UBERON:0001775	UBERON:0010314
UBERON:0001776	UBERON:0002203
UBERON:0001777	UBERON:0003891
UBERON:0001778	UBERON:0000488
UBERON:0001778	UBERON:0015808
UBERON:0001779	UBERON:0003891
UBERON:0001780	UBERON:0001021
UBERON:0001781	UBERON:0022303
UBERON:0001782	UBERON:0000957
UBERON:0001782	UBERON:0001781
UBERON:0001782	UBERON:0010371
UBERON:0001782	UBERON:0015808
UBERON:0001783	UBERON:0000064
UBERON:0001785	UBERON:0011779
UBERON:0001785	UBERON:0034713
UBERON:0001786	UBERON:0000064
UBERON:0001787	UBERON:0001781
UBERON:0001788	UBERON:0007619
UBERON:0001789	UBERON:0001781
UBERON:0001790	UBERON:0001781
UBERON:0001791	UBERON:0001781
UBERON:0001792	UBERON:0001781
UBERON:0001793	UBERON:0001781
UBERON:0001794	UBERON:0007619
UBERON:0001795	UBERON:0001781
UBERON:0001796	UBERON:0006312
UBERON:0001796	UBERON:0006314
UBERON:0001797	UBERON:0006312
UBERON:0001798	UBERON:0003566
UBERON:0001798	UBERON:0011825
UBERON:0001799	UBERON:0006311
UBERON:0001800	UBERON:0000045
UBERON:0001801	UBERON:0000063
UBERON:0001802	UBERON:0000063
UBERON:0001803	UBERON:0000484
UBERON:0001803	UBERON:0015808
UBERON:0001804	UBERON:0005764
UBERON:0001805	UBERON:0003338
UBERON:0001806	UBERON:0001805
UBERON:0001807	UBERON:0001806
UBERON:0001807	UBERON:0007134
UBERON:0001808	UBERON:0001805
UBERON:0001808	UBERON:0010313
UBERON:0001809	UBERON:0001808
UBERON:0001810	UBERON:0007651
UBERON:0001811	UBERON:0000060
UBERON:0001812	UBERON:0010305
UBERON:0001813	UBERON:0001810
UBERON:0001814	UBERON:0000122
UBERON:0001814	UBERON:0001813
UBERON:0001815	UBERON:0000122
UBERON:0001815	UBERON:0001813
UBERON:0001816	UBERON:0001810
UBERON:0001817	UBERON:0002365
UBERON:0001817	UBERON:0004859
UBERON:0001817	UBERON:0015154
UBERON:0001818	UBERON:0013231
UBERON:0001818	UBERON:0015251
UBERON:0001819	UBERON:0000161
UBERON:0001820	UBERON:0002365
UBERON:0001820	UBERON:0007771
UBERON:0001820	UBERON:0019319
UBERON:0001821	UBERON:0007771
UBERON:0001821	UBERON:0012344
UBERON:0001821	UBERON:0019319
UBERON:0001822	UBERON:0000094
UBERON:0001822	UBERON:0003037
UBERON:0001823	UBERON:0002418
UBERON:0001823	UBERON:0003566
UBERON:0001823	UBERON:0007844
UBERON:0001824	UBERON:0004785
UBERON:0001825	UBERON:0002553
UBERON:0001826	UBERON:0004785
UBERON:0001827	UBERON:0000456
UBERON:0001828	UBERON:0003729
UBERON:0001829	UBERON:0001044
UBERON:0001829	UBERON:0015212
UBERON:0001830	UBERON:0001044
UBERON:0001831	UBERON:0000409
UBERON:0001831	UBERON:0001829
UBERON:0001831	UBERON:0012102
UBERON:0001832	UBERON:0001829
UBERON:0001833	UBERON:0003102
UBERON:0001834	UBERON:0001833
UBERON:0001835	UBERON:0001833
UBERON:0001836	UBERON:0000456
UBERON:0001837	UBERON:0000025
UBERON:0001837	UBERON:0003928
UBERON:0001838	UBERON:0001837
UBERON:0001839	UBERON:0034921
UBERON:0001840	UBERON:0000025
UBERON:0001841	UBERON:0001840
UBERON:0001842	UBERON:0001840
UBERON:0001843	UBERON:0001840
UBERON:0001844	UBERON:0034921
UBERON:0001845	UBERON:0006586
UBERON:0001846	UBERON:0034921
UBERON:0001847	UBERON:0034929
UBERON:0001848	UBERON:0034944
UBERON:0001849	UBERON:0000062
UBERON:0001850	UBERON:0000062
UBERON:0001850	UBERON:0004111
UBERON:0001851	UBERON:0000064
UBERON:0001852	UBERON:0006586
UBERON:0001853	UBERON:0002518
UBERON:0001854	UBERON:0002518
UBERON:0001855	UBERON:0000025
UBERON:0001856	UBERON:0000025
UBERON:0001857	UBERON:0001856
UBERON:0001858	UBERON:0001856
UBERON:0001859	UBERON:0001856
UBERON:0001860	UBERON:0000025
UBERON:0001861	UBERON:0000025
UBERON:0001862	UBERON:0000064
UBERON:0001863	UBERON:0011060
UBERON:0001863	UBERON:0013685
UBERON:0001864	UBERON:0011060
UBERON:0001864	UBERON:0013685
UBERON:0001865	UBERON:0000025
UBERON:0001866	UBERON:0000456
UBERON:0001867	UBERON:0007844
UBERON:0001868	UBERON:0001418
UBERON:0001869	UBERON:0000064
UBERON:0001869	UBERON:0015212
UBERON:0001870	UBERON:0016529
UBERON:0001871	UBERON:0016526
UBERON:0001872	UBERON:0016526
UBERON:0001873	UBERON:0009663
UBERON:0001874	UBERON:0002308
UBERON:0001874	UBERON:0009663
UBERON:0001875	UBERON:0004121
UBERON:0001875	UBERON:0009663
UBERON:0001876	UBERON:0002420
UBERON:0001876	UBERON:0005401
UBERON:0001877	UBERON:0009663
UBERON:0001878	UBERON:0009663
UBERON:0001879	UBERON:0009663
UBERON:0001880	UBERON:0009663
UBERON:0001881	UBERON:0009663
UBERON:0001882	UBERON:0009663
UBERON:0001883	UBERON:0000125
UBERON:0001883	UBERON:0009663
UBERON:0001884	UBERON:0003443
UBERON:0001885	UBERON:0002616
UBERON:0001886	UBERON:0003947
UBERON:0001886	UBERON:0005629
UBERON:0001886	UBERON:0006876
UBERON:0001886	UBERON:0036303
UBERON:0001887	UBERON:0002437
UBERON:0001888	UBERON:0034730
UBERON:0001889	UBERON:0005476
UBERON:0001890	UBERON:0002616
UBERON:0001890	UBERON:0004121
UBERON:0001891	UBERON:0002616
UBERON:0001891	UBERON:0004121
UBERON:0001891	UBERON:0010314
UBERON:0001892	UBERON:0004731
UBERON:0001893	UBERON:0002616
UBERON:0001893	UBERON:0004121
UBERON:0001894	UBERON:0002616
UBERON:0001894	UBERON:0004121
UBERON:0001894	UBERON:0010314
UBERON:0001895	UBERON:0004121
UBERON:0001895	UBERON:0004733
UBERON:0001896	UBERON:0000064
UBERON:0001897	UBERON:0002616
UBERON:0001897	UBERON:0015212
UBERON:0001898	UBERON:0002616
UBERON:0001899	UBERON:0002616
UBERON:0001900	UBERON:0002616
UBERON:0001901	UBERON:0005911
UBERON:0001901	UBERON:0008397
UBERON:0001902	UBERON:0001277
UBERON:0001903	UBERON:0015234
UBERON:0001904	UBERON:0002616
UBERON:0001905	UBERON:0003296
UBERON:0001905	UBERON:0010134
UBERON:0001906	UBERON:0015233
UBERON:0001906	UBERON:0015234
UBERON:0001907	UBERON:0015234
UBERON:0001908	UBERON:0011591
UBERON:0001909	UBERON:0005341
UBERON:0001909	UBERON:0011590
UBERON:0001909	UBERON:0025261
UBERON:0001910	UBERON:0005838
UBERON:0001911	UBERON:0002365
UBERON:0001911	UBERON:0004121
UBERON:0001911	UBERON:0019319
UBERON:0001912	UBERON:0009911
UBERON:0001913	UBERON:0006314
UBERON:0001913	UBERON:0006539
UBERON:0001914	UBERON:0006539
UBERON:0001915	UBERON:0008339
UBERON:0001916	UBERON:0004700
UBERON:0001916	UBERON:0008339
UBERON:0001917	UBERON:0003915
UBERON:0001917	UBERON:0004638
UBERON:0001917	UBERON:0004700
UBERON:0001918	UBERON:0004701
UBERON:0001918	UBERON:0008339
UBERON:0001919	UBERON:0004638
UBERON:0001919	UBERON:0004701
UBERON:0001920	UBERON:0002308
UBERON:0001920	UBERON:0015233
UBERON:0001921	UBERON:0015233
UBERON:0001922	UBERON:0015233
UBERON:0001923	UBERON:0015233
UBERON:0001924	UBERON:0015233
UBERON:0001925	UBERON:0015233
UBERON:0001925	UBERON:0015234
UBERON:0001926	UBERON:0007692
UBERON:0001926	UBERON:0015233
UBERON:0001927	UBERON:0007245
UBERON:0001927	UBERON:0019269
UBERON:0001928	UBERON:0002616
UBERON:0001929	UBERON:0006568
UBERON:0001930	UBERON:0006568
UBERON:0001931	UBERON:0006568
UBERON:0001932	UBERON:0006568
UBERON:0001933	UBERON:0000064
UBERON:0001934	UBERON:0006568
UBERON:0001935	UBERON:0006568
UBERON:0001936	UBERON:0006568
UBERON:0001937	UBERON:0006568
UBERON:0001938	UBERON:0006568
UBERON:0001939	UBERON:0006568
UBERON:0001940	UBERON:0006568
UBERON:0001941	UBERON:0008993
UBERON:0001942	UBERON:0008993
UBERON:0001943	UBERON:0002616
UBERON:0001944	UBERON:0003528
UBERON:0001944	UBERON:0007245
UBERON:0001945	UBERON:0002616
UBERON:0001945	UBERON:0006794
UBERON:0001945	UBERON:0015212
UBERON:0001946	UBERON:0002616
UBERON:0001946	UBERON:0015212
UBERON:0001947	UBERON:0006331
UBERON:0001947	UBERON:0007414
UBERON:0001947	UBERON:0009661
UBERON:0001948	UBERON:0000073
UBERON:0001949	UBERON:0002424
UBERON:0001949	UBERON:0006915
UBERON:0001949	UBERON:0035037
UBERON:0001950	UBERON:0002616
UBERON:0001951	UBERON:0003351
UBERON:0001951	UBERON:0004814
UBERON:0001952	UBERON:0003351
UBERON:0001952	UBERON:0004808
UBERON:0001953	UBERON:0000064
UBERON:0001954	UBERON:0002616
UBERON:0001955	UBERON:0002051
UBERON:0001956	UBERON:0003603
UBERON:0001957	UBERON:0004777
UBERON:0001958	UBERON:0002051
UBERON:0001959	UBERON:1000023
UBERON:0001960	UBERON:0004177
UBERON:0001960	UBERON:0005172
UBERON:0001960	UBERON:0010393
UBERON:0001961	UBERON:0012069
UBERON:0001962	UBERON:0001961
UBERON:0001963	UBERON:0001961
UBERON:0001964	UBERON:0018679
UBERON:0001965	UBERON:0000064
UBERON:0001966	UBERON:0000064
UBERON:0001967	UBERON:0005764
UBERON:0001968	UBERON:0000463
UBERON:0001969	UBERON:0000179
UBERON:0001970	UBERON:0000456
UBERON:0001970	UBERON:0006314
UBERON:0001971	UBERON:0000456
UBERON:0001972	UBERON:0018257
UBERON:0001974	UBERON:0000030
UBERON:0001975	UBERON:0000042
UBERON:0001976	UBERON:0003350
UBERON:0001976	UBERON:0003929
UBERON:0001977	UBERON:0000179
UBERON:0001978	UBERON:0000353
UBERON:0001979	UBERON:0003920
UBERON:0001979	UBERON:8410081
UBERON:0001980	UBERON:0003509
UBERON:0001980	UBERON:8410081
UBERON:0001981	UBERON:0000055
UBERON:0001982	UBERON:8410081
UBERON:0001983	UBERON:0000333
UBERON:0001984	UBERON:0001983
UBERON:0001985	UBERON:0001986
UBERON:0001985	UBERON:0010313
UBERON:0001985	UBERON:0010371
UBERON:0001985	UBERON:0015808
UBERON:0001986	UBERON:0000487
UBERON:0001986	UBERON:0012275
UBERON:0001987	UBERON:0000062
UBERON:0001987	UBERON:0005156
UBERON:0001988	UBERON:0000174
UBERON:0001989	UBERON:0001991
UBERON:0001990	UBERON:0001991
UBERON:0001991	UBERON:0001807
UBERON:0001992	UBERON:0013754
UBERON:0001993	UBERON:0013754
UBERON:0001994	UBERON:0002418
UBERON:0001995	UBERON:0002418
UBERON:0001996	UBERON:0011589
UBERON:0001997	UBERON:0005384
UBERON:0001997	UBERON:0006934
UBERON:0001997	UBERON:0010371
UBERON:0001997	UBERON:0010499
UBERON:0001998	UBERON:0002001
UBERON:0001998	UBERON:0002217
UBERON:0001999	UBERON:0000061
UBERON:0002000	UBERON:0001497
UBERON:0002001	UBERON:0000982
UBERON:0002002	UBERON:0002001
UBERON:0002002	UBERON:0002210
UBERON:0002004	UBERON:0002464
UBERON:0002005	UBERON:0011216
UBERON:0002006	UBERON:0001851
UBERON:0002007	UBERON:0000958
UBERON:0002008	UBERON:0000122
UBERON:0002008	UBERON:0001816
UBERON:0002009	UBERON:0000122
UBERON:0002009	UBERON:0001816
UBERON:0002010	UBERON:0001816
UBERON:0002011	UBERON:0001637
UBERON:0002012	UBERON:0001637
UBERON:0002012	UBERON:0013768
UBERON:0002013	UBERON:0001816
UBERON:0002014	UBERON:0001816
UBERON:0002015	UBERON:0003567
UBERON:0002015	UBERON:0011824
UBERON:0002016	UBERON:0001638
UBERON:0002016	UBERON:0013768
UBERON:0002017	UBERON:0001638
UBERON:0002018	UBERON:0007616
UBERON:0002019	UBERON:0035642
UBERON:0002020	UBERON:0011215
UBERON:0002021	UBERON:0016526
UBERON:0002022	UBERON:0005401
UBERON:0002023	UBERON:0002420
UBERON:0002023	UBERON:0005401
UBERON:0002024	UBERON:0001816
UBERON:0002025	UBERON:0013754
UBERON:0002026	UBERON:0013754
UBERON:0002027	UBERON:0013754
UBERON:0002028	UBERON:0002616
UBERON:0002028	UBERON:0004121
UBERON:0002029	UBERON:0000485
UBERON:0002029	UBERON:0034932
UBERON:0002030	UBERON:0000475
UBERON:0002030	UBERON:0004121
UBERON:0002031	UBERON:0008397
UBERON:0002032	UBERON:0034929
UBERON:0002033	UBERON:0001135
UBERON:0002034	UBERON:0006568
UBERON:0002034	UBERON:0007251
UBERON:0002035	UBERON:0006568
UBERON:0002035	UBERON:0007251
UBERON:0002036	UBERON:0002385
UBERON:0002037	UBERON:0002616
UBERON:0002038	UBERON:0009661
UBERON:0002038	UBERON:0015212
UBERON:0002039	UBERON:0012193
UBERON:0002040	UBERON:0004573
UBERON:0002041	UBERON:0002185
UBERON:0002042	UBERON:0004852
UBERON:0002043	UBERON:0007415
UBERON:0002044	UBERON:0006331
UBERON:0002044	UBERON:0007414
UBERON:0002044	UBERON:0009661
UBERON:0002045	UBERON:0018238
UBERON:0002046	UBERON:0002368
UBERON:0002046	UBERON:0004119
UBERON:0002046	UBERON:0010314
UBERON:0002047	UBERON:0006331
UBERON:0002047	UBERON:0009662
UBERON:0002048	UBERON:0000171
UBERON:0002048	UBERON:0005178
UBERON:0002048	UBERON:0015212
UBERON:0002049	UBERON:0000477
UBERON:0002050	UBERON:0005423
UBERON:0002051	UBERON:0000115
UBERON:0002051	UBERON:0003350
UBERON:0002051	UBERON:0004802
UBERON:0002051	UBERON:0008397
UBERON:0002052	UBERON:0003893
UBERON:0002053	UBERON:0009753
UBERON:0002054	UBERON:0009753
UBERON:0002055	UBERON:0009753
UBERON:0002056	UBERON:0005624
UBERON:0002057	UBERON:0004573
UBERON:0002058	UBERON:0001714
UBERON:0002058	UBERON:0035783
UBERON:0002059	UBERON:0001808
UBERON:0002060	UBERON:0001637
UBERON:0002061	UBERON:0001637
UBERON:0002061	UBERON:0002050
UBERON:0002061	UBERON:0003498
UBERON:0002062	UBERON:0002050
UBERON:0002062	UBERON:0003104
UBERON:0002062	UBERON:0005256
UBERON:0002062	UBERON:0009751
UBERON:0002062	UBERON:0014387
UBERON:0002063	UBERON:0004120
UBERON:0002063	UBERON:0004151
UBERON:0002064	UBERON:0002050
UBERON:0002064	UBERON:0003513
UBERON:0002064	UBERON:0004344
UBERON:0002065	UBERON:0003513
UBERON:0002065	UBERON:0004344
UBERON:0002066	UBERON:0001638
UBERON:0002066	UBERON:0010260
UBERON:0002067	UBERON:0004923
UBERON:0002067	UBERON:0010314
UBERON:0002067	UBERON:0013754
UBERON:0002068	UBERON:0000481
UBERON:0002069	UBERON:0013754
UBERON:0002070	UBERON:0009658
UBERON:0002071	UBERON:0013754
UBERON:0002072	UBERON:0004120
UBERON:0002072	UBERON:0004923
UBERON:0002072	UBERON:0013754
UBERON:0002073	UBERON:0036150
UBERON:0002074	UBERON:0000021
UBERON:0002075	UBERON:0005177
UBERON:0002076	UBERON:0000119
UBERON:0002077	UBERON:0001851
UBERON:0002078	UBERON:0002081
UBERON:0002078	UBERON:0035554
UBERON:0002079	UBERON:0002081
UBERON:0002079	UBERON:0035553
UBERON:0002080	UBERON:0002082
UBERON:0002080	UBERON:0035554
UBERON:0002081	UBERON:0004120
UBERON:0002081	UBERON:0004151
UBERON:0002082	UBERON:0004120
UBERON:0002082	UBERON:0004151
UBERON:0002083	UBERON:0001638
UBERON:0002084	UBERON:0002082
UBERON:0002084	UBERON:0035553
UBERON:0002085	UBERON:0002099
UBERON:0002086	UBERON:0000946
UBERON:0002086	UBERON:0002050
UBERON:0002087	UBERON:0002050
UBERON:0002088	UBERON:0005194
UBERON:0002089	UBERON:0001638
UBERON:0002090	UBERON:0010912
UBERON:0002091	UBERON:0010912
UBERON:0002092	UBERON:0002363
UBERON:0002092	UBERON:0003547
UBERON:0002093	UBERON:0002363
UBERON:0002093	UBERON:0003292
UBERON:0002094	UBERON:0002099
UBERON:0002095	UBERON:0000042
UBERON:0002097	UBERON:0000062
UBERON:0002097	UBERON:0010314
UBERON:0002098	UBERON:0006983
UBERON:0002099	UBERON:0003037
UBERON:0002100	UBERON:0011676
UBERON:0002101	UBERON:0004708
UBERON:0002102	UBERON:0002101
UBERON:0002102	UBERON:0004710
UBERON:0002103	UBERON:0002101
UBERON:0002103	UBERON:0004709
UBERON:0002104	UBERON:0001032
UBERON:0002105	UBERON:0001032
UBERON:0002106	UBERON:0004177
UBERON:0002106	UBERON:0005057
UBERON:0002106	UBERON:0017672
UBERON:0002107	UBERON:0002365
UBERON:0002107	UBERON:0004119
UBERON:0002107	UBERON:0005172
UBERON:0002107	UBERON:0006925
UBERON:0002108	UBERON:0004921
UBERON:0002108	UBERON:0013765
UBERON:0002109	UBERON:0034925
UBERON:0002110	UBERON:0004119
UBERON:0002110	UBERON:0013765
UBERON:0002110	UBERON:0017672
UBERON:0002110	UBERON:0018707
UBERON:0002111	UBERON:0004237
UBERON:0002111	UBERON:0004695
UBERON:0002112	UBERON:0001135
UBERON:0002113	UBERON:0000489
UBERON:0002113	UBERON:0005172
UBERON:0002113	UBERON:0015212
UBERON:0002114	UBERON:0004921
UBERON:0002115	UBERON:0004921
UBERON:0002116	UBERON:0004921
UBERON:0002118	UBERON:0000992
UBERON:0002118	UBERON:0015212
UBERON:0002119	UBERON:0000992
UBERON:0002119	UBERON:0015212
UBERON:0002120	UBERON:0002113
UBERON:0002120	UBERON:0004120
UBERON:0002120	UBERON:0005423
UBERON:0002122	UBERON:0003893
UBERON:0002123	UBERON:0001851
UBERON:0002124	UBERON:0000958
UBERON:0002125	UBERON:0009911
UBERON:0002126	UBERON:0007245
UBERON:0002126	UBERON:0019263
UBERON:0002127	UBERON:0007245
UBERON:0002127	UBERON:0019263
UBERON:0002128	UBERON:0007245
UBERON:0002128	UBERON:0019263
UBERON:0002129	UBERON:0019263
UBERON:0002130	UBERON:0007245
UBERON:0002130	UBERON:0019263
UBERON:0002131	UBERON:0005293
UBERON:0002132	UBERON:0008995
UBERON:0002133	UBERON:0000946
UBERON:0002134	UBERON:0002133
UBERON:0002134	UBERON:0005208
UBERON:0002135	UBERON:0002133
UBERON:0002136	UBERON:0005401
UBERON:0002137	UBERON:0005623
UBERON:0002138	UBERON:0001019
UBERON:0002138	UBERON:0005838
UBERON:0002139	UBERON:0010134
UBERON:0002140	UBERON:0011214
UBERON:0002141	UBERON:0006331
UBERON:0002141	UBERON:0007414
UBERON:0002141	UBERON:0009661
UBERON:0002142	UBERON:0007415
UBERON:0002143	UBERON:0006331
UBERON:0002143	UBERON:0007414
UBERON:0002143	UBERON:0009661
UBERON:0002144	UBERON:0006331
UBERON:0002144	UBERON:0007414
UBERON:0002144	UBERON:0009661
UBERON:0002145	UBERON:0006331
UBERON:0002145	UBERON:0007414
UBERON:0002145	UBERON:0009661
UBERON:0002146	UBERON:0005623
UBERON:0002147	UBERON:0006331
UBERON:0002147	UBERON:0009662
UBERON:0002148	UBERON:0006331
UBERON:0002148	UBERON:0009662
UBERON:0002148	UBERON:8440015
UBERON:0002149	UBERON:0000126
UBERON:0002149	UBERON:0004121
UBERON:0002149	UBERON:0004133
UBERON:0002149	UBERON:0007635
UBERON:0002150	UBERON:0007416
UBERON:0002151	UBERON:0006331
UBERON:0002151	UBERON:0009662
UBERON:0002152	UBERON:0007416
UBERON:0002152	UBERON:0019292
UBERON:0002153	UBERON:0008995
UBERON:0002154	UBERON:0007635
UBERON:0002155	UBERON:0007635
UBERON:0002156	UBERON:0007635
UBERON:0002157	UBERON:0007635
UBERON:0002158	UBERON:0007244
UBERON:0002159	UBERON:0007244
UBERON:0002160	UBERON:0007635
UBERON:0002161	UBERON:0018238
UBERON:0002162	UBERON:0010135
UBERON:0002163	UBERON:0007416
UBERON:0002163	UBERON:0014649
UBERON:0002164	UBERON:0007702
UBERON:0002165	UBERON:0002523
UBERON:0002165	UBERON:0004120
UBERON:0002165	UBERON:0005983
UBERON:0002166	UBERON:0002165
UBERON:0002167	UBERON:0002048
UBERON:0002168	UBERON:0002048
UBERON:0002169	UBERON:0000115
UBERON:0002169	UBERON:0000117
UBERON:0002169	UBERON:0007499
UBERON:0002170	UBERON:0006518
UBERON:0002170	UBERON:0008948
UBERON:0002171	UBERON:0006518
UBERON:0002171	UBERON:0008949
UBERON:0002172	UBERON:0000064
UBERON:0002173	UBERON:0000117
UBERON:0002174	UBERON:0006518
UBERON:0002174	UBERON:0008955
UBERON:0002175	UBERON:0011777
UBERON:0002176	UBERON:0011777
UBERON:0002177	UBERON:0002182
UBERON:0002178	UBERON:0002182
UBERON:0002179	UBERON:0006127
UBERON:0002180	UBERON:0006127
UBERON:0002180	UBERON:0015212
UBERON:0002181	UBERON:0016570
UBERON:0002182	UBERON:0002185
UBERON:0002183	UBERON:0035767
UBERON:0002184	UBERON:0035767
UBERON:0002185	UBERON:0000117
UBERON:0002186	UBERON:0000117
UBERON:0002187	UBERON:0002186
UBERON:0002188	UBERON:0002186
UBERON:0002189	UBERON:0001225
UBERON:0002190	UBERON:0001013
UBERON:0002191	UBERON:0002616
UBERON:0002192	UBERON:0000464
UBERON:0002193	UBERON:0000467
UBERON:0002194	UBERON:0003893
UBERON:0002195	UBERON:0000440
UBERON:0002196	UBERON:0000064
UBERON:0002196	UBERON:0004121
UBERON:0002196	UBERON:0005156
UBERON:0002197	UBERON:0003296
UBERON:0002197	UBERON:0003937
UBERON:0002197	UBERON:0010134
UBERON:0002198	UBERON:0003296
UBERON:0002198	UBERON:0003937
UBERON:0002198	UBERON:0004121
UBERON:0002198	UBERON:0010134
UBERON:0002199	UBERON:0010314
UBERON:0002199	UBERON:0011216
UBERON:0002200	UBERON:0002049
UBERON:0002201	UBERON:0002049
UBERON:0002202	UBERON:0004777
UBERON:0002203	UBERON:0002200
UBERON:0002203	UBERON:0006876
UBERON:0002204	UBERON:0000467
UBERON:0002205	UBERON:0005181
UBERON:0002205	UBERON:0010363
UBERON:0002206	UBERON:0000064
UBERON:0002207	UBERON:4100000
UBERON:0002208	UBERON:0002513
UBERON:0002208	UBERON:0003827
UBERON:0002209	UBERON:0011134
UBERON:0002210	UBERON:0002209
UBERON:0002210	UBERON:0002213
UBERON:0002211	UBERON:0000122
UBERON:0002212	UBERON:0000054
UBERON:0002213	UBERON:0011134
UBERON:0002214	UBERON:0000054
UBERON:0002215	UBERON:0002209
UBERON:0002215	UBERON:0002213
UBERON:0002216	UBERON:0002209
UBERON:0002216	UBERON:0002213
UBERON:0002217	UBERON:0000982
UBERON:0002218	UBERON:0002514
UBERON:0002218	UBERON:0003457
UBERON:0002219	UBERON:0010135
UBERON:0002221	UBERON:0002209
UBERON:0002221	UBERON:0003685
UBERON:0002222	UBERON:0002384
UBERON:0002223	UBERON:0006937
UBERON:0002223	UBERON:0007499
UBERON:0002224	UBERON:0000464
UBERON:0002225	UBERON:0006800
UBERON:0002226	UBERON:0005764
UBERON:0002227	UBERON:0000020
UBERON:0002228	UBERON:0002513
UBERON:0002228	UBERON:0015019
UBERON:0002229	UBERON:0008907
UBERON:0002229	UBERON:0011164
UBERON:0002230	UBERON:0005913
UBERON:0002231	UBERON:0005913
UBERON:0002232	UBERON:0012278
UBERON:0002233	UBERON:0000061
UBERON:0002233	UBERON:0005764
UBERON:0002234	UBERON:0001436
UBERON:0002234	UBERON:0004302
UBERON:0002235	UBERON:0005813
UBERON:0002235	UBERON:4100000
UBERON:0002236	UBERON:0007844
UBERON:0002237	UBERON:0002228
UBERON:0002238	UBERON:0002228
UBERON:0002239	UBERON:0002238
UBERON:0002240	UBERON:0000489
UBERON:0002240	UBERON:0004121
UBERON:0002240	UBERON:0005174
UBERON:0002240	UBERON:0010314
UBERON:0002241	UBERON:0011159
UBERON:0002242	UBERON:0000062
UBERON:0002242	UBERON:0002384
UBERON:0002242	UBERON:0004121
UBERON:0002243	UBERON:0001638
UBERON:0002244	UBERON:0002514
UBERON:0002244	UBERON:0008907
UBERON:0002244	UBERON:0010313
UBERON:0002244	UBERON:0011597
UBERON:0002245	UBERON:0002749
UBERON:0002245	UBERON:0015212
UBERON:0002246	UBERON:0011777
UBERON:0002247	UBERON:0000064
UBERON:0002247	UBERON:0005156
UBERON:0002247	UBERON:0015212
UBERON:0002248	UBERON:0010279
UBERON:0002249	UBERON:0001637
UBERON:0002249	UBERON:0004259
UBERON:0002250	UBERON:0001637
UBERON:0002251	UBERON:0004518
UBERON:0002252	UBERON:0002324
UBERON:0002252	UBERON:0004518
UBERON:0002254	UBERON:0000025
UBERON:0002254	UBERON:0006590
UBERON:0002255	UBERON:0000020
UBERON:0002255	UBERON:0004121
UBERON:0002256	UBERON:0015212
UBERON:0002256	UBERON:0016550
UBERON:0002257	UBERON:0015212
UBERON:0002257	UBERON:0016550
UBERON:0002258	UBERON:0006127
UBERON:0002258	UBERON:0015212
UBERON:0002259	UBERON:0000064
UBERON:0002260	UBERON:0009623
UBERON:0002261	UBERON:0009623
UBERON:0002262	UBERON:0003964
UBERON:0002263	UBERON:0002308
UBERON:0002263	UBERON:0009663
UBERON:0002264	UBERON:0002616
UBERON:0002264	UBERON:0015212
UBERON:0002265	UBERON:0007702
UBERON:0002266	UBERON:0009663
UBERON:0002267	UBERON:0006331
UBERON:0002267	UBERON:0007414
UBERON:0002268	UBERON:0000020
UBERON:0002269	UBERON:0000158
UBERON:0002270	UBERON:0001637
UBERON:0002270	UBERON:0003499
UBERON:0002270	UBERON:0005492
UBERON:0002271	UBERON:0000064
UBERON:0002272	UBERON:0000064
UBERON:0002273	UBERON:0000064
UBERON:0002274	UBERON:0006568
UBERON:0002275	UBERON:0002616
UBERON:0002276	UBERON:0000064
UBERON:0002277	UBERON:0000093
UBERON:0002278	UBERON:0002553
UBERON:0002279	UBERON:0013685
UBERON:0002280	UBERON:0000476
UBERON:0002281	UBERON:0000094
UBERON:0002282	UBERON:0000064
UBERON:0002282	UBERON:0010314
UBERON:0002283	UBERON:0000479
UBERON:0002284	UBERON:0002027
UBERON:0002285	UBERON:0004086
UBERON:0002286	UBERON:0004086
UBERON:0002287	UBERON:0002553
UBERON:0002288	UBERON:0001886
UBERON:0002289	UBERON:0004086
UBERON:0002290	UBERON:0001886
UBERON:0002290	UBERON:0006694
UBERON:0002291	UBERON:0004111
UBERON:0002291	UBERON:0004121
UBERON:0002292	UBERON:0002001
UBERON:0002292	UBERON:0002217
UBERON:0002293	UBERON:0002001
UBERON:0002293	UBERON:0002215
UBERON:0002294	UBERON:0011216
UBERON:0002295	UBERON:0011060
UBERON:0002295	UBERON:0013685
UBERON:0002296	UBERON:0002050
UBERON:0002296	UBERON:0006598
UBERON:0002297	UBERON:0001089
UBERON:0002298	UBERON:0000481
UBERON:0002298	UBERON:0002616
UBERON:0002299	UBERON:0003215
UBERON:0002301	UBERON:0022303
UBERON:0002301	UBERON:8440004
UBERON:0002302	UBERON:0002349
UBERON:0002303	UBERON:0000061
UBERON:0002304	UBERON:0011215
UBERON:0002304	UBERON:0022303
UBERON:0002305	UBERON:0011215
UBERON:0002305	UBERON:0016548
UBERON:0002306	UBERON:0016553
UBERON:0002307	UBERON:0001886
UBERON:0002308	UBERON:0000125
UBERON:0002309	UBERON:0005838
UBERON:0002310	UBERON:0011215
UBERON:0002313	UBERON:0002305
UBERON:0002314	UBERON:0002616
UBERON:0002315	UBERON:0002020
UBERON:0002316	UBERON:0011215
UBERON:0002317	UBERON:0002316
UBERON:0002318	UBERON:0002316
UBERON:0002319	UBERON:0000119
UBERON:0002320	UBERON:0003891
UBERON:0002321	UBERON:0003891
UBERON:0002322	UBERON:0002308
UBERON:0002323	UBERON:0002553
UBERON:0002324	UBERON:0001774
UBERON:0002324	UBERON:0005174
UBERON:0002325	UBERON:0003914
UBERON:0002325	UBERON:0005911
UBERON:0002325	UBERON:0006555
UBERON:0002326	UBERON:0000030
UBERON:0002327	UBERON:0005476
UBERON:0002328	UBERON:0000062
UBERON:0002328	UBERON:0000481
UBERON:0002328	UBERON:0004121
UBERON:0002329	UBERON:0005423
UBERON:0002329	UBERON:0007503
UBERON:0002330	UBERON:0000467
UBERON:0002331	UBERON:0000478
UBERON:0002333	UBERON:0001637
UBERON:0002334	UBERON:0001837
UBERON:0002335	UBERON:0004211
UBERON:0002336	UBERON:0002473
UBERON:0002336	UBERON:0005340
UBERON:0002337	UBERON:0003891
UBERON:0002337	UBERON:0005156
UBERON:0002338	UBERON:0000031
UBERON:0002339	UBERON:0000115
UBERON:0002339	UBERON:0002031
UBERON:0002340	UBERON:0002031
UBERON:0002341	UBERON:0000115
UBERON:0002341	UBERON:0002031
UBERON:0002341	UBERON:0006934
UBERON:0002342	UBERON:0004121
UBERON:0002342	UBERON:0010316
UBERON:0002343	UBERON:0004479
UBERON:0002345	UBERON:0013522
UBERON:0002346	UBERON:0000923
UBERON:0002346	UBERON:0004121
UBERON:0002347	UBERON:0002412
UBERON:0002347	UBERON:0003827
UBERON:0002347	UBERON:0004247
UBERON:0002347	UBERON:0015008
UBERON:0002348	UBERON:0000481
UBERON:0002349	UBERON:0005983
UBERON:0002349	UBERON:0018260
UBERON:0002350	UBERON:0004493
UBERON:0002350	UBERON:0010131
UBERON:0002351	UBERON:0003379
UBERON:0002351	UBERON:0010131
UBERON:0002352	UBERON:0004491
UBERON:0002352	UBERON:0004493
UBERON:0002352	UBERON:0010131
UBERON:0002353	UBERON:0010131
UBERON:0002353	UBERON:0018649
UBERON:0002354	UBERON:0010131
UBERON:0002354	UBERON:0018649
UBERON:0002355	UBERON:0000475
UBERON:0002356	UBERON:0009569
UBERON:0002357	UBERON:0000042
UBERON:0002358	UBERON:0000042
UBERON:0002359	UBERON:0000094
UBERON:0002359	UBERON:0005181
UBERON:0002360	UBERON:0000094
UBERON:0002360	UBERON:0004121
UBERON:0002361	UBERON:0000391
UBERON:0002362	UBERON:0000391
UBERON:0002363	UBERON:0002360
UBERON:0002364	UBERON:0000094
UBERON:0002365	UBERON:0002530
UBERON:0002366	UBERON:0000414
UBERON:0002366	UBERON:0006868
UBERON:0002366	UBERON:0010147
UBERON:0002366	UBERON:0010186
UBERON:0002367	UBERON:0004119
UBERON:0002367	UBERON:0010147
UBERON:0002368	UBERON:0002530
UBERON:0002369	UBERON:0005172
UBERON:0002369	UBERON:0006858
UBERON:0002369	UBERON:0010314
UBERON:0002369	UBERON:0015212
UBERON:0002370	UBERON:0002368
UBERON:0002370	UBERON:0004119
UBERON:0002370	UBERON:0004177
UBERON:0002370	UBERON:0005057
UBERON:0002370	UBERON:0005058
UBERON:0002371	UBERON:0000479
UBERON:0002372	UBERON:0001961
UBERON:0002372	UBERON:0001962
UBERON:0002373	UBERON:0002372
UBERON:0002374	UBERON:0003607
UBERON:0002374	UBERON:0003821
UBERON:0002374	UBERON:0012358
UBERON:0002374	UBERON:0015042
UBERON:0002375	UBERON:0001739
UBERON:0002376	UBERON:0004120
UBERON:0002376	UBERON:0010959
UBERON:0002377	UBERON:0010959
UBERON:0002378	UBERON:0003833
UBERON:0002378	UBERON:0005172
UBERON:0002379	UBERON:0001325
UBERON:0002380	UBERON:0001482
UBERON:0002380	UBERON:0010313
UBERON:0002381	UBERON:0001482
UBERON:0002381	UBERON:0001495
UBERON:0002382	UBERON:0002461
UBERON:0002383	UBERON:0001482
UBERON:0002383	UBERON:0010891
UBERON:0002383	UBERON:0034908
UBERON:0002384	UBERON:0000479
UBERON:0002385	UBERON:0000479
UBERON:0002385	UBERON:0004120
UBERON:0002386	UBERON:0002471
UBERON:0002386	UBERON:0008785
UBERON:0002387	UBERON:0002470
UBERON:0002387	UBERON:0008784
UBERON:0002389	UBERON:0002544
UBERON:0002390	UBERON:0000467
UBERON:0002390	UBERON:0004120
UBERON:0002391	UBERON:0000179
UBERON:0002392	UBERON:0000025
UBERON:0002392	UBERON:0000058
UBERON:0002393	UBERON:0000062
UBERON:0002394	UBERON:0000025
UBERON:0002394	UBERON:0003928
UBERON:0002394	UBERON:0004119
UBERON:0002395	UBERON:0011679
UBERON:0002396	UBERON:0008001
UBERON:0002396	UBERON:0011597
UBERON:0002396	UBERON:0012071
UBERON:0002397	UBERON:0002514
UBERON:0002397	UBERON:0008193
UBERON:0002397	UBERON:0008907
UBERON:0002397	UBERON:0010313
UBERON:0002397	UBERON:0011597
UBERON:0002397	UBERON:0015212
UBERON:0002398	UBERON:0002470
UBERON:0002398	UBERON:0008785
UBERON:0002399	UBERON:0003688
UBERON:0002399	UBERON:0004120
UBERON:0002399	UBERON:0009870
UBERON:0002400	UBERON:0004923
UBERON:0002401	UBERON:0022350
UBERON:0002402	UBERON:0035809
UBERON:0002403	UBERON:0001111
UBERON:0002404	UBERON:0002426
UBERON:0002405	UBERON:0015203
UBERON:0002406	UBERON:0005181
UBERON:0002406	UBERON:0005906
UBERON:0002407	UBERON:0000481
UBERON:0002408	UBERON:0022351
UBERON:0002409	UBERON:0007794
UBERON:0002409	UBERON:0036217
UBERON:0002410	UBERON:0011216
UBERON:0002411	UBERON:0000062
UBERON:0002411	UBERON:0005156
UBERON:0002412	UBERON:0002513
UBERON:0002412	UBERON:0008001
UBERON:0002412	UBERON:0010913
UBERON:0002413	UBERON:0003458
UBERON:0002413	UBERON:0004247
UBERON:0002413	UBERON:0004451
UBERON:0002413	UBERON:0015007
UBERON:0002414	UBERON:0002412
UBERON:0002414	UBERON:0003828
UBERON:0002414	UBERON:0004247
UBERON:0002414	UBERON:0015009
UBERON:0002415	UBERON:0011676
UBERON:0002416	UBERON:0000467
UBERON:0002417	UBERON:0009569
UBERON:0002417	UBERON:0011676
UBERON:0002418	UBERON:0004755
UBERON:0002419	UBERON:0003297
UBERON:0002419	UBERON:0006003
UBERON:0002420	UBERON:0003528
UBERON:0002420	UBERON:0007245
UBERON:0002421	UBERON:0002616
UBERON:0002422	UBERON:0004086
UBERON:0002423	UBERON:0011216
UBERON:0002424	UBERON:0003350
UBERON:0002424	UBERON:0003929
UBERON:0002425	UBERON:0022350
UBERON:0002426	UBERON:0003830
UBERON:0002426	UBERON:0005175
UBERON:0002427	UBERON:0003531
UBERON:0002428	UBERON:0002513
UBERON:0002428	UBERON:0004375
UBERON:0002428	UBERON:0015061
UBERON:0002429	UBERON:0000029
UBERON:0002430	UBERON:0002616
UBERON:0002432	UBERON:0000064
UBERON:0002432	UBERON:0005156
UBERON:0002433	UBERON:0000064
UBERON:0002433	UBERON:0005156
UBERON:0002434	UBERON:0002616
UBERON:0002434	UBERON:0005156
UBERON:0002435	UBERON:0011300
UBERON:0002436	UBERON:0035014
UBERON:0002436	UBERON:8440011
UBERON:0002437	UBERON:0011299
UBERON:0002438	UBERON:0006331
UBERON:0002438	UBERON:0007414
UBERON:0002438	UBERON:0009661
UBERON:0002439	UBERON:0000429
UBERON:0002440	UBERON:0001991
UBERON:0002441	UBERON:0001991
UBERON:0002442	UBERON:0002464
UBERON:0002443	UBERON:0003496
UBERON:0002444	UBERON:0034944
UBERON:0002445	UBERON:0001480
UBERON:0002446	UBERON:0001479
UBERON:0002446	UBERON:0005893
UBERON:0002446	UBERON:0011141
UBERON:0002447	UBERON:0000414
UBERON:0002447	UBERON:0001830
UBERON:0002448	UBERON:0001726
UBERON:0002448	UBERON:0014389
UBERON:0002450	UBERON:0000478
UBERON:0002451	UBERON:0000414
UBERON:0002451	UBERON:0005398
UBERON:0002453	UBERON:0001825
UBERON:0002454	UBERON:0001637
UBERON:0002455	UBERON:0006138
UBERON:0002456	UBERON:0004573
UBERON:0002457	UBERON:0001637
UBERON:0002457	UBERON:0014907
UBERON:0002458	UBERON:0004573
UBERON:0002459	UBERON:0014769
UBERON:0002460	UBERON:0001638
UBERON:0002461	UBERON:0002378
UBERON:0002462	UBERON:0001015
UBERON:0002462	UBERON:0003897
UBERON:0002462	UBERON:0004518
UBERON:0002463	UBERON:0004252
UBERON:0002464	UBERON:0000122
UBERON:0002465	UBERON:0000467
UBERON:0002466	UBERON:0000456
UBERON:0002467	UBERON:0001726
UBERON:0002468	UBERON:0014389
UBERON:0002469	UBERON:0000344
UBERON:0002470	UBERON:0002529
UBERON:0002471	UBERON:0002529
UBERON:0002472	UBERON:0002529
UBERON:0002473	UBERON:0019294
UBERON:0002474	UBERON:0002616
UBERON:0002475	UBERON:0003431
UBERON:0002476	UBERON:0005401
UBERON:0002477	UBERON:0005401
UBERON:0002478	UBERON:0002513
UBERON:0002478	UBERON:0003462
UBERON:0002478	UBERON:0004120
UBERON:0002478	UBERON:0011164
UBERON:0002478	UBERON:0015059
UBERON:0002478	UBERON:0015212
UBERON:0002479	UBERON:0015233
UBERON:0002480	UBERON:0015233
UBERON:0002481	UBERON:0004755
UBERON:0002482	UBERON:0002481
UBERON:0002483	UBERON:0002481
UBERON:0002484	UBERON:0002553
UBERON:0002485	UBERON:0004119
UBERON:0002485	UBERON:0005904
UBERON:0002486	UBERON:0000061
UBERON:0002487	UBERON:0002558
UBERON:0002488	UBERON:0001444
UBERON:0002489	UBERON:0003685
UBERON:0002490	UBERON:0003685
UBERON:0002491	UBERON:0003685
UBERON:0002492	UBERON:0003685
UBERON:0002493	UBERON:0001190
UBERON:0002493	UBERON:0005156
UBERON:0002493	UBERON:0015212
UBERON:0002494	UBERON:0000064
UBERON:0002495	UBERON:0001474
UBERON:0002496	UBERON:0005913
UBERON:0002497	UBERON:0004530
UBERON:0002498	UBERON:0005813
UBERON:0002498	UBERON:4100000
UBERON:0002499	UBERON:0000064
UBERON:0002500	UBERON:0003462
UBERON:0002500	UBERON:0011164
UBERON:0002500	UBERON:0015212
UBERON:0002501	UBERON:0013685
UBERON:0002501	UBERON:0036253
UBERON:0002502	UBERON:0013685
UBERON:0002502	UBERON:0036253
UBERON:0002503	UBERON:0000980
UBERON:0002504	UBERON:0000980
UBERON:0002505	UBERON:0001637
UBERON:0002505	UBERON:0003496
UBERON:0002506	UBERON:0000488
UBERON:0002506	UBERON:0015808
UBERON:0002507	UBERON:0000029
UBERON:0002507	UBERON:0005172
UBERON:0002508	UBERON:0015860
UBERON:0002509	UBERON:0015860
UBERON:0002510	UBERON:0002221
UBERON:0002511	UBERON:0000440
UBERON:0002512	UBERON:0002368
UBERON:0002512	UBERON:0003134
UBERON:0002512	UBERON:0004120
UBERON:0002512	UBERON:0005398
UBERON:0002513	UBERON:0001474
UBERON:0002513	UBERON:0010363
UBERON:0002514	UBERON:0001474
UBERON:0002515	UBERON:0000158
UBERON:0002516	UBERON:0001994
UBERON:0002517	UBERON:0000075
UBERON:0002518	UBERON:0006585
UBERON:0002519	UBERON:0005764
UBERON:0002520	UBERON:0003968
UBERON:0002521	UBERON:0002384
UBERON:0002522	UBERON:0004797
UBERON:0002523	UBERON:0004923
UBERON:0002524	UBERON:0005178
UBERON:0002524	UBERON:0007644
UBERON:0002525	UBERON:0000029
UBERON:0002526	UBERON:0002507
UBERON:0002527	UBERON:0002507
UBERON:0002528	UBERON:0005179
UBERON:0002528	UBERON:8470001
UBERON:0002529	UBERON:0010538
UBERON:0002530	UBERON:0000062
UBERON:0002531	UBERON:0004357
UBERON:0002532	UBERON:0002050
UBERON:0002533	UBERON:0002050
UBERON:0002534	UBERON:0004708
UBERON:0002534	UBERON:0008897
UBERON:0002535	UBERON:0000062
UBERON:0002536	UBERON:0000020
UBERON:0002537	UBERON:0000991
UBERON:0002538	UBERON:0002530
UBERON:0002539	UBERON:0000481
UBERON:0002539	UBERON:0010188
UBERON:0002539	UBERON:0010314
UBERON:0002540	UBERON:0001032
UBERON:0002541	UBERON:0002050
UBERON:0002542	UBERON:0003102
UBERON:0002544	UBERON:0005881
UBERON:0002546	UBERON:0005085
UBERON:0002547	UBERON:0002548
UBERON:0002548	UBERON:0000468
UBERON:0002549	UBERON:0004171
UBERON:0002549	UBERON:0007702
UBERON:0002550	UBERON:0002616
UBERON:0002551	UBERON:0006331
UBERON:0002551	UBERON:0007414
UBERON:0002551	UBERON:0009661
UBERON:0002552	UBERON:0007702
UBERON:0002553	UBERON:0000464
UBERON:0002555	UBERON:0002616
UBERON:0002556	UBERON:0007702
UBERON:0002557	UBERON:0006331
UBERON:0002557	UBERON:0007414
UBERON:0002557	UBERON:0009661
UBERON:0002558	UBERON:0002553
UBERON:0002559	UBERON:0007245
UBERON:0002559	UBERON:0019263
UBERON:0002560	UBERON:0002616
UBERON:0002561	UBERON:0002558
UBERON:0002562	UBERON:0013118
UBERON:0002563	UBERON:0011214
UBERON:0002564	UBERON:0007193
UBERON:0002565	UBERON:0011214
UBERON:0002565	UBERON:0014450
UBERON:0002566	UBERON:0013118
UBERON:0002567	UBERON:0002616
UBERON:0002568	UBERON:0019291
UBERON:0002568	UBERON:0035939
UBERON:0002569	UBERON:0008334
UBERON:0002569	UBERON:0014687
UBERON:0002570	UBERON:0007193
UBERON:0002571	UBERON:0011214
UBERON:0002572	UBERON:0011214
UBERON:0002572	UBERON:0014450
UBERON:0002573	UBERON:0007245
UBERON:0002573	UBERON:0019263
UBERON:0002575	UBERON:0007193
UBERON:0002576	UBERON:0009899
UBERON:0002577	UBERON:0011214
UBERON:0002578	UBERON:0011214
UBERON:0002578	UBERON:0014450
UBERON:0002580	UBERON:0000122
UBERON:0002580	UBERON:0011215
UBERON:0002581	UBERON:0000200
UBERON:0002582	UBERON:0013118
UBERON:0002583	UBERON:0005970
UBERON:0002585	UBERON:0007702
UBERON:0002586	UBERON:0013118
UBERON:0002587	UBERON:0002308
UBERON:0002588	UBERON:0007418
UBERON:0002589	UBERON:0007702
UBERON:0002590	UBERON:0002616
UBERON:0002591	UBERON:0019263
UBERON:0002592	UBERON:0014649
UBERON:0002593	UBERON:0002616
UBERON:0002594	UBERON:0007702
UBERON:0002595	UBERON:0008334
UBERON:0002596	UBERON:0002308
UBERON:0002596	UBERON:0015233
UBERON:0002597	UBERON:0004132
UBERON:0002597	UBERON:0006331
UBERON:0002597	UBERON:0009662
UBERON:0002598	UBERON:0013118
UBERON:0002599	UBERON:0000200
UBERON:0002600	UBERON:0016526
UBERON:0002601	UBERON:0000064
UBERON:0002602	UBERON:0004073
UBERON:0002603	UBERON:0002665
UBERON:0002604	UBERON:0006331
UBERON:0002604	UBERON:0006840
UBERON:0002604	UBERON:0009662
UBERON:0002605	UBERON:0002616
UBERON:0002606	UBERON:0005162
UBERON:0002606	UBERON:0011215
UBERON:0002607	UBERON:0013118
UBERON:0002608	UBERON:0019269
UBERON:0002609	UBERON:0007702
UBERON:0002610	UBERON:0019263
UBERON:0002612	UBERON:0002595
UBERON:0002613	UBERON:0004073
UBERON:0002614	UBERON:0019269
UBERON:0002615	UBERON:0007418
UBERON:0002616	UBERON:0000073
UBERON:0002617	UBERON:0019269
UBERON:0002618	UBERON:0006843
UBERON:0002620	UBERON:0002616
UBERON:0002622	UBERON:0007251
UBERON:0002623	UBERON:0007417
UBERON:0002623	UBERON:0016554
UBERON:0002624	UBERON:0015593
UBERON:0002625	UBERON:0007251
UBERON:0002626	UBERON:0011300
UBERON:0002627	UBERON:0003931
UBERON:0002628	UBERON:0011300
UBERON:0002629	UBERON:0000064
UBERON:0002630	UBERON:0011300
UBERON:0002631	UBERON:0015212
UBERON:0002631	UBERON:0016554
UBERON:0002632	UBERON:0019269
UBERON:0002633	UBERON:0000126
UBERON:0002633	UBERON:0002925
UBERON:0002633	UBERON:0006331
UBERON:0002633	UBERON:0009662
UBERON:0002634	UBERON:0007251
UBERON:0002636	UBERON:0015233
UBERON:0002637	UBERON:0015233
UBERON:0002638	UBERON:0015233
UBERON:0002639	UBERON:0007245
UBERON:0002639	UBERON:0019267
UBERON:0002640	UBERON:0007702
UBERON:0002641	UBERON:0015233
UBERON:0002642	UBERON:0005832
UBERON:0002642	UBERON:0005838
UBERON:0002642	UBERON:0007702
UBERON:0002643	UBERON:0007418
UBERON:0002644	UBERON:0007193
UBERON:0002645	UBERON:0019269
UBERON:0002646	UBERON:0005838
UBERON:0002647	UBERON:0019269
UBERON:0002648	UBERON:0002616
UBERON:0002648	UBERON:0005156
UBERON:0002649	UBERON:0007702
UBERON:0002650	UBERON:0019269
UBERON:0002651	UBERON:0002285
UBERON:0002652	UBERON:0002616
UBERON:0002652	UBERON:0005156
UBERON:0002653	UBERON:0005821
UBERON:0002653	UBERON:0005838
UBERON:0002654	UBERON:0019269
UBERON:0002655	UBERON:0002285
UBERON:0002656	UBERON:0005401
UBERON:0002656	UBERON:0011300
UBERON:0002657	UBERON:0000200
UBERON:0002658	UBERON:0003001
UBERON:0002659	UBERON:0019291
UBERON:0002660	UBERON:0002309
UBERON:0002661	UBERON:0015593
UBERON:0002662	UBERON:0014891
UBERON:0002662	UBERON:0016554
UBERON:0002663	UBERON:0005401
UBERON:0002663	UBERON:0007245
UBERON:0002664	UBERON:0019269
UBERON:0002665	UBERON:0000200
UBERON:0002666	UBERON:0007702
UBERON:0002667	UBERON:0009663
UBERON:0002668	UBERON:0006843
UBERON:0002669	UBERON:0008334
UBERON:0002669	UBERON:0014639
UBERON:0002670	UBERON:0008334
UBERON:0002670	UBERON:0014639
UBERON:0002671	UBERON:0007702
UBERON:0002672	UBERON:0008334
UBERON:0002672	UBERON:0014639
UBERON:0002673	UBERON:0007245
UBERON:0002673	UBERON:0019263
UBERON:0002675	UBERON:0008334
UBERON:0002675	UBERON:0014639
UBERON:0002676	UBERON:0011590
UBERON:0002679	UBERON:0015233
UBERON:0002681	UBERON:0015233
UBERON:0002682	UBERON:0000126
UBERON:0002682	UBERON:0006331
UBERON:0002682	UBERON:0009662
UBERON:0002683	UBERON:0013118
UBERON:0002684	UBERON:0007635
UBERON:0002685	UBERON:0015233
UBERON:0002686	UBERON:0000200
UBERON:0002687	UBERON:0019269
UBERON:0002688	UBERON:0000200
UBERON:0002689	UBERON:0010135
UBERON:0002690	UBERON:0006568
UBERON:0002691	UBERON:0000481
UBERON:0002691	UBERON:0002616
UBERON:0002692	UBERON:0007245
UBERON:0002692	UBERON:0019263
UBERON:0002693	UBERON:0008334
UBERON:0002694	UBERON:0011590
UBERON:0002695	UBERON:0008334
UBERON:0002696	UBERON:0007415
UBERON:0002697	UBERON:0011590
UBERON:0002698	UBERON:0000464
UBERON:0002699	UBERON:0011591
UBERON:0002700	UBERON:0007415
UBERON:0002701	UBERON:0006331
UBERON:0002701	UBERON:0007414
UBERON:0002701	UBERON:0009661
UBERON:0002702	UBERON:0015593
UBERON:0002703	UBERON:0015593
UBERON:0002704	UBERON:0015233
UBERON:0002705	UBERON:0015233
UBERON:0002706	UBERON:0006568
UBERON:0002707	UBERON:0001018
UBERON:0002708	UBERON:0006568
UBERON:0002709	UBERON:0007245
UBERON:0002709	UBERON:0019269
UBERON:0002710	UBERON:0008334
UBERON:0002711	UBERON:0006331
UBERON:0002711	UBERON:0007414
UBERON:0002711	UBERON:0009661
UBERON:0002712	UBERON:0006568
UBERON:0002713	UBERON:0002912
UBERON:0002714	UBERON:0007702
UBERON:0002715	UBERON:0014761
UBERON:0002716	UBERON:0008334
UBERON:0002717	UBERON:0006331
UBERON:0002717	UBERON:0007414
UBERON:0002717	UBERON:0009661
UBERON:0002718	UBERON:0007702
UBERON:0002719	UBERON:0007702
UBERON:0002720	UBERON:0007417
UBERON:0002720	UBERON:0022235
UBERON:0002721	UBERON:0008334
UBERON:0002722	UBERON:0000126
UBERON:0002722	UBERON:0006331
UBERON:0002722	UBERON:0007414
UBERON:0002722	UBERON:0009661
UBERON:0002723	UBERON:0011591
UBERON:0002724	UBERON:0000200
UBERON:0002726	UBERON:0005844
UBERON:0002727	UBERON:0014532
UBERON:0002728	UBERON:0000064
UBERON:0002729	UBERON:0005401
UBERON:0002731	UBERON:0006843
UBERON:0002732	UBERON:0007702
UBERON:0002733	UBERON:0015233
UBERON:0002734	UBERON:0014687
UBERON:0002735	UBERON:0007702
UBERON:0002736	UBERON:0000125
UBERON:0002736	UBERON:0015233
UBERON:0002737	UBERON:0008334
UBERON:0002738	UBERON:0000064
UBERON:0002739	UBERON:0015233
UBERON:0002740	UBERON:0000200
UBERON:0002741	UBERON:0000122
UBERON:0002741	UBERON:0011215
UBERON:0002742	UBERON:0011215
UBERON:0002742	UBERON:0022303
UBERON:0002743	UBERON:0002616
UBERON:0002744	UBERON:0008332
UBERON:0002745	UBERON:0007702
UBERON:0002746	UBERON:0006568
UBERON:0002747	UBERON:0019263
UBERON:0002748	UBERON:0003001
UBERON:0002749	UBERON:0002616
UBERON:0002750	UBERON:0002309
UBERON:0002751	UBERON:0000200
UBERON:0002752	UBERON:0007702
UBERON:0002753	UBERON:0001018
UBERON:0002754	UBERON:0005838
UBERON:0002755	UBERON:0007418
UBERON:0002756	UBERON:0000200
UBERON:0002758	UBERON:0015233
UBERON:0002759	UBERON:0015233
UBERON:0002760	UBERON:0001018
UBERON:0002761	UBERON:0013118
UBERON:0002762	UBERON:0014533
UBERON:0002763	UBERON:0014532
UBERON:0002764	UBERON:0014639
UBERON:0002765	UBERON:0014532
UBERON:0002766	UBERON:0000200
UBERON:0002767	UBERON:0013118
UBERON:0002768	UBERON:0007702
UBERON:0002769	UBERON:0000200
UBERON:0002770	UBERON:0002616
UBERON:0002771	UBERON:0000200
UBERON:0002772	UBERON:0013118
UBERON:0002773	UBERON:0003939
UBERON:0002774	UBERON:0003939
UBERON:0002775	UBERON:0007702
UBERON:0002776	UBERON:0015233
UBERON:0002778	UBERON:0005401
UBERON:0002778	UBERON:0006514
UBERON:0002779	UBERON:0007247
UBERON:0002781	UBERON:0019269
UBERON:0002782	UBERON:0007247
UBERON:0002783	UBERON:0007702
UBERON:0002786	UBERON:0006843
UBERON:0002787	UBERON:0007418
UBERON:0002788	UBERON:0015233
UBERON:0002790	UBERON:0013199
UBERON:0002790	UBERON:0019293
UBERON:0002792	UBERON:0005844
UBERON:0002793	UBERON:0005838
UBERON:0002794	UBERON:0002309
UBERON:0002795	UBERON:0009899
UBERON:0002796	UBERON:0004673
UBERON:0002797	UBERON:0004171
UBERON:0002797	UBERON:0007702
UBERON:0002798	UBERON:0007702
UBERON:0002799	UBERON:0008334
UBERON:0002799	UBERON:0014639
UBERON:0002800	UBERON:0014761
UBERON:0002801	UBERON:0003931
UBERON:0002802	UBERON:0001872
UBERON:0002803	UBERON:0001872
UBERON:0002804	UBERON:0002600
UBERON:0002805	UBERON:0002600
UBERON:0002806	UBERON:0002021
UBERON:0002807	UBERON:0002021
UBERON:0002808	UBERON:0001871
UBERON:0002809	UBERON:0001871
UBERON:0002810	UBERON:0001870
UBERON:0002811	UBERON:0001870
UBERON:0002812	UBERON:0001869
UBERON:0002813	UBERON:0001869
UBERON:0002814	UBERON:0003980
UBERON:0002814	UBERON:0014466
UBERON:0002815	UBERON:0003980
UBERON:0002815	UBERON:0014466
UBERON:0002816	UBERON:0003980
UBERON:0002816	UBERON:0014466
UBERON:0002817	UBERON:0003980
UBERON:0002817	UBERON:0014466
UBERON:0002818	UBERON:0003980
UBERON:0002818	UBERON:0014466
UBERON:0002819	UBERON:0005913
UBERON:0002820	UBERON:0036250
UBERON:0002822	UBERON:0000064
UBERON:0002823	UBERON:0000466
UBERON:0002824	UBERON:0001714
UBERON:0002824	UBERON:0001800
UBERON:0002825	UBERON:0000064
UBERON:0002826	UBERON:0000064
UBERON:0002827	UBERON:0001714
UBERON:0002827	UBERON:0010313
UBERON:0002828	UBERON:0001720
UBERON:0002829	UBERON:0001720
UBERON:0002830	UBERON:0001720
UBERON:0002831	UBERON:0001720
UBERON:0002832	UBERON:0007633
UBERON:0002833	UBERON:0007633
UBERON:0002834	UBERON:0000044
UBERON:0002835	UBERON:0000044
UBERON:0002836	UBERON:0000044
UBERON:0002837	UBERON:0000044
UBERON:0002838	UBERON:0002834
UBERON:0002839	UBERON:0002834
UBERON:0002840	UBERON:0002834
UBERON:0002841	UBERON:0002834
UBERON:0002842	UBERON:0002834
UBERON:0002843	UBERON:0002834
UBERON:0002844	UBERON:0002834
UBERON:0002845	UBERON:0002835
UBERON:0002846	UBERON:0002835
UBERON:0002847	UBERON:0002835
UBERON:0002848	UBERON:0002835
UBERON:0002849	UBERON:0002835
UBERON:0002850	UBERON:0002835
UBERON:0002851	UBERON:0002835
UBERON:0002852	UBERON:0002835
UBERON:0002853	UBERON:0002835
UBERON:0002854	UBERON:0002835
UBERON:0002855	UBERON:0002835
UBERON:0002856	UBERON:0002836
UBERON:0002857	UBERON:0002836
UBERON:0002858	UBERON:0002836
UBERON:0002859	UBERON:0002836
UBERON:0002860	UBERON:0002837
UBERON:0002861	UBERON:0002837
UBERON:0002862	UBERON:0002837
UBERON:0002863	UBERON:0002837
UBERON:0002864	UBERON:0007635
UBERON:0002865	UBERON:0007635
UBERON:0002866	UBERON:0019263
UBERON:0002867	UBERON:0019263
UBERON:0002867	UBERON:0035011
UBERON:0002868	UBERON:0007635
UBERON:0002868	UBERON:0011775
UBERON:0002869	UBERON:0007634
UBERON:0002870	UBERON:0007635
UBERON:0002870	UBERON:0011778
UBERON:0002871	UBERON:0000126
UBERON:0002871	UBERON:0007635
UBERON:0002872	UBERON:0000126
UBERON:0002872	UBERON:0004121
UBERON:0002872	UBERON:0004133
UBERON:0002872	UBERON:0007635
UBERON:0002873	UBERON:0019263
UBERON:0002874	UBERON:0007635
UBERON:0002875	UBERON:0007635
UBERON:0002876	UBERON:0007635
UBERON:0002877	UBERON:0007635
UBERON:0002879	UBERON:0007635
UBERON:0002880	UBERON:0007635
UBERON:0002881	UBERON:0007635
UBERON:0002882	UBERON:0007635
UBERON:0002883	UBERON:0009663
UBERON:0002884	UBERON:0009663
UBERON:0002885	UBERON:0009663
UBERON:0002886	UBERON:0009663
UBERON:0002887	UBERON:0009663
UBERON:0002888	UBERON:0005401
UBERON:0002889	UBERON:0005401
UBERON:0002890	UBERON:0005401
UBERON:0002891	UBERON:0009663
UBERON:0002892	UBERON:0009663
UBERON:0002893	UBERON:0009663
UBERON:0002894	UBERON:0002616
UBERON:0002895	UBERON:0002616
UBERON:0002896	UBERON:0014466
UBERON:0002897	UBERON:0004050
UBERON:0002898	UBERON:0004050
UBERON:0002899	UBERON:0008334
UBERON:0002900	UBERON:0019303
UBERON:0002901	UBERON:0019303
UBERON:0002902	UBERON:0009899
UBERON:0002903	UBERON:0008334
UBERON:0002903	UBERON:0019303
UBERON:0002904	UBERON:0013118
UBERON:0002905	UBERON:0008334
UBERON:0002905	UBERON:0019303
UBERON:0002906	UBERON:0008334
UBERON:0002906	UBERON:0019303
UBERON:0002907	UBERON:0013118
UBERON:0002908	UBERON:0013118
UBERON:0002909	UBERON:0013118
UBERON:0002910	UBERON:0008334
UBERON:0002911	UBERON:0002616
UBERON:0002912	UBERON:0008334
UBERON:0002913	UBERON:0035927
UBERON:0002914	UBERON:0008334
UBERON:0002915	UBERON:0035927
UBERON:0002916	UBERON:0013118
UBERON:0002918	UBERON:0007634
UBERON:0002919	UBERON:0008334
UBERON:0002920	UBERON:0008334
UBERON:0002921	UBERON:0014466
UBERON:0002922	UBERON:0002616
UBERON:0002923	UBERON:0008334
UBERON:0002924	UBERON:0001785
UBERON:0002925	UBERON:0000126
UBERON:0002926	UBERON:0006934
UBERON:0002928	UBERON:0002304
UBERON:0002929	UBERON:0002304
UBERON:0002930	UBERON:0007702
UBERON:0002931	UBERON:0009663
UBERON:0002932	UBERON:0019293
UBERON:0002933	UBERON:0009663
UBERON:0002934	UBERON:0006331
UBERON:0002934	UBERON:0007414
UBERON:0002934	UBERON:0009661
UBERON:0002935	UBERON:0019269
UBERON:0002936	UBERON:0019267
UBERON:0002937	UBERON:0019269
UBERON:0002938	UBERON:0019267
UBERON:0002939	UBERON:0015233
UBERON:0002940	UBERON:0002437
UBERON:0002941	UBERON:0014891
UBERON:0002941	UBERON:0016554
UBERON:0002942	UBERON:0015233
UBERON:0002943	UBERON:0000200
UBERON:0002943	UBERON:0014640
UBERON:0002944	UBERON:0007702
UBERON:0002945	UBERON:0007692
UBERON:0002945	UBERON:0015233
UBERON:0002947	UBERON:0002616
UBERON:0002948	UBERON:0014640
UBERON:0002949	UBERON:0007702
UBERON:0002952	UBERON:0013199
UBERON:0002952	UBERON:0019293
UBERON:0002953	UBERON:0003001
UBERON:0002954	UBERON:0002616
UBERON:0002955	UBERON:0015233
UBERON:0002956	UBERON:0004130
UBERON:0002957	UBERON:0006331
UBERON:0002957	UBERON:0007414
UBERON:0002957	UBERON:0009661
UBERON:0002958	UBERON:0003001
UBERON:0002959	UBERON:0015233
UBERON:0002960	UBERON:0006331
UBERON:0002960	UBERON:0007414
UBERON:0002960	UBERON:0009661
UBERON:0002961	UBERON:0014734
UBERON:0002962	UBERON:0001500
UBERON:0002962	UBERON:0011145
UBERON:0002963	UBERON:0007413
UBERON:0002964	UBERON:0006331
UBERON:0002964	UBERON:0007414
UBERON:0002964	UBERON:0009661
UBERON:0002965	UBERON:0007692
UBERON:0002965	UBERON:0015233
UBERON:0002967	UBERON:0000200
UBERON:0002968	UBERON:0019263
UBERON:0002968	UBERON:0035011
UBERON:0002969	UBERON:0014687
UBERON:0002970	UBERON:0006331
UBERON:0002970	UBERON:0007414
UBERON:0002970	UBERON:0009661
UBERON:0002971	UBERON:0007247
UBERON:0002972	UBERON:0015233
UBERON:0002973	UBERON:0000200
UBERON:0002974	UBERON:0004130
UBERON:0002975	UBERON:0006331
UBERON:0002975	UBERON:0007414
UBERON:0002975	UBERON:0009661
UBERON:0002976	UBERON:0007247
UBERON:0002977	UBERON:0009663
UBERON:0002978	UBERON:0019269
UBERON:0002979	UBERON:0004130
UBERON:0002980	UBERON:0000064
UBERON:0002981	UBERON:0007692
UBERON:0002981	UBERON:0015233
UBERON:0002982	UBERON:0015233
UBERON:0002983	UBERON:0015233
UBERON:0002984	UBERON:0015233
UBERON:0002985	UBERON:0015233
UBERON:0002987	UBERON:0007702
UBERON:0002988	UBERON:0001503
UBERON:0002989	UBERON:0004255
UBERON:0002990	UBERON:0011591
UBERON:0002991	UBERON:0011590
UBERON:0002992	UBERON:0015233
UBERON:0002993	UBERON:0007413
UBERON:0002995	UBERON:0002616
UBERON:0002996	UBERON:0011214
UBERON:0002996	UBERON:0014450
UBERON:0002997	UBERON:0002308
UBERON:0002998	UBERON:0015593
UBERON:0002999	UBERON:0007413
UBERON:0003001	UBERON:0000122
UBERON:0003001	UBERON:0011215
UBERON:0003002	UBERON:0003001
UBERON:0003004	UBERON:0007415
UBERON:0003005	UBERON:0005838
UBERON:0003006	UBERON:0006840
UBERON:0003007	UBERON:0007634
UBERON:0003008	UBERON:0005838
UBERON:0003009	UBERON:0007418
UBERON:0003010	UBERON:0003001
UBERON:0003011	UBERON:0000127
UBERON:0003012	UBERON:0005293
UBERON:0003013	UBERON:0004003
UBERON:0003015	UBERON:0004003
UBERON:0003016	UBERON:0011591
UBERON:0003017	UBERON:0009663
UBERON:0003018	UBERON:0019269
UBERON:0003019	UBERON:0019269
UBERON:0003020	UBERON:0011300
UBERON:0003021	UBERON:0004070
UBERON:0003023	UBERON:0000064
UBERON:0003024	UBERON:0019269
UBERON:0003025	UBERON:0000122
UBERON:0003025	UBERON:0011215
UBERON:0003026	UBERON:0002308
UBERON:0003027	UBERON:0002616
UBERON:0003028	UBERON:0005970
UBERON:0003029	UBERON:0002437
UBERON:0003029	UBERON:0016555
UBERON:0003030	UBERON:0015233
UBERON:0003031	UBERON:0003030
UBERON:0003033	UBERON:0002308
UBERON:0003034	UBERON:0015233
UBERON:0003036	UBERON:0015233
UBERON:0003037	UBERON:0000061
UBERON:0003038	UBERON:0005844
UBERON:0003039	UBERON:0019294
UBERON:0003040	UBERON:0019267
UBERON:0003040	UBERON:0035011
UBERON:0003041	UBERON:0006134
UBERON:0003043	UBERON:0019294
UBERON:0003044	UBERON:0005838
UBERON:0003045	UBERON:0005838
UBERON:0003046	UBERON:0013199
UBERON:0003046	UBERON:0019293
UBERON:0003049	UBERON:0001002
UBERON:0003050	UBERON:0009955
UBERON:0003051	UBERON:0005291
UBERON:0003051	UBERON:0006598
UBERON:0003051	UBERON:0007499
UBERON:0003052	UBERON:0004121
UBERON:0003052	UBERON:0007651
UBERON:0003053	UBERON:0000477
UBERON:0003054	UBERON:0000119
UBERON:0003054	UBERON:0005291
UBERON:0003055	UBERON:0000487
UBERON:0003055	UBERON:0007376
UBERON:0003055	UBERON:3000961
UBERON:0003056	UBERON:0005291
UBERON:0003057	UBERON:0002050
UBERON:0003058	UBERON:0000479
UBERON:0003059	UBERON:0006598
UBERON:0003060	UBERON:0009201
UBERON:0003060	UBERON:0012275
UBERON:0003061	UBERON:0006598
UBERON:0003062	UBERON:0002050
UBERON:0003062	UBERON:0010188
UBERON:0003063	UBERON:0002050
UBERON:0003064	UBERON:0002050
UBERON:0003065	UBERON:0000119
UBERON:0003066	UBERON:0002539
UBERON:0003067	UBERON:0009955
UBERON:0003068	UBERON:0002050
UBERON:0003069	UBERON:0003067
UBERON:0003070	UBERON:0003067
UBERON:0003071	UBERON:0000490
UBERON:0003071	UBERON:0001048
UBERON:0003071	UBERON:0005291
UBERON:0003071	UBERON:0006598
UBERON:0003072	UBERON:0000481
UBERON:0003072	UBERON:0004121
UBERON:0003073	UBERON:0002546
UBERON:0003073	UBERON:0006598
UBERON:0003073	UBERON:0011814
UBERON:0003074	UBERON:0000083
UBERON:0003074	UBERON:0009201
UBERON:0003074	UBERON:0012275
UBERON:0003075	UBERON:0000483
UBERON:0003075	UBERON:0005291
UBERON:0003075	UBERON:0010371
UBERON:0003075	UBERON:0016879
UBERON:0003076	UBERON:0002050
UBERON:0003077	UBERON:0005291
UBERON:0003077	UBERON:0007524
UBERON:0003077	UBERON:0015212
UBERON:0003078	UBERON:0009955
UBERON:0003079	UBERON:0000119
UBERON:0003079	UBERON:0004121
UBERON:0003079	UBERON:0005291
UBERON:0003080	UBERON:0002050
UBERON:0003081	UBERON:0002050
UBERON:0003081	UBERON:0004120
UBERON:0003081	UBERON:0005291
UBERON:0003081	UBERON:0007524
UBERON:0003082	UBERON:0017650
UBERON:0003083	UBERON:0005291
UBERON:0003084	UBERON:0001048
UBERON:0003085	UBERON:0000947
UBERON:0003086	UBERON:0001637
UBERON:0003086	UBERON:0003524
UBERON:0003087	UBERON:0004344
UBERON:0003088	UBERON:0003481
UBERON:0003089	UBERON:0005856
UBERON:0003089	UBERON:0007530
UBERON:0003090	UBERON:2001470
UBERON:0003091	UBERON:0000479
UBERON:0003091	UBERON:0001048
UBERON:0003091	UBERON:0004119
UBERON:0003092	UBERON:0002368
UBERON:0003092	UBERON:0004119
UBERON:0003092	UBERON:0010314
UBERON:0003093	UBERON:2001470
UBERON:0003094	UBERON:2001470
UBERON:0003095	UBERON:0010202
UBERON:0003096	UBERON:2001470
UBERON:0003097	UBERON:4000162
UBERON:0003098	UBERON:0010371
UBERON:0003098	UBERON:0034705
UBERON:0003099	UBERON:0005291
UBERON:0003100	UBERON:0000468
UBERON:0003101	UBERON:0000468
UBERON:0003102	UBERON:0000061
UBERON:0003103	UBERON:0000062
UBERON:0003104	UBERON:0000479
UBERON:0003105	UBERON:0005291
UBERON:0003106	UBERON:0002513
UBERON:0003107	UBERON:0010313
UBERON:0003107	UBERON:0011004
UBERON:0003107	UBERON:0013765
UBERON:0003108	UBERON:0010912
UBERON:0003109	UBERON:0001077
UBERON:0003110	UBERON:0034921
UBERON:0003111	UBERON:0034921
UBERON:0003112	UBERON:0034921
UBERON:0003113	UBERON:0011159
UBERON:0003114	UBERON:0002539
UBERON:0003115	UBERON:0002539
UBERON:0003116	UBERON:0002539
UBERON:0003117	UBERON:0002539
UBERON:0003118	UBERON:0004363
UBERON:0003119	UBERON:0004363
UBERON:0003120	UBERON:0004363
UBERON:0003121	UBERON:0004363
UBERON:0003122	UBERON:0004363
UBERON:0003123	UBERON:0004363
UBERON:0003124	UBERON:0005631
UBERON:0003125	UBERON:0005764
UBERON:0003126	UBERON:0000117
UBERON:0003127	UBERON:0001005
UBERON:0003128	UBERON:0000075
UBERON:0003129	UBERON:0000075
UBERON:0003130	UBERON:0010000
UBERON:0003131	UBERON:0000475
UBERON:0003133	UBERON:0000062
UBERON:0003133	UBERON:0005156
UBERON:0003134	UBERON:0003133
UBERON:0003135	UBERON:0003133
UBERON:0003142	UBERON:0000468
UBERON:0003143	UBERON:0000468
UBERON:0003153	UBERON:6007284
UBERON:0003155	UBERON:0006056
UBERON:0003161	UBERON:0000963
UBERON:0003162	UBERON:0003161
UBERON:0003194	UBERON:0000476
UBERON:0003199	UBERON:8450001
UBERON:0003201	UBERON:0000476
UBERON:0003202	UBERON:0000476
UBERON:0003209	UBERON:0000119
UBERON:0003210	UBERON:0000119
UBERON:0003211	UBERON:0000970
UBERON:0003212	UBERON:0000005
UBERON:0003214	UBERON:0003215
UBERON:0003215	UBERON:0000064
UBERON:0003216	UBERON:0034921
UBERON:0003217	UBERON:0002616
UBERON:0003217	UBERON:0005156
UBERON:0003218	UBERON:0003037
UBERON:0003219	UBERON:0003037
UBERON:0003220	UBERON:0003918
UBERON:0003220	UBERON:0004120
UBERON:0003220	UBERON:0005291
UBERON:0003220	UBERON:0006598
UBERON:0003221	UBERON:0003606
UBERON:0003221	UBERON:0012357
UBERON:0003221	UBERON:0015023
UBERON:0003222	UBERON:0004254
UBERON:0003224	UBERON:0000478
UBERON:0003228	UBERON:0004254
UBERON:0003229	UBERON:0000483
UBERON:0003230	UBERON:0000490
UBERON:0003231	UBERON:0000483
UBERON:0003232	UBERON:0000483
UBERON:0003233	UBERON:0000483
UBERON:0003234	UBERON:0011024
UBERON:0003235	UBERON:0035037
UBERON:0003236	UBERON:0035037
UBERON:0003238	UBERON:0006937
UBERON:0003239	UBERON:0006937
UBERON:0003240	UBERON:0006937
UBERON:0003241	UBERON:0006932
UBERON:0003242	UBERON:0006932
UBERON:0003243	UBERON:0006937
UBERON:0003244	UBERON:0000483
UBERON:0003246	UBERON:0006937
UBERON:0003247	UBERON:0000483
UBERON:0003248	UBERON:0000490
UBERON:0003248	UBERON:0005291
UBERON:0003249	UBERON:0005291
UBERON:0003249	UBERON:0015807
UBERON:0003250	UBERON:0002377
UBERON:0003250	UBERON:0004518
UBERON:0003251	UBERON:0001444
UBERON:0003252	UBERON:0010912
UBERON:0003253	UBERON:0018664
UBERON:0003254	UBERON:0000478
UBERON:0003254	UBERON:0000490
UBERON:0003254	UBERON:0005292
UBERON:0003257	UBERON:0000478
UBERON:0003257	UBERON:0005292
UBERON:0003257	UBERON:0005911
UBERON:0003258	UBERON:0000490
UBERON:0003258	UBERON:0005911
UBERON:0003258	UBERON:0015833
UBERON:0003259	UBERON:0000490
UBERON:0003259	UBERON:0003352
UBERON:0003259	UBERON:0005911
UBERON:0003260	UBERON:0000490
UBERON:0003260	UBERON:0003353
UBERON:0003260	UBERON:0005911
UBERON:0003261	UBERON:0000925
UBERON:0003261	UBERON:0004119
UBERON:0003262	UBERON:0000478
UBERON:0003262	UBERON:0007524
UBERON:0003262	UBERON:0010333
UBERON:0003265	UBERON:0000478
UBERON:0003265	UBERON:0007524
UBERON:0003265	UBERON:0010333
UBERON:0003267	UBERON:0001091
UBERON:0003267	UBERON:0013765
UBERON:0003268	UBERON:0001091
UBERON:0003268	UBERON:0013765
UBERON:0003269	UBERON:0001134
UBERON:0003274	UBERON:0001136
UBERON:0003277	UBERON:0010912
UBERON:0003278	UBERON:0010912
UBERON:0003279	UBERON:0000077
UBERON:0003279	UBERON:0001901
UBERON:0003279	UBERON:0001986
UBERON:0003280	UBERON:0001986
UBERON:0003280	UBERON:0002340
UBERON:0003281	UBERON:0004854
UBERON:0003282	UBERON:0002095
UBERON:0003283	UBERON:0001975
UBERON:0003283	UBERON:0002095
UBERON:0003284	UBERON:0002095
UBERON:0003286	UBERON:0004921
UBERON:0003287	UBERON:0004921
UBERON:0003288	UBERON:0003547
UBERON:0003289	UBERON:0003548
UBERON:0003290	UBERON:0003548
UBERON:0003291	UBERON:0003547
UBERON:0003292	UBERON:0002360
UBERON:0003292	UBERON:0005174
UBERON:0003294	UBERON:0003408
UBERON:0003295	UBERON:0003408
UBERON:0003295	UBERON:0036225
UBERON:0003296	UBERON:0002530
UBERON:0003297	UBERON:0002530
UBERON:0003299	UBERON:0005291
UBERON:0003300	UBERON:0005291
UBERON:0003301	UBERON:0005291
UBERON:0003302	UBERON:0005291
UBERON:0003303	UBERON:0005291
UBERON:0003304	UBERON:0003061
UBERON:0003304	UBERON:0005291
UBERON:0003304	UBERON:0007503
UBERON:0003304	UBERON:0012275
UBERON:0003306	UBERON:0000481
UBERON:0003307	UBERON:0002616
UBERON:0003307	UBERON:0003306
UBERON:0003308	UBERON:0002616
UBERON:0003308	UBERON:0003306
UBERON:0003309	UBERON:0002616
UBERON:0003309	UBERON:0003306
UBERON:0003310	UBERON:0002616
UBERON:0003310	UBERON:0003306
UBERON:0003311	UBERON:0002616
UBERON:0003311	UBERON:0003306
UBERON:0003312	UBERON:0003855
UBERON:0003314	UBERON:0009891
UBERON:0003315	UBERON:0003855
UBERON:0003316	UBERON:0010333
UBERON:0003317	UBERON:0001763
UBERON:0003318	UBERON:0003859
UBERON:0003319	UBERON:0003859
UBERON:0003320	UBERON:0003104
UBERON:0003321	UBERON:0003860
UBERON:0003322	UBERON:0003104
UBERON:0003323	UBERON:0009891
UBERON:0003323	UBERON:0034995
UBERON:0003324	UBERON:0034995
UBERON:0003325	UBERON:0005253
UBERON:0003326	UBERON:0003104
UBERON:0003327	UBERON:0003859
UBERON:0003328	UBERON:0010377
UBERON:0003329	UBERON:0001208
UBERON:0003330	UBERON:0001208
UBERON:0003331	UBERON:0001208
UBERON:0003332	UBERON:0001205
UBERON:0003333	UBERON:0001205
UBERON:0003334	UBERON:0001209
UBERON:0003335	UBERON:0001209
UBERON:0003336	UBERON:0001206
UBERON:0003337	UBERON:0001206
UBERON:0003338	UBERON:0000045
UBERON:0003339	UBERON:0000045
UBERON:0003342	UBERON:0001207
UBERON:0003343	UBERON:0003729
UBERON:0003346	UBERON:0001207
UBERON:0003350	UBERON:0000483
UBERON:0003351	UBERON:0003929
UBERON:0003351	UBERON:0004807
UBERON:0003351	UBERON:0005911
UBERON:0003352	UBERON:0003929
UBERON:0003353	UBERON:0003929
UBERON:0003354	UBERON:0001278
UBERON:0003354	UBERON:0016885
UBERON:0003355	UBERON:0000483
UBERON:0003356	UBERON:0019306
UBERON:0003357	UBERON:0003929
UBERON:0003357	UBERON:0019304
UBERON:0003358	UBERON:0003235
UBERON:0003359	UBERON:0003236
UBERON:0003359	UBERON:0004809
UBERON:0003360	UBERON:0003236
UBERON:0003360	UBERON:0004809
UBERON:0003361	UBERON:0004809
UBERON:0003362	UBERON:0006937
UBERON:0003363	UBERON:0006932
UBERON:0003364	UBERON:0000115
UBERON:0003365	UBERON:0000115
UBERON:0003366	UBERON:0006955
UBERON:0003367	UBERON:0000490
UBERON:0003367	UBERON:0010371
UBERON:0003367	UBERON:0019306
UBERON:0003368	UBERON:0003235
UBERON:0003369	UBERON:0036215
UBERON:0003371	UBERON:0000490
UBERON:0003371	UBERON:0005291
UBERON:0003372	UBERON:0000490
UBERON:0003372	UBERON:0005291
UBERON:0003373	UBERON:0000924
UBERON:0003374	UBERON:0000478
UBERON:0003378	UBERON:0004490
UBERON:0003379	UBERON:0004490
UBERON:0003380	UBERON:0004490
UBERON:0003381	UBERON:0018649
UBERON:0003382	UBERON:0018649
UBERON:0003383	UBERON:0004492
UBERON:0003383	UBERON:0004667
UBERON:0003384	UBERON:0004830
UBERON:0003386	UBERON:0001135
UBERON:0003387	UBERON:0004233
UBERON:0003388	UBERON:0001136
UBERON:0003389	UBERON:0001136
UBERON:0003389	UBERON:0004807
UBERON:0003390	UBERON:0001136
UBERON:0003393	UBERON:0002095
UBERON:0003394	UBERON:0002095
UBERON:0003395	UBERON:0003334
UBERON:0003395	UBERON:0004854
UBERON:0003396	UBERON:0003335
UBERON:0003396	UBERON:0004854
UBERON:0003396	UBERON:0007826
UBERON:0003397	UBERON:0001170
UBERON:0003397	UBERON:0003336
UBERON:0003398	UBERON:0001170
UBERON:0003398	UBERON:0003337
UBERON:0003403	UBERON:0002427
UBERON:0003404	UBERON:0002183
UBERON:0003405	UBERON:0002183
UBERON:0003406	UBERON:0007844
UBERON:0003407	UBERON:0001823
UBERON:0003407	UBERON:0003932
UBERON:0003408	UBERON:0002530
UBERON:0003408	UBERON:0013765
UBERON:0003409	UBERON:0010047
UBERON:0003410	UBERON:0003295
UBERON:0003412	UBERON:0010329
UBERON:0003413	UBERON:0010329
UBERON:0003414	UBERON:0003324
UBERON:0003414	UBERON:0009891
UBERON:0003415	UBERON:0009891
UBERON:0003416	UBERON:0003104
UBERON:0003417	UBERON:0003323
UBERON:0003418	UBERON:0003324
UBERON:0003419	UBERON:0003324
UBERON:0003419	UBERON:0009891
UBERON:0003420	UBERON:0003104
UBERON:0003421	UBERON:0007213
UBERON:0003421	UBERON:0009891
UBERON:0003422	UBERON:0003104
UBERON:0003422	UBERON:0005292
UBERON:0003424	UBERON:0003323
UBERON:0003425	UBERON:0000029
UBERON:0003426	UBERON:0001013
UBERON:0003426	UBERON:0003585
UBERON:0003427	UBERON:0003916
UBERON:0003427	UBERON:0007808
UBERON:0003428	UBERON:0003916
UBERON:0003428	UBERON:0005156
UBERON:0003429	UBERON:0003825
UBERON:0003430	UBERON:0001021
UBERON:0003431	UBERON:0003442
UBERON:0003432	UBERON:0003824
UBERON:0003433	UBERON:0003441
UBERON:0003434	UBERON:0003448
UBERON:0003435	UBERON:0003445
UBERON:0003436	UBERON:0001021
UBERON:0003437	UBERON:0001021
UBERON:0003438	UBERON:0001021
UBERON:0003439	UBERON:0001021
UBERON:0003440	UBERON:0001021
UBERON:0003441	UBERON:0003440
UBERON:0003442	UBERON:0003440
UBERON:0003443	UBERON:0001021
UBERON:0003444	UBERON:0003825
UBERON:0003445	UBERON:0003442
UBERON:0003446	UBERON:0003445
UBERON:0003447	UBERON:0003448
UBERON:0003448	UBERON:0003441
UBERON:0003449	UBERON:0001066
UBERON:0003450	UBERON:0001098
UBERON:0003450	UBERON:2001626
UBERON:0003451	UBERON:0001098
UBERON:0003451	UBERON:0003268
UBERON:0003452	UBERON:0018649
UBERON:0003453	UBERON:0001211
UBERON:0003454	UBERON:0001211
UBERON:0003455	UBERON:0034997
UBERON:0003456	UBERON:0001473
UBERON:0003457	UBERON:0007914
UBERON:0003458	UBERON:0001474
UBERON:0003459	UBERON:0003827
UBERON:0003459	UBERON:0005175
UBERON:0003460	UBERON:0008962
UBERON:0003461	UBERON:0010741
UBERON:0003462	UBERON:0003457
UBERON:0003463	UBERON:0001474
UBERON:0003463	UBERON:0005177
UBERON:0003464	UBERON:0002428
UBERON:0003464	UBERON:0010742
UBERON:0003464	UBERON:0015022
UBERON:0003466	UBERON:0003460
UBERON:0003467	UBERON:0001479
UBERON:0003467	UBERON:0004251
UBERON:0003467	UBERON:0011141
UBERON:0003468	UBERON:0004573
UBERON:0003469	UBERON:0001637
UBERON:0003469	UBERON:0003643
UBERON:0003470	UBERON:0003496
UBERON:0003470	UBERON:0009657
UBERON:0003471	UBERON:0003496
UBERON:0003471	UBERON:0009657
UBERON:0003472	UBERON:0001637
UBERON:0003472	UBERON:0003496
UBERON:0003473	UBERON:0001637
UBERON:0003473	UBERON:0003519
UBERON:0003474	UBERON:0001637
UBERON:0003475	UBERON:0001638
UBERON:0003475	UBERON:0003520
UBERON:0003476	UBERON:0001638
UBERON:0003477	UBERON:0013136
UBERON:0003478	UBERON:0013136
UBERON:0003479	UBERON:0001638
UBERON:0003479	UBERON:0003519
UBERON:0003480	UBERON:0001638
UBERON:0003480	UBERON:0005156
UBERON:0003481	UBERON:0001638
UBERON:0003481	UBERON:0003524
UBERON:0003482	UBERON:0001638
UBERON:0003482	UBERON:0005744
UBERON:0003483	UBERON:0001744
UBERON:0003484	UBERON:0003487
UBERON:0003484	UBERON:0003605
UBERON:0003485	UBERON:0001821
UBERON:0003485	UBERON:0005398
UBERON:0003487	UBERON:0001821
UBERON:0003488	UBERON:0001911
UBERON:0003488	UBERON:0005172
UBERON:0003489	UBERON:0001915
UBERON:0003489	UBERON:0004702
UBERON:0003490	UBERON:0001967
UBERON:0003492	UBERON:0003490
UBERON:0003493	UBERON:0003490
UBERON:0003494	UBERON:0001979
UBERON:0003494	UBERON:0003504
UBERON:0003495	UBERON:0001980
UBERON:0003495	UBERON:0003643
UBERON:0003496	UBERON:0001981
UBERON:0003497	UBERON:0003835
UBERON:0003498	UBERON:0003834
UBERON:0003498	UBERON:0005985
UBERON:0003499	UBERON:0001981
UBERON:0003500	UBERON:0003496
UBERON:0003501	UBERON:0003496
UBERON:0003502	UBERON:0001981
UBERON:0003503	UBERON:0003516
UBERON:0003504	UBERON:0001981
UBERON:0003505	UBERON:0003504
UBERON:0003506	UBERON:0003834
UBERON:0003507	UBERON:0003515
UBERON:0003508	UBERON:0003521
UBERON:0003509	UBERON:0001981
UBERON:0003510	UBERON:0003496
UBERON:0003511	UBERON:0003496
UBERON:0003512	UBERON:0003504
UBERON:0003512	UBERON:0003834
UBERON:0003513	UBERON:0001981
UBERON:0003514	UBERON:0007301
UBERON:0003515	UBERON:0003514
UBERON:0003515	UBERON:0007300
UBERON:0003516	UBERON:0003514
UBERON:0003517	UBERON:0003497
UBERON:0003518	UBERON:0003504
UBERON:0003519	UBERON:0001981
UBERON:0003520	UBERON:0003835
UBERON:0003521	UBERON:0003516
UBERON:0003522	UBERON:0003523
UBERON:0003523	UBERON:0003515
UBERON:0003524	UBERON:0001981
UBERON:0003526	UBERON:0001982
UBERON:0003526	UBERON:0003504
UBERON:0003527	UBERON:0001982
UBERON:0003527	UBERON:0003517
UBERON:0003528	UBERON:0002020
UBERON:0003529	UBERON:0002042
UBERON:0003529	UBERON:0004807
UBERON:0003530	UBERON:0001513
UBERON:0003530	UBERON:0015249
UBERON:0003531	UBERON:0001419
UBERON:0003532	UBERON:0001419
UBERON:0003533	UBERON:0001519
UBERON:0003533	UBERON:0015249
UBERON:0003534	UBERON:0000014
UBERON:0003535	UBERON:0002464
UBERON:0003536	UBERON:0002173
UBERON:0003537	UBERON:0002173
UBERON:0003538	UBERON:0002186
UBERON:0003539	UBERON:0002186
UBERON:0003540	UBERON:0002187
UBERON:0003540	UBERON:0003538
UBERON:0003541	UBERON:0002187
UBERON:0003541	UBERON:0003539
UBERON:0003542	UBERON:0002188
UBERON:0003542	UBERON:0003538
UBERON:0003543	UBERON:0002188
UBERON:0003543	UBERON:0003539
UBERON:0003544	UBERON:0002316
UBERON:0003546	UBERON:0002335
UBERON:0003547	UBERON:0002360
UBERON:0003548	UBERON:0003547
UBERON:0003549	UBERON:0002361
UBERON:0003549	UBERON:0003547
UBERON:0003550	UBERON:0003548
UBERON:0003550	UBERON:0003549
UBERON:0003551	UBERON:0003288
UBERON:0003551	UBERON:0003549
UBERON:0003552	UBERON:0003289
UBERON:0003552	UBERON:0003550
UBERON:0003553	UBERON:0003290
UBERON:0003553	UBERON:0003550
UBERON:0003554	UBERON:0003291
UBERON:0003554	UBERON:0003549
UBERON:0003555	UBERON:0002361
UBERON:0003555	UBERON:0003292
UBERON:0003556	UBERON:0002362
UBERON:0003556	UBERON:0003548
UBERON:0003557	UBERON:0002362
UBERON:0003557	UBERON:0003288
UBERON:0003558	UBERON:0003290
UBERON:0003558	UBERON:0003556
UBERON:0003559	UBERON:0002362
UBERON:0003559	UBERON:0003291
UBERON:0003560	UBERON:0002362
UBERON:0003560	UBERON:0003292
UBERON:0003561	UBERON:0002092
UBERON:0003561	UBERON:0003548
UBERON:0003562	UBERON:0002092
UBERON:0003562	UBERON:0003288
UBERON:0003563	UBERON:0003289
UBERON:0003563	UBERON:0003561
UBERON:0003564	UBERON:0003290
UBERON:0003564	UBERON:0003561
UBERON:0003565	UBERON:0002092
UBERON:0003565	UBERON:0003291
UBERON:0003566	UBERON:0002384
UBERON:0003567	UBERON:0003838
UBERON:0003568	UBERON:0002384
UBERON:0003569	UBERON:0003589
UBERON:0003570	UBERON:0002384
UBERON:0003571	UBERON:0003580
UBERON:0003572	UBERON:0003837
UBERON:0003573	UBERON:0003588
UBERON:0003574	UBERON:0003573
UBERON:0003575	UBERON:0003598
UBERON:0003576	UBERON:0002384
UBERON:0003577	UBERON:0003569
UBERON:0003578	UBERON:0003595
UBERON:0003578	UBERON:0015791
UBERON:0003579	UBERON:0002384
UBERON:0003580	UBERON:0003570
UBERON:0003581	UBERON:0003566
UBERON:0003582	UBERON:0003570
UBERON:0003583	UBERON:0003570
UBERON:0003584	UBERON:0002384
UBERON:0003585	UBERON:0002384
UBERON:0003585	UBERON:0010313
UBERON:0003586	UBERON:0002384
UBERON:0003587	UBERON:0002384
UBERON:0003588	UBERON:0003587
UBERON:0003589	UBERON:0003587
UBERON:0003590	UBERON:0003592
UBERON:0003591	UBERON:0000114
UBERON:0003591	UBERON:0003592
UBERON:0003592	UBERON:0003580
UBERON:0003593	UBERON:0002384
UBERON:0003594	UBERON:0003838
UBERON:0003595	UBERON:0003589
UBERON:0003596	UBERON:0003595
UBERON:0003597	UBERON:0003598
UBERON:0003597	UBERON:0015791
UBERON:0003598	UBERON:0003588
UBERON:0003599	UBERON:0002384
UBERON:0003601	UBERON:0007844
UBERON:0003603	UBERON:0003406
UBERON:0003604	UBERON:0003603
UBERON:0003605	UBERON:0002419
UBERON:0003605	UBERON:0004859
UBERON:0003605	UBERON:0015152
UBERON:0003606	UBERON:0002428
UBERON:0003606	UBERON:0002495
UBERON:0003607	UBERON:0003606
UBERON:0003607	UBERON:0008962
UBERON:0003608	UBERON:0003464
UBERON:0003608	UBERON:0003606
UBERON:0003609	UBERON:0003614
UBERON:0003610	UBERON:0003613
UBERON:0003610	UBERON:0003837
UBERON:0003611	UBERON:0002521
UBERON:0003611	UBERON:0003570
UBERON:0003613	UBERON:0002521
UBERON:0003614	UBERON:0003613
UBERON:0003615	UBERON:0000114
UBERON:0003615	UBERON:0003611
UBERON:0003616	UBERON:0003592
UBERON:0003616	UBERON:0003611
UBERON:0003617	UBERON:0003571
UBERON:0003617	UBERON:0003611
UBERON:0003618	UBERON:0002522
UBERON:0003619	UBERON:0002523
UBERON:0003619	UBERON:0004797
UBERON:0003620	UBERON:0001436
UBERON:0003620	UBERON:0015025
UBERON:0003622	UBERON:0006049
UBERON:0003622	UBERON:0019232
UBERON:0003623	UBERON:0006050
UBERON:0003623	UBERON:0019232
UBERON:0003624	UBERON:0006051
UBERON:0003624	UBERON:0019232
UBERON:0003625	UBERON:0006052
UBERON:0003625	UBERON:0019231
UBERON:0003631	UBERON:0006048
UBERON:0003631	UBERON:0019241
UBERON:0003632	UBERON:0006049
UBERON:0003632	UBERON:0019242
UBERON:0003633	UBERON:0006050
UBERON:0003633	UBERON:0019242
UBERON:0003634	UBERON:0006051
UBERON:0003634	UBERON:0019242
UBERON:0003635	UBERON:0006052
UBERON:0003635	UBERON:0019241
UBERON:0003636	UBERON:0001436
UBERON:0003636	UBERON:0015026
UBERON:0003637	UBERON:0001436
UBERON:0003637	UBERON:0015027
UBERON:0003638	UBERON:0001436
UBERON:0003638	UBERON:0015028
UBERON:0003639	UBERON:0001436
UBERON:0003639	UBERON:0015029
UBERON:0003640	UBERON:0001449
UBERON:0003640	UBERON:0015031
UBERON:0003641	UBERON:0001449
UBERON:0003641	UBERON:0015032
UBERON:0003642	UBERON:0001449
UBERON:0003642	UBERON:0015033
UBERON:0003643	UBERON:0003504
UBERON:0003643	UBERON:0003509
UBERON:0003644	UBERON:0003509
UBERON:0003644	UBERON:0003517
UBERON:0003645	UBERON:0002374
UBERON:0003645	UBERON:0013581
UBERON:0003645	UBERON:0015043
UBERON:0003646	UBERON:0002374
UBERON:0003646	UBERON:0013582
UBERON:0003646	UBERON:0015044
UBERON:0003647	UBERON:0002374
UBERON:0003647	UBERON:0013583
UBERON:0003647	UBERON:0015045
UBERON:0003648	UBERON:0002374
UBERON:0003648	UBERON:0013584
UBERON:0003648	UBERON:0015046
UBERON:0003649	UBERON:0002374
UBERON:0003649	UBERON:0013585
UBERON:0003649	UBERON:0015047
UBERON:0003650	UBERON:0001448
UBERON:0003650	UBERON:0013581
UBERON:0003650	UBERON:0015037
UBERON:0003651	UBERON:0001448
UBERON:0003651	UBERON:0013582
UBERON:0003651	UBERON:0015038
UBERON:0003652	UBERON:0001448
UBERON:0003652	UBERON:0013583
UBERON:0003652	UBERON:0015039
UBERON:0003653	UBERON:0001448
UBERON:0003653	UBERON:0013584
UBERON:0003653	UBERON:0015040
UBERON:0003654	UBERON:0001448
UBERON:0003654	UBERON:0013585
UBERON:0003654	UBERON:0015041
UBERON:0003655	UBERON:0013164
UBERON:0003656	UBERON:0011250
UBERON:0003656	UBERON:0013630
UBERON:0003657	UBERON:0000982
UBERON:0003658	UBERON:0010890
UBERON:0003659	UBERON:0001498
UBERON:0003660	UBERON:0001630
UBERON:0003661	UBERON:0014892
UBERON:0003662	UBERON:0003661
UBERON:0003662	UBERON:0014794
UBERON:0003663	UBERON:0003661
UBERON:0003663	UBERON:0014795
UBERON:0003664	UBERON:0001500
UBERON:0003665	UBERON:0004518
UBERON:0003666	UBERON:0003655
UBERON:0003666	UBERON:0011593
UBERON:0003667	UBERON:0003655
UBERON:0003667	UBERON:0011594
UBERON:0003668	UBERON:0000062
UBERON:0003669	UBERON:0004266
UBERON:0003669	UBERON:0011236
UBERON:0003670	UBERON:0000456
UBERON:0003671	UBERON:0006659
UBERON:0003672	UBERON:0034925
UBERON:0003673	UBERON:0000211
UBERON:0003674	UBERON:0001091
UBERON:0003675	UBERON:0000063
UBERON:0003676	UBERON:0011088
UBERON:0003677	UBERON:0000063
UBERON:0003678	UBERON:0000015
UBERON:0003679	UBERON:0001444
UBERON:0003680	UBERON:0006659
UBERON:0003681	UBERON:0011648
UBERON:0003681	UBERON:0018544
UBERON:0003682	UBERON:0010959
UBERON:0003682	UBERON:0013765
UBERON:0003683	UBERON:0000477
UBERON:0003684	UBERON:0000464
UBERON:0003685	UBERON:0009198
UBERON:0003686	UBERON:0002553
UBERON:0003687	UBERON:0013685
UBERON:0003688	UBERON:0034944
UBERON:0003689	UBERON:0005913
UBERON:0003690	UBERON:0003828
UBERON:0003690	UBERON:0004247
UBERON:0003690	UBERON:0005179
UBERON:0003690	UBERON:0006075
UBERON:0003690	UBERON:0008001
UBERON:0003691	UBERON:0010276
UBERON:0003692	UBERON:0011108
UBERON:0003692	UBERON:0016884
UBERON:0003693	UBERON:0000464
UBERON:0003694	UBERON:0000982
UBERON:0003695	UBERON:0001489
UBERON:0003696	UBERON:0001487
UBERON:0003697	UBERON:0000060
UBERON:0003698	UBERON:0008447
UBERON:0003699	UBERON:0002216
UBERON:0003699	UBERON:0008114
UBERON:0003700	UBERON:0011171
UBERON:0003700	UBERON:0015212
UBERON:0003701	UBERON:0000043
UBERON:0003701	UBERON:0004270
UBERON:0003701	UBERON:0008846
UBERON:0003702	UBERON:0004111
UBERON:0003703	UBERON:0002394
UBERON:0003704	UBERON:0002394
UBERON:0003705	UBERON:0006590
UBERON:0003706	UBERON:0015212
UBERON:0003706	UBERON:0034681
UBERON:0003707	UBERON:0000064
UBERON:0003708	UBERON:0001530
UBERON:0003709	UBERON:0004573
UBERON:0003710	UBERON:0001981
UBERON:0003711	UBERON:0001638
UBERON:0003712	UBERON:0005486
UBERON:0003713	UBERON:0001638
UBERON:0003714	UBERON:0000479
UBERON:0003715	UBERON:0034729
UBERON:0003716	UBERON:0011779
UBERON:0003716	UBERON:0035642
UBERON:0003718	UBERON:0000061
UBERON:0003719	UBERON:8900000
UBERON:0003720	UBERON:0008789
UBERON:0003721	UBERON:0011779
UBERON:0003722	UBERON:0008789
UBERON:0003723	UBERON:0011779
UBERON:0003724	UBERON:0001021
UBERON:0003725	UBERON:0000122
UBERON:0003725	UBERON:0001813
UBERON:0003726	UBERON:0001780
UBERON:0003727	UBERON:0001780
UBERON:0003728	UBERON:0002553
UBERON:0003729	UBERON:0000344
UBERON:0003820	UBERON:0004902
UBERON:0003820	UBERON:0005153
UBERON:0003821	UBERON:0002495
UBERON:0003821	UBERON:0003606
UBERON:0003821	UBERON:0012357
UBERON:0003822	UBERON:0002472
UBERON:0003822	UBERON:0008785
UBERON:0003823	UBERON:0002471
UBERON:0003823	UBERON:0008784
UBERON:0003824	UBERON:0003439
UBERON:0003825	UBERON:0003439
UBERON:0003826	UBERON:0005893
UBERON:0003827	UBERON:0003463
UBERON:0003827	UBERON:0005181
UBERON:0003828	UBERON:0003463
UBERON:0003828	UBERON:0005173
UBERON:0003829	UBERON:0005090
UBERON:0003830	UBERON:0001774
UBERON:0003830	UBERON:0005181
UBERON:0003831	UBERON:0001630
UBERON:0003832	UBERON:0001630
UBERON:0003832	UBERON:0013765
UBERON:0003833	UBERON:0001774
UBERON:0003833	UBERON:0005173
UBERON:0003834	UBERON:0003513
UBERON:0003835	UBERON:0003513
UBERON:0003836	UBERON:0001085
UBERON:0003837	UBERON:0003586
UBERON:0003838	UBERON:0003586
UBERON:0003839	UBERON:0003657
UBERON:0003840	UBERON:0003657
UBERON:0003841	UBERON:0003657
UBERON:0003842	UBERON:0000464
UBERON:0003843	UBERON:0000483
UBERON:0003844	UBERON:0035034
UBERON:0003845	UBERON:0035034
UBERON:0003846	UBERON:0000483
UBERON:0003847	UBERON:0001637
UBERON:0003848	UBERON:0001638
UBERON:0003849	UBERON:0002342
UBERON:0003849	UBERON:0003099
UBERON:0003850	UBERON:0002342
UBERON:0003851	UBERON:0002342
UBERON:0003852	UBERON:0002342
UBERON:0003852	UBERON:0003099
UBERON:0003853	UBERON:0002342
UBERON:0003854	UBERON:0003075
UBERON:0003855	UBERON:0003104
UBERON:0003855	UBERON:0005156
UBERON:0003856	UBERON:0007213
UBERON:0003856	UBERON:0007529
UBERON:0003857	UBERON:0010330
UBERON:0003858	UBERON:0010330
UBERON:0003859	UBERON:0009749
UBERON:0003860	UBERON:0009749
UBERON:0003861	UBERON:0002513
UBERON:0003861	UBERON:0010358
UBERON:0003862	UBERON:0001449
UBERON:0003862	UBERON:0015034
UBERON:0003863	UBERON:0001449
UBERON:0003863	UBERON:0015035
UBERON:0003864	UBERON:0001436
UBERON:0003864	UBERON:0004301
UBERON:0003865	UBERON:0001436
UBERON:0003865	UBERON:0004300
UBERON:0003866	UBERON:0001449
UBERON:0003866	UBERON:0004301
UBERON:0003867	UBERON:0001449
UBERON:0003867	UBERON:0004300
UBERON:0003868	UBERON:0001449
UBERON:0003868	UBERON:0004302
UBERON:0003869	UBERON:0006598
UBERON:0003876	UBERON:0002616
UBERON:0003881	UBERON:0003876
UBERON:0003882	UBERON:0003876
UBERON:0003883	UBERON:0003876
UBERON:0003884	UBERON:0003876
UBERON:0003885	UBERON:0001297
UBERON:0003885	UBERON:0002095
UBERON:0003886	UBERON:0000464
UBERON:0003887	UBERON:0002050
UBERON:0003888	UBERON:0012466
UBERON:0003889	UBERON:0004120
UBERON:0003889	UBERON:0013515
UBERON:0003889	UBERON:0015212
UBERON:0003890	UBERON:0000025
UBERON:0003890	UBERON:0004120
UBERON:0003890	UBERON:0015212
UBERON:0003891	UBERON:0000064
UBERON:0003893	UBERON:0000158
UBERON:0003894	UBERON:0000485
UBERON:0003894	UBERON:0001048
UBERON:0003894	UBERON:0005291
UBERON:0003894	UBERON:0006598
UBERON:0003894	UBERON:0009497
UBERON:0003895	UBERON:0001134
UBERON:0003897	UBERON:0014892
UBERON:0003898	UBERON:0001134
UBERON:0003900	UBERON:0001134
UBERON:0003901	UBERON:0003037
UBERON:0003902	UBERON:0001781
UBERON:0003902	UBERON:0004121
UBERON:0003903	UBERON:0004177
UBERON:0003903	UBERON:0011510
UBERON:0003903	UBERON:0013765
UBERON:0003904	UBERON:0000064
UBERON:0003905	UBERON:0000064
UBERON:0003906	UBERON:0000479
UBERON:0003907	UBERON:0002087
UBERON:0003908	UBERON:0002087
UBERON:0003909	UBERON:0001982
UBERON:0003909	UBERON:2005260
UBERON:0003910	UBERON:0003497
UBERON:0003910	UBERON:0003909
UBERON:0003911	UBERON:0000483
UBERON:0003912	UBERON:0003913
UBERON:0003913	UBERON:0004765
UBERON:0003914	UBERON:0000025
UBERON:0003914	UBERON:0000483
UBERON:0003915	UBERON:0001986
UBERON:0003915	UBERON:0003914
UBERON:0003916	UBERON:0001013
UBERON:0003917	UBERON:0000062
UBERON:0003918	UBERON:0003104
UBERON:0003920	UBERON:0001981
UBERON:0003921	UBERON:0001048
UBERON:0003921	UBERON:0006598
UBERON:0003922	UBERON:0005291
UBERON:0003922	UBERON:0005911
UBERON:0003922	UBERON:0007499
UBERON:0003923	UBERON:0003922
UBERON:0003924	UBERON:0003922
UBERON:0003925	UBERON:0001781
UBERON:0003926	UBERON:0001781
UBERON:0003928	UBERON:0000058
UBERON:0003929	UBERON:0000483
UBERON:0003930	UBERON:0002165
UBERON:0003931	UBERON:0019261
UBERON:0003932	UBERON:0003933
UBERON:0003933	UBERON:0007844
UBERON:0003934	UBERON:0003104
UBERON:0003935	UBERON:0003104
UBERON:0003936	UBERON:0011590
UBERON:0003937	UBERON:0002530
UBERON:0003937	UBERON:0005156
UBERON:0003938	UBERON:0010000
UBERON:0003939	UBERON:0000200
UBERON:0003941	UBERON:0004720
UBERON:0003942	UBERON:0001032
UBERON:0003943	UBERON:0002836
UBERON:0003945	UBERON:0010000
UBERON:0003946	UBERON:0005156
UBERON:0003947	UBERON:0010000
UBERON:0003948	UBERON:0000119
UBERON:0003949	UBERON:0002372
UBERON:0003950	UBERON:0000464
UBERON:0003951	UBERON:0000064
UBERON:0003952	UBERON:0003566
UBERON:0003953	UBERON:0003566
UBERON:0003954	UBERON:0003685
UBERON:0003955	UBERON:0003675
UBERON:0003956	UBERON:0000467
UBERON:0003957	UBERON:0000476
UBERON:0003958	UBERON:0005055
UBERON:0003959	UBERON:0004111
UBERON:0003959	UBERON:0004120
UBERON:0003959	UBERON:0005156
UBERON:0003960	UBERON:0004530
UBERON:0003960	UBERON:0010313
UBERON:0003961	UBERON:0007702
UBERON:0003962	UBERON:0001808
UBERON:0003963	UBERON:0001714
UBERON:0003963	UBERON:0001808
UBERON:0003964	UBERON:0001806
UBERON:0003965	UBERON:0006134
UBERON:0003966	UBERON:0003457
UBERON:0003967	UBERON:0002521
UBERON:0003968	UBERON:0000029
UBERON:0003970	UBERON:0006876
UBERON:0003971	UBERON:0003462
UBERON:0003972	UBERON:0005156
UBERON:0003973	UBERON:0001762
UBERON:0003973	UBERON:0003462
UBERON:0003974	UBERON:0004120
UBERON:0003974	UBERON:0013515
UBERON:0003975	UBERON:0003134
UBERON:0003975	UBERON:0004175
UBERON:0003976	UBERON:0000025
UBERON:0003977	UBERON:0000025
UBERON:0003978	UBERON:0000064
UBERON:0003979	UBERON:0003978
UBERON:0003980	UBERON:0014466
UBERON:0003981	UBERON:0001305
UBERON:0003982	UBERON:0001305
UBERON:0003983	UBERON:0004151
UBERON:0003984	UBERON:0013515
UBERON:0003985	UBERON:0001838
UBERON:0003986	UBERON:0001838
UBERON:0003987	UBERON:0034922
UBERON:0003988	UBERON:0007651
UBERON:0003989	UBERON:0013118
UBERON:0003990	UBERON:0016550
UBERON:0003991	UBERON:0004668
UBERON:0003992	UBERON:0004668
UBERON:0003993	UBERON:0004111
UBERON:0003994	UBERON:0000211
UBERON:0003994	UBERON:0005179
UBERON:0003995	UBERON:0008789
UBERON:0003996	UBERON:0004530
UBERON:0003997	UBERON:0010273
UBERON:0003997	UBERON:0015212
UBERON:0003998	UBERON:0010273
UBERON:0003998	UBERON:0010313
UBERON:0003998	UBERON:0015212
UBERON:0003999	UBERON:0010273
UBERON:0004000	UBERON:0011846
UBERON:0004001	UBERON:0011215
UBERON:0004001	UBERON:0022303
UBERON:0004002	UBERON:0005293
UBERON:0004003	UBERON:0004004
UBERON:0004004	UBERON:0002749
UBERON:0004006	UBERON:0002749
UBERON:0004008	UBERON:0000490
UBERON:0004008	UBERON:0005291
UBERON:0004009	UBERON:0004720
UBERON:0004010	UBERON:0003718
UBERON:0004011	UBERON:0003718
UBERON:0004012	UBERON:0000020
UBERON:0004013	UBERON:0000119
UBERON:0004013	UBERON:0005291
UBERON:0004014	UBERON:0004084
UBERON:0004014	UBERON:0004120
UBERON:0004015	UBERON:0000015
UBERON:0004016	UBERON:0017650
UBERON:0004017	UBERON:0003104
UBERON:0004017	UBERON:0010314
UBERON:0004019	UBERON:0018389
UBERON:0004021	UBERON:0000119
UBERON:0004021	UBERON:0005156
UBERON:0004021	UBERON:0005292
UBERON:0004022	UBERON:0005291
UBERON:0004022	UBERON:0034706
UBERON:0004023	UBERON:0002050
UBERON:0004024	UBERON:0002050
UBERON:0004025	UBERON:0002050
UBERON:0004026	UBERON:0002050
UBERON:0004027	UBERON:0005156
UBERON:0004027	UBERON:0005292
UBERON:0004029	UBERON:0003496
UBERON:0004029	UBERON:0009141
UBERON:0004030	UBERON:0003496
UBERON:0004030	UBERON:0009141
UBERON:0004031	UBERON:0007213
UBERON:0004032	UBERON:0000061
UBERON:0004033	UBERON:0000061
UBERON:0004034	UBERON:0000476
UBERON:0004035	UBERON:0014950
UBERON:0004040	UBERON:0014950
UBERON:0004041	UBERON:0001249
UBERON:0004041	UBERON:0010422
UBERON:0004042	UBERON:0001249
UBERON:0004042	UBERON:0001745
UBERON:0004043	UBERON:0010000
UBERON:0004044	UBERON:0004877
UBERON:0004045	UBERON:0004921
UBERON:0004046	UBERON:0000089
UBERON:0004047	UBERON:0004050
UBERON:0004048	UBERON:0004050
UBERON:0004048	UBERON:0005219
UBERON:0004049	UBERON:0004050
UBERON:0004050	UBERON:0000315
UBERON:0004051	UBERON:0004049
UBERON:0004052	UBERON:0004050
UBERON:0004053	UBERON:0003135
UBERON:0004053	UBERON:0004176
UBERON:0004054	UBERON:0003135
UBERON:0004054	UBERON:0004175
UBERON:0004055	UBERON:0016566
UBERON:0004056	UBERON:0002050
UBERON:0004057	UBERON:0001134
UBERON:0004058	UBERON:0000025
UBERON:0004059	UBERON:0003990
UBERON:0004060	UBERON:0005291
UBERON:0004060	UBERON:0010371
UBERON:0004060	UBERON:0034706
UBERON:0004061	UBERON:0005291
UBERON:0004061	UBERON:0034707
UBERON:0004062	UBERON:0005162
UBERON:0004063	UBERON:0005882
UBERON:0004064	UBERON:0005291
UBERON:0004066	UBERON:0009292
UBERON:0004067	UBERON:0009292
UBERON:0004068	UBERON:0009292
UBERON:0004069	UBERON:0002616
UBERON:0004070	UBERON:0004004
UBERON:0004073	UBERON:0008995
UBERON:0004074	UBERON:0004070
UBERON:0004075	UBERON:0004070
UBERON:0004076	UBERON:0004070
UBERON:0004077	UBERON:0004070
UBERON:0004078	UBERON:0004070
UBERON:0004079	UBERON:0004070
UBERON:0004080	UBERON:0004070
UBERON:0004081	UBERON:0004070
UBERON:0004082	UBERON:0004070
UBERON:0004083	UBERON:0004070
UBERON:0004084	UBERON:0015212
UBERON:0004084	UBERON:8480029
UBERON:0004085	UBERON:0004084
UBERON:0004086	UBERON:0003947
UBERON:0004086	UBERON:0005358
UBERON:0004087	UBERON:0003479
UBERON:0004087	UBERON:0013768
UBERON:0004088	UBERON:0001444
UBERON:0004089	UBERON:0001444
UBERON:0004090	UBERON:0034921
UBERON:0004092	UBERON:0000467
UBERON:0004096	UBERON:0004530
UBERON:0004098	UBERON:0005055
UBERON:0004099	UBERON:0000464
UBERON:0004100	UBERON:0000467
UBERON:0004101	UBERON:0001444
UBERON:0004103	UBERON:0005913
UBERON:0004104	UBERON:0006800
UBERON:0004105	UBERON:0000477
UBERON:0004106	UBERON:0001867
UBERON:0004108	UBERON:0005913
UBERON:0004109	UBERON:0001439
UBERON:0004109	UBERON:0004269
UBERON:0004109	UBERON:0005808
UBERON:0004110	UBERON:0002553
UBERON:0004111	UBERON:0010000
UBERON:0004113	UBERON:0002376
UBERON:0004114	UBERON:0002553
UBERON:0004114	UBERON:0005082
UBERON:0004114	UBERON:0010064
UBERON:0004115	UBERON:0003496
UBERON:0004116	UBERON:0011779
UBERON:0004117	UBERON:0000490
UBERON:0004117	UBERON:0002050
UBERON:0004117	UBERON:0003258
UBERON:0004117	UBERON:0005291
UBERON:0004118	UBERON:0002203
UBERON:0004119	UBERON:0000061
UBERON:0004120	UBERON:0000061
UBERON:0004121	UBERON:0000061
UBERON:0004122	UBERON:0000467
UBERON:0004123	UBERON:0005983
UBERON:0004124	UBERON:0004123
UBERON:0004125	UBERON:0004123
UBERON:0004126	UBERON:0004124
UBERON:0004127	UBERON:0004125
UBERON:0004128	UBERON:0000479
UBERON:0004128	UBERON:0004121
UBERON:0004129	UBERON:0002418
UBERON:0004130	UBERON:0011215
UBERON:0004130	UBERON:0016548
UBERON:0004132	UBERON:0000126
UBERON:0004132	UBERON:0002925
UBERON:0004133	UBERON:0006331
UBERON:0004133	UBERON:0009662
UBERON:0004134	UBERON:0006853
UBERON:0004135	UBERON:0007685
UBERON:0004136	UBERON:0007685
UBERON:0004138	UBERON:0001774
UBERON:0004139	UBERON:0002050
UBERON:0004140	UBERON:0002050
UBERON:0004140	UBERON:0005291
UBERON:0004140	UBERON:0007688
UBERON:0004141	UBERON:0003914
UBERON:0004141	UBERON:0005291
UBERON:0004141	UBERON:0012275
UBERON:0004142	UBERON:0002099
UBERON:0004145	UBERON:0004111
UBERON:0004146	UBERON:0010131
UBERON:0004146	UBERON:0018649
UBERON:0004148	UBERON:0003498
UBERON:0004148	UBERON:0005194
UBERON:0004148	UBERON:0013140
UBERON:0004149	UBERON:0000946
UBERON:0004150	UBERON:0000946
UBERON:0004151	UBERON:0000064
UBERON:0004152	UBERON:0004151
UBERON:0004153	UBERON:0002094
UBERON:0004153	UBERON:0010313
UBERON:0004154	UBERON:0002085
UBERON:0004155	UBERON:0002085
UBERON:0004159	UBERON:0002085
UBERON:0004160	UBERON:0003104
UBERON:0004161	UBERON:0003104
UBERON:0004162	UBERON:0002036
UBERON:0004163	UBERON:0000479
UBERON:0004163	UBERON:0004121
UBERON:0004164	UBERON:0001630
UBERON:0004164	UBERON:0004120
UBERON:0004166	UBERON:0007245
UBERON:0004166	UBERON:0019263
UBERON:0004167	UBERON:0000200
UBERON:0004167	UBERON:0015593
UBERON:0004170	UBERON:0007838
UBERON:0004171	UBERON:0001018
UBERON:0004172	UBERON:0001018
UBERON:0004173	UBERON:0001018
UBERON:0004175	UBERON:0003133
UBERON:0004176	UBERON:0003133
UBERON:0004177	UBERON:0000062
UBERON:0004178	UBERON:0004237
UBERON:0004178	UBERON:0004695
UBERON:0004179	UBERON:0005156
UBERON:0004179	UBERON:0009842
UBERON:0004180	UBERON:0001013
UBERON:0004180	UBERON:0003584
UBERON:0004182	UBERON:0003244
UBERON:0004182	UBERON:0005154
UBERON:0004182	UBERON:0010371
UBERON:0004182	UBERON:0034969
UBERON:0004183	UBERON:0022358
UBERON:0004184	UBERON:0003891
UBERON:0004184	UBERON:0005156
UBERON:0004185	UBERON:0004119
UBERON:0004185	UBERON:0004921
UBERON:0004186	UBERON:0004001
UBERON:0004187	UBERON:0002365
UBERON:0004187	UBERON:0004859
UBERON:0004187	UBERON:0015153
UBERON:0004188	UBERON:0004211
UBERON:0004189	UBERON:0004188
UBERON:0004189	UBERON:0004852
UBERON:0004190	UBERON:0006544
UBERON:0004193	UBERON:0007685
UBERON:0004194	UBERON:0001285
UBERON:0004195	UBERON:0001285
UBERON:0004196	UBERON:0006555
UBERON:0004197	UBERON:0006555
UBERON:0004198	UBERON:0005423
UBERON:0004199	UBERON:0005423
UBERON:0004200	UBERON:0000064
UBERON:0004201	UBERON:0010000
UBERON:0004202	UBERON:0010000
UBERON:0004203	UBERON:0013522
UBERON:0004204	UBERON:0001232
UBERON:0004205	UBERON:0001232
UBERON:0004206	UBERON:0006555
UBERON:0004207	UBERON:0006555
UBERON:0004208	UBERON:0003104
UBERON:0004209	UBERON:0007503
UBERON:0004211	UBERON:0004819
UBERON:0004212	UBERON:0003527
UBERON:0004214	UBERON:0003431
UBERON:0004215	UBERON:0001021
UBERON:0004216	UBERON:0003433
UBERON:0004217	UBERON:0003433
UBERON:0004218	UBERON:0003431
UBERON:0004219	UBERON:0001135
UBERON:0004220	UBERON:0004221
UBERON:0004221	UBERON:0004226
UBERON:0004222	UBERON:0004226
UBERON:0004223	UBERON:0001135
UBERON:0004223	UBERON:0005156
UBERON:0004224	UBERON:0005156
UBERON:0004224	UBERON:0006660
UBERON:0004224	UBERON:0034933
UBERON:0004225	UBERON:0001135
UBERON:0004226	UBERON:0001135
UBERON:0004227	UBERON:0001135
UBERON:0004228	UBERON:0001135
UBERON:0004229	UBERON:0004228
UBERON:0004230	UBERON:0004228
UBERON:0004231	UBERON:0001135
UBERON:0004232	UBERON:0001135
UBERON:0004233	UBERON:0004225
UBERON:0004234	UBERON:0003386
UBERON:0004235	UBERON:0001135
UBERON:0004236	UBERON:0004237
UBERON:0004236	UBERON:0004695
UBERON:0004237	UBERON:0001135
UBERON:0004238	UBERON:0001135
UBERON:0004239	UBERON:0004221
UBERON:0004240	UBERON:0001135
UBERON:0004241	UBERON:0004242
UBERON:0004242	UBERON:0004233
UBERON:0004243	UBERON:0001135
UBERON:0004243	UBERON:0008715
UBERON:0004245	UBERON:0001135
UBERON:0004245	UBERON:0005156
UBERON:0004246	UBERON:0001135
UBERON:0004247	UBERON:0001474
UBERON:0004247	UBERON:0005174
UBERON:0004248	UBERON:0012359
UBERON:0004249	UBERON:0012358
UBERON:0004250	UBERON:0003460
UBERON:0004251	UBERON:0005893
UBERON:0004252	UBERON:0001383
UBERON:0004253	UBERON:0001630
UBERON:0004254	UBERON:0001499
UBERON:0004255	UBERON:0001499
UBERON:0004256	UBERON:0001383
UBERON:0004257	UBERON:0003503
UBERON:0004258	UBERON:0001981
UBERON:0004259	UBERON:0003507
UBERON:0004260	UBERON:0003507
UBERON:0004261	UBERON:0003503
UBERON:0004262	UBERON:0001511
UBERON:0004263	UBERON:0002427
UBERON:0004264	UBERON:0001511
UBERON:0004265	UBERON:0002349
UBERON:0004266	UBERON:0003569
UBERON:0004267	UBERON:0002384
UBERON:0004268	UBERON:0003573
UBERON:0004269	UBERON:0003573
UBERON:0004270	UBERON:0003569
UBERON:0004271	UBERON:0002407
UBERON:0004273	UBERON:0003685
UBERON:0004274	UBERON:0003911
UBERON:0004275	UBERON:0003911
UBERON:0004276	UBERON:0003911
UBERON:0004277	UBERON:0001630
UBERON:0004288	UBERON:0034925
UBERON:0004289	UBERON:0000062
UBERON:0004290	UBERON:0000486
UBERON:0004290	UBERON:0016888
UBERON:0004291	UBERON:0012275
UBERON:0004292	UBERON:0003837
UBERON:0004293	UBERON:0001021
UBERON:0004294	UBERON:0001915
UBERON:0004294	UBERON:0004189
UBERON:0004295	UBERON:0002464
UBERON:0004296	UBERON:0004225
UBERON:0004296	UBERON:0004232
UBERON:0004297	UBERON:0004225
UBERON:0004297	UBERON:0004237
UBERON:0004300	UBERON:0003221
UBERON:0004301	UBERON:0003221
UBERON:0004302	UBERON:0003221
UBERON:0004311	UBERON:0003636
UBERON:0004311	UBERON:0003865
UBERON:0004311	UBERON:0014484
UBERON:0004312	UBERON:0003637
UBERON:0004312	UBERON:0003865
UBERON:0004312	UBERON:0014485
UBERON:0004313	UBERON:0003638
UBERON:0004313	UBERON:0003865
UBERON:0004313	UBERON:0014486
UBERON:0004314	UBERON:0003639
UBERON:0004314	UBERON:0003865
UBERON:0004314	UBERON:0014487
UBERON:0004315	UBERON:0003640
UBERON:0004315	UBERON:0003867
UBERON:0004315	UBERON:0014483
UBERON:0004316	UBERON:0003641
UBERON:0004316	UBERON:0003867
UBERON:0004316	UBERON:0014484
UBERON:0004317	UBERON:0003642
UBERON:0004317	UBERON:0003867
UBERON:0004317	UBERON:0014485
UBERON:0004318	UBERON:0003862
UBERON:0004318	UBERON:0003867
UBERON:0004318	UBERON:0014486
UBERON:0004319	UBERON:0003863
UBERON:0004319	UBERON:0003867
UBERON:0004319	UBERON:0014487
UBERON:0004320	UBERON:0003636
UBERON:0004320	UBERON:0003864
UBERON:0004320	UBERON:0014488
UBERON:0004321	UBERON:0003637
UBERON:0004321	UBERON:0003864
UBERON:0004321	UBERON:0014489
UBERON:0004322	UBERON:0003638
UBERON:0004322	UBERON:0003864
UBERON:0004322	UBERON:0014490
UBERON:0004323	UBERON:0003639
UBERON:0004323	UBERON:0003864
UBERON:0004323	UBERON:0014491
UBERON:0004324	UBERON:0003641
UBERON:0004324	UBERON:0003866
UBERON:0004324	UBERON:0014488
UBERON:0004325	UBERON:0003642
UBERON:0004325	UBERON:0003866
UBERON:0004325	UBERON:0014489
UBERON:0004326	UBERON:0003862
UBERON:0004326	UBERON:0003866
UBERON:0004326	UBERON:0014490
UBERON:0004327	UBERON:0003863
UBERON:0004327	UBERON:0003866
UBERON:0004327	UBERON:0014491
UBERON:0004328	UBERON:0002234
UBERON:0004328	UBERON:0003636
UBERON:0004328	UBERON:0014502
UBERON:0004329	UBERON:0002234
UBERON:0004329	UBERON:0003637
UBERON:0004329	UBERON:0014503
UBERON:0004330	UBERON:0002234
UBERON:0004330	UBERON:0003638
UBERON:0004330	UBERON:0014504
UBERON:0004331	UBERON:0002234
UBERON:0004331	UBERON:0003639
UBERON:0004331	UBERON:0014505
UBERON:0004332	UBERON:0003640
UBERON:0004332	UBERON:0003868
UBERON:0004332	UBERON:0014501
UBERON:0004333	UBERON:0003641
UBERON:0004333	UBERON:0003868
UBERON:0004333	UBERON:0014502
UBERON:0004334	UBERON:0003642
UBERON:0004334	UBERON:0003868
UBERON:0004334	UBERON:0014503
UBERON:0004335	UBERON:0003862
UBERON:0004335	UBERON:0003868
UBERON:0004335	UBERON:0014504
UBERON:0004336	UBERON:0003863
UBERON:0004336	UBERON:0003868
UBERON:0004336	UBERON:0014505
UBERON:0004337	UBERON:0003620
UBERON:0004337	UBERON:0003865
UBERON:0004337	UBERON:0014483
UBERON:0004338	UBERON:0002234
UBERON:0004338	UBERON:0003620
UBERON:0004338	UBERON:0014501
UBERON:0004339	UBERON:0010912
UBERON:0004340	UBERON:0005631
UBERON:0004341	UBERON:0000485
UBERON:0004341	UBERON:0005291
UBERON:0004344	UBERON:0001638
UBERON:0004345	UBERON:0000490
UBERON:0004345	UBERON:0005292
UBERON:0004346	UBERON:0004120
UBERON:0004346	UBERON:0005156
UBERON:0004346	UBERON:0005172
UBERON:0004346	UBERON:0008845
UBERON:0004347	UBERON:0004357
UBERON:0004348	UBERON:0006598
UBERON:0004353	UBERON:0003702
UBERON:0004353	UBERON:0005156
UBERON:0004354	UBERON:0003702
UBERON:0004354	UBERON:0005156
UBERON:0004356	UBERON:0002050
UBERON:0004357	UBERON:0003102
UBERON:0004357	UBERON:0006598
UBERON:0004358	UBERON:0000064
UBERON:0004358	UBERON:0005156
UBERON:0004359	UBERON:0000064
UBERON:0004359	UBERON:0005156
UBERON:0004360	UBERON:0000064
UBERON:0004360	UBERON:0005156
UBERON:0004361	UBERON:0008846
UBERON:0004361	UBERON:0010313
UBERON:0004362	UBERON:0002539
UBERON:0004363	UBERON:0001637
UBERON:0004363	UBERON:0003469
UBERON:0004363	UBERON:0006598
UBERON:0004363	UBERON:0010314
UBERON:0004364	UBERON:0002050
UBERON:0004365	UBERON:0001981
UBERON:0004366	UBERON:0000478
UBERON:0004367	UBERON:0005769
UBERON:0004368	UBERON:0003406
UBERON:0004368	UBERON:0010313
UBERON:0004368	UBERON:0013765
UBERON:0004369	UBERON:0000158
UBERON:0004370	UBERON:0000061
UBERON:0004370	UBERON:0005769
UBERON:0004374	UBERON:0002049
UBERON:0004375	UBERON:0010740
UBERON:0004376	UBERON:0001474
UBERON:0004377	UBERON:0001438
UBERON:0004378	UBERON:0001438
UBERON:0004379	UBERON:0001437
UBERON:0004380	UBERON:0001437
UBERON:0004381	UBERON:0010712
UBERON:0004381	UBERON:0011582
UBERON:0004382	UBERON:0001437
UBERON:0004383	UBERON:0001437
UBERON:0004384	UBERON:0001437
UBERON:0004385	UBERON:0001437
UBERON:0004386	UBERON:0001437
UBERON:0004387	UBERON:0004446
UBERON:0004388	UBERON:0001437
UBERON:0004389	UBERON:0011973
UBERON:0004390	UBERON:0001437
UBERON:0004391	UBERON:0004390
UBERON:0004392	UBERON:0004390
UBERON:0004393	UBERON:0004390
UBERON:0004394	UBERON:0004390
UBERON:0004395	UBERON:0004389
UBERON:0004396	UBERON:0004389
UBERON:0004397	UBERON:0004389
UBERON:0004398	UBERON:0004389
UBERON:0004399	UBERON:0004389
UBERON:0004400	UBERON:0005808
UBERON:0004401	UBERON:0004400
UBERON:0004402	UBERON:0004400
UBERON:0004403	UBERON:0016896
UBERON:0004404	UBERON:0004379
UBERON:0004404	UBERON:0004382
UBERON:0004405	UBERON:0004379
UBERON:0004405	UBERON:0004383
UBERON:0004406	UBERON:0004379
UBERON:0004406	UBERON:0004384
UBERON:0004407	UBERON:0004379
UBERON:0004407	UBERON:0004385
UBERON:0004408	UBERON:0004379
UBERON:0004408	UBERON:0004386
UBERON:0004409	UBERON:0004387
UBERON:0004409	UBERON:0004448
UBERON:0004410	UBERON:0004379
UBERON:0004410	UBERON:0004388
UBERON:0004411	UBERON:0004380
UBERON:0004411	UBERON:0004382
UBERON:0004412	UBERON:0004380
UBERON:0004412	UBERON:0004384
UBERON:0004413	UBERON:0004380
UBERON:0004413	UBERON:0004385
UBERON:0004414	UBERON:0004387
UBERON:0004414	UBERON:0004447
UBERON:0004415	UBERON:0004380
UBERON:0004415	UBERON:0004389
UBERON:0004416	UBERON:0004380
UBERON:0004416	UBERON:0004390
UBERON:0004417	UBERON:0004414
UBERON:0004418	UBERON:0004414
UBERON:0004419	UBERON:0004414
UBERON:0004420	UBERON:0004414
UBERON:0004421	UBERON:0004414
UBERON:0004422	UBERON:0004391
UBERON:0004422	UBERON:0004416
UBERON:0004423	UBERON:0004392
UBERON:0004423	UBERON:0004416
UBERON:0004424	UBERON:0004393
UBERON:0004424	UBERON:0004416
UBERON:0004425	UBERON:0004394
UBERON:0004425	UBERON:0004416
UBERON:0004426	UBERON:0004416
UBERON:0004426	UBERON:0011104
UBERON:0004427	UBERON:0004395
UBERON:0004427	UBERON:0004415
UBERON:0004428	UBERON:0004396
UBERON:0004428	UBERON:0004415
UBERON:0004429	UBERON:0004397
UBERON:0004429	UBERON:0004415
UBERON:0004430	UBERON:0004398
UBERON:0004430	UBERON:0004415
UBERON:0004431	UBERON:0004399
UBERON:0004431	UBERON:0004415
UBERON:0004432	UBERON:0004418
UBERON:0004432	UBERON:0011979
UBERON:0004433	UBERON:0004419
UBERON:0004433	UBERON:0011979
UBERON:0004434	UBERON:0004420
UBERON:0004434	UBERON:0011979
UBERON:0004435	UBERON:0004421
UBERON:0004435	UBERON:0011979
UBERON:0004436	UBERON:0004418
UBERON:0004436	UBERON:0011978
UBERON:0004437	UBERON:0004419
UBERON:0004437	UBERON:0011978
UBERON:0004438	UBERON:0004420
UBERON:0004438	UBERON:0011978
UBERON:0004439	UBERON:0004421
UBERON:0004439	UBERON:0011978
UBERON:0004440	UBERON:0004418
UBERON:0004440	UBERON:0011977
UBERON:0004441	UBERON:0004419
UBERON:0004441	UBERON:0011977
UBERON:0004442	UBERON:0004420
UBERON:0004442	UBERON:0011977
UBERON:0004443	UBERON:0004421
UBERON:0004443	UBERON:0011977
UBERON:0004444	UBERON:0004417
UBERON:0004444	UBERON:0011979
UBERON:0004445	UBERON:0004417
UBERON:0004445	UBERON:0011977
UBERON:0004446	UBERON:0001437
UBERON:0004447	UBERON:0004380
UBERON:0004447	UBERON:0004446
UBERON:0004448	UBERON:0004379
UBERON:0004448	UBERON:0004446
UBERON:0004449	UBERON:0004573
UBERON:0004450	UBERON:0001638
UBERON:0004450	UBERON:0003513
UBERON:0004450	UBERON:0015212
UBERON:0004451	UBERON:0002412
UBERON:0004452	UBERON:0006716
UBERON:0004452	UBERON:0008785
UBERON:0004453	UBERON:0005451
UBERON:0004453	UBERON:0009877
UBERON:0004454	UBERON:0006716
UBERON:0004454	UBERON:0008784
UBERON:0004455	UBERON:0000922
UBERON:0004456	UBERON:0000467
UBERON:0004461	UBERON:0008229
UBERON:0004462	UBERON:0001015
UBERON:0004463	UBERON:0004466
UBERON:0004464	UBERON:0004479
UBERON:0004465	UBERON:0001015
UBERON:0004466	UBERON:0004482
UBERON:0004467	UBERON:0001015
UBERON:0004468	UBERON:0001015
UBERON:0004469	UBERON:0001015
UBERON:0004470	UBERON:0004479
UBERON:0004470	UBERON:0014792
UBERON:0004471	UBERON:0014793
UBERON:0004473	UBERON:0008229
UBERON:0004474	UBERON:0004481
UBERON:0004475	UBERON:0001015
UBERON:0004476	UBERON:0001015
UBERON:0004478	UBERON:0001015
UBERON:0004479	UBERON:0001015
UBERON:0004480	UBERON:0007271
UBERON:0004481	UBERON:0004480
UBERON:0004481	UBERON:0007269
UBERON:0004482	UBERON:0004480
UBERON:0004482	UBERON:0007270
UBERON:0004486	UBERON:0004479
UBERON:0004487	UBERON:0004474
UBERON:0004488	UBERON:0004482
UBERON:0004489	UBERON:0004481
UBERON:0004490	UBERON:0004493
UBERON:0004491	UBERON:0004492
UBERON:0004492	UBERON:0001133
UBERON:0004493	UBERON:0001133
UBERON:0004494	UBERON:0018649
UBERON:0004495	UBERON:0003898
UBERON:0004495	UBERON:0004830
UBERON:0004496	UBERON:0003898
UBERON:0004497	UBERON:0003898
UBERON:0004498	UBERON:0001134
UBERON:0004499	UBERON:0001134
UBERON:0004500	UBERON:0001134
UBERON:0004501	UBERON:0001134
UBERON:0004502	UBERON:0001134
UBERON:0004503	UBERON:0001134
UBERON:0004504	UBERON:0001134
UBERON:0004505	UBERON:0003269
UBERON:0004506	UBERON:0001134
UBERON:0004507	UBERON:0001134
UBERON:0004508	UBERON:0003269
UBERON:0004509	UBERON:0001134
UBERON:0004510	UBERON:0003898
UBERON:0004511	UBERON:0003898
UBERON:0004512	UBERON:0001134
UBERON:0004513	UBERON:0003898
UBERON:0004514	UBERON:0003898
UBERON:0004515	UBERON:0004233
UBERON:0004516	UBERON:0004515
UBERON:0004517	UBERON:0004515
UBERON:0004518	UBERON:0014892
UBERON:0004519	UBERON:0002379
UBERON:0004520	UBERON:0001134
UBERON:0004520	UBERON:0008715
UBERON:0004521	UBERON:0006876
UBERON:0004522	UBERON:0002049
UBERON:0004523	UBERON:0002494
UBERON:0004524	UBERON:0002494
UBERON:0004525	UBERON:0003381
UBERON:0004525	UBERON:0003452
UBERON:0004526	UBERON:0003382
UBERON:0004526	UBERON:0003452
UBERON:0004527	UBERON:0004103
UBERON:0004528	UBERON:0004103
UBERON:0004529	UBERON:0034768
UBERON:0004530	UBERON:4100000
UBERON:0004533	UBERON:0000473
UBERON:0004533	UBERON:0015212
UBERON:0004534	UBERON:0000473
UBERON:0004534	UBERON:0015212
UBERON:0004535	UBERON:0000467
UBERON:0004535	UBERON:0010314
UBERON:0004536	UBERON:0002049
UBERON:0004537	UBERON:0002049
UBERON:0004538	UBERON:0002113
UBERON:0004539	UBERON:0002113
UBERON:0004540	UBERON:0006138
UBERON:0004544	UBERON:0000485
UBERON:0004544	UBERON:0005156
UBERON:0004544	UBERON:0034969
UBERON:0004545	UBERON:0002437
UBERON:0004546	UBERON:0005913
UBERON:0004547	UBERON:0000478
UBERON:0004548	UBERON:0000970
UBERON:0004548	UBERON:0015212
UBERON:0004549	UBERON:0000970
UBERON:0004549	UBERON:0015212
UBERON:0004550	UBERON:0011185
UBERON:0004552	UBERON:0001637
UBERON:0004552	UBERON:0003514
UBERON:0004553	UBERON:0003522
UBERON:0004553	UBERON:0004552
UBERON:0004554	UBERON:0003516
UBERON:0004554	UBERON:0004552
UBERON:0004561	UBERON:0004563
UBERON:0004562	UBERON:0001638
UBERON:0004562	UBERON:0003514
UBERON:0004563	UBERON:0003523
UBERON:0004563	UBERON:0004562
UBERON:0004564	UBERON:0003521
UBERON:0004564	UBERON:0004562
UBERON:0004571	UBERON:0007798
UBERON:0004572	UBERON:0007798
UBERON:0004573	UBERON:0001637
UBERON:0004581	UBERON:0002049
UBERON:0004582	UBERON:0007798
UBERON:0004590	UBERON:0001630
UBERON:0004601	UBERON:0002228
UBERON:0004602	UBERON:0002228
UBERON:0004603	UBERON:0002228
UBERON:0004604	UBERON:0002228
UBERON:0004605	UBERON:0002228
UBERON:0004606	UBERON:0002228
UBERON:0004607	UBERON:0002228
UBERON:0004608	UBERON:0002228
UBERON:0004609	UBERON:0002228
UBERON:0004610	UBERON:0002228
UBERON:0004611	UBERON:0002228
UBERON:0004612	UBERON:0002413
UBERON:0004613	UBERON:0002413
UBERON:0004614	UBERON:0002413
UBERON:0004615	UBERON:0002413
UBERON:0004616	UBERON:0002413
UBERON:0004617	UBERON:0002414
UBERON:0004618	UBERON:0002414
UBERON:0004619	UBERON:0002414
UBERON:0004620	UBERON:0002414
UBERON:0004621	UBERON:0002414
UBERON:0004622	UBERON:0001094
UBERON:0004623	UBERON:0001094
UBERON:0004624	UBERON:0001094
UBERON:0004625	UBERON:0001094
UBERON:0004626	UBERON:0002347
UBERON:0004627	UBERON:0002347
UBERON:0004628	UBERON:0002347
UBERON:0004629	UBERON:0002347
UBERON:0004630	UBERON:0002347
UBERON:0004631	UBERON:0002347
UBERON:0004632	UBERON:0002347
UBERON:0004633	UBERON:0002347
UBERON:0004634	UBERON:0002347
UBERON:0004635	UBERON:0002347
UBERON:0004636	UBERON:0002347
UBERON:0004637	UBERON:0010363
UBERON:0004638	UBERON:0004852
UBERON:0004639	UBERON:0001980
UBERON:0004639	UBERON:0003644
UBERON:0004640	UBERON:0001980
UBERON:0004640	UBERON:0003644
UBERON:0004641	UBERON:0003893
UBERON:0004642	UBERON:0005357
UBERON:0004643	UBERON:0005357
UBERON:0004644	UBERON:0005357
UBERON:0004645	UBERON:0000365
UBERON:0004645	UBERON:0003350
UBERON:0004646	UBERON:0001637
UBERON:0004647	UBERON:0000064
UBERON:0004648	UBERON:0002112
UBERON:0004648	UBERON:0006676
UBERON:0004649	UBERON:0015212
UBERON:0004649	UBERON:4100000
UBERON:0004650	UBERON:0006919
UBERON:0004650	UBERON:0012329
UBERON:0004651	UBERON:0005913
UBERON:0004652	UBERON:0004769
UBERON:0004654	UBERON:4100000
UBERON:0004655	UBERON:4100000
UBERON:0004657	UBERON:4100000
UBERON:0004658	UBERON:0005913
UBERON:0004659	UBERON:0018664
UBERON:0004660	UBERON:4100000
UBERON:0004661	UBERON:0000064
UBERON:0004662	UBERON:0000063
UBERON:0004663	UBERON:0035965
UBERON:0004664	UBERON:0005734
UBERON:0004665	UBERON:0005156
UBERON:0004665	UBERON:0006660
UBERON:0004666	UBERON:0000158
UBERON:0004666	UBERON:0005983
UBERON:0004667	UBERON:0002385
UBERON:0004668	UBERON:0000161
UBERON:0004670	UBERON:0007601
UBERON:0004670	UBERON:0010371
UBERON:0004671	UBERON:0000200
UBERON:0004672	UBERON:0002285
UBERON:0004673	UBERON:0006843
UBERON:0004674	UBERON:0006843
UBERON:0004675	UBERON:0006843
UBERON:0004676	UBERON:0015212
UBERON:0004676	UBERON:0016550
UBERON:0004677	UBERON:0016570
UBERON:0004678	UBERON:0002315
UBERON:0004679	UBERON:0002304
UBERON:0004680	UBERON:0011215
UBERON:0004681	UBERON:0001032
UBERON:0004682	UBERON:0002437
UBERON:0004683	UBERON:0002616
UBERON:0004684	UBERON:0002616
UBERON:0004686	UBERON:0004120
UBERON:0004686	UBERON:0005172
UBERON:0004686	UBERON:0008845
UBERON:0004687	UBERON:0004120
UBERON:0004687	UBERON:0005172
UBERON:0004687	UBERON:0008845
UBERON:0004688	UBERON:0001637
UBERON:0004689	UBERON:0001638
UBERON:0004690	UBERON:0001214
UBERON:0004691	UBERON:0006314
UBERON:0004691	UBERON:0006530
UBERON:0004692	UBERON:0019306
UBERON:0004692	UBERON:0035036
UBERON:0004693	UBERON:0001277
UBERON:0004694	UBERON:0015808
UBERON:0004695	UBERON:0001135
UBERON:0004696	UBERON:0004237
UBERON:0004697	UBERON:0010754
UBERON:0004698	UBERON:0001919
UBERON:0004699	UBERON:0008307
UBERON:0004700	UBERON:0004852
UBERON:0004701	UBERON:0004852
UBERON:0004702	UBERON:0004638
UBERON:0004702	UBERON:0004807
UBERON:0004703	UBERON:0002616
UBERON:0004704	UBERON:0002553
UBERON:0004705	UBERON:0002553
UBERON:0004706	UBERON:0002050
UBERON:0004707	UBERON:0000105
UBERON:0004708	UBERON:0000026
UBERON:0004708	UBERON:0010314
UBERON:0004709	UBERON:0004708
UBERON:0004710	UBERON:0004708
UBERON:0004711	UBERON:0001638
UBERON:0004713	UBERON:0005156
UBERON:0004713	UBERON:0006609
UBERON:0004714	UBERON:0000119
UBERON:0004715	UBERON:0006444
UBERON:0004716	UBERON:0000061
UBERON:0004717	UBERON:0013529
UBERON:0004718	UBERON:0013529
UBERON:0004719	UBERON:0013126
UBERON:0004719	UBERON:0014401
UBERON:0004720	UBERON:0002749
UBERON:0004721	UBERON:0000020
UBERON:0004722	UBERON:0002429
UBERON:0004722	UBERON:0015918
UBERON:0004723	UBERON:0003644
UBERON:0004724	UBERON:0000211
UBERON:0004725	UBERON:0002616
UBERON:0004726	UBERON:0006544
UBERON:0004727	UBERON:0011779
UBERON:0004728	UBERON:0000069
UBERON:0004729	UBERON:0000069
UBERON:0004730	UBERON:0000069
UBERON:0004731	UBERON:0004732
UBERON:0004732	UBERON:0000063
UBERON:0004733	UBERON:0004732
UBERON:0004734	UBERON:0000922
UBERON:0004735	UBERON:0002050
UBERON:0004736	UBERON:0000074
UBERON:0004737	UBERON:0001232
UBERON:0004737	UBERON:0004120
UBERON:0004738	UBERON:0002303
UBERON:0004739	UBERON:0000074
UBERON:0004740	UBERON:0001474
UBERON:0004740	UBERON:0013746
UBERON:0004741	UBERON:0007829
UBERON:0004741	UBERON:0008907
UBERON:0004742	UBERON:0004768
UBERON:0004742	UBERON:0008907
UBERON:0004742	UBERON:0015212
UBERON:0004743	UBERON:0002513
UBERON:0004743	UBERON:0007829
UBERON:0004744	UBERON:0002513
UBERON:0004744	UBERON:0004768
UBERON:0004744	UBERON:0008907
UBERON:0004745	UBERON:0002514
UBERON:0004745	UBERON:0011164
UBERON:0004745	UBERON:0012071
UBERON:0004746	UBERON:0002513
UBERON:0004746	UBERON:0011164
UBERON:0004747	UBERON:0002513
UBERON:0004747	UBERON:0011164
UBERON:0004747	UBERON:0015015
UBERON:0004749	UBERON:0002050
UBERON:0004750	UBERON:0002050
UBERON:0004751	UBERON:0002513
UBERON:0004751	UBERON:0011613
UBERON:0004752	UBERON:0011004
UBERON:0004752	UBERON:0013765
UBERON:0004753	UBERON:0004765
UBERON:0004754	UBERON:0000464
UBERON:0004755	UBERON:0002384
UBERON:0004756	UBERON:0004765
UBERON:0004757	UBERON:0003408
UBERON:0004757	UBERON:0004758
UBERON:0004758	UBERON:0002530
UBERON:0004759	UBERON:0004758
UBERON:0004760	UBERON:0003408
UBERON:0004761	UBERON:0000075
UBERON:0004763	UBERON:0002481
UBERON:0004764	UBERON:0002481
UBERON:0004765	UBERON:0000062
UBERON:0004766	UBERON:0001474
UBERON:0004767	UBERON:0012070
UBERON:0004768	UBERON:0010313
UBERON:0004768	UBERON:0012360
UBERON:0004769	UBERON:0005055
UBERON:0004770	UBERON:0034925
UBERON:0004771	UBERON:0010425
UBERON:0004772	UBERON:0000094
UBERON:0004773	UBERON:0004772
UBERON:0004774	UBERON:0004772
UBERON:0004775	UBERON:0004726
UBERON:0004776	UBERON:0004726
UBERON:0004777	UBERON:0000009
UBERON:0004778	UBERON:0004777
UBERON:0004779	UBERON:0000030
UBERON:0004780	UBERON:0000030
UBERON:0004781	UBERON:0000030
UBERON:0004782	UBERON:0000042
UBERON:0004783	UBERON:0000042
UBERON:0004784	UBERON:0037144
UBERON:0004785	UBERON:0000344
UBERON:0004786	UBERON:0000344
UBERON:0004787	UBERON:0000365
UBERON:0004787	UBERON:0002325
UBERON:0004788	UBERON:0000365
UBERON:0004788	UBERON:0004819
UBERON:0004789	UBERON:0000414
UBERON:0004789	UBERON:0036225
UBERON:0004790	UBERON:0000414
UBERON:0004790	UBERON:0007771
UBERON:0004790	UBERON:0019319
UBERON:0004791	UBERON:0000440
UBERON:0004792	UBERON:0004795
UBERON:0004793	UBERON:0004795
UBERON:0004794	UBERON:0000456
UBERON:0004795	UBERON:0000456
UBERON:0004796	UBERON:0006530
UBERON:0004797	UBERON:0004923
UBERON:0004798	UBERON:0000482
UBERON:0004799	UBERON:0004798
UBERON:0004800	UBERON:0004799
UBERON:0004801	UBERON:0006955
UBERON:0004802	UBERON:0004807
UBERON:0004802	UBERON:0010499
UBERON:0004803	UBERON:0000483
UBERON:0004803	UBERON:0005156
UBERON:0004804	UBERON:0000483
UBERON:0004804	UBERON:0005156
UBERON:0004805	UBERON:0004910
UBERON:0004805	UBERON:0034969
UBERON:0004806	UBERON:0005156
UBERON:0004806	UBERON:0034969
UBERON:0004807	UBERON:0000483
UBERON:0004808	UBERON:0000483
UBERON:0004809	UBERON:0003929
UBERON:0004810	UBERON:0004211
UBERON:0004811	UBERON:0003350
UBERON:0004811	UBERON:0006955
UBERON:0004812	UBERON:0004803
UBERON:0004813	UBERON:0001136
UBERON:0004813	UBERON:0004910
UBERON:0004813	UBERON:0034969
UBERON:0004814	UBERON:0004802
UBERON:0004815	UBERON:0004802
UBERON:0004816	UBERON:0004802
UBERON:0004817	UBERON:0015808
UBERON:0004818	UBERON:0002031
UBERON:0004819	UBERON:0000483
UBERON:0004820	UBERON:0034932
UBERON:0004820	UBERON:0034969
UBERON:0004821	UBERON:0000115
UBERON:0004821	UBERON:0000487
UBERON:0004822	UBERON:0004820
UBERON:0004823	UBERON:0004820
UBERON:0004825	UBERON:0000483
UBERON:0004825	UBERON:0000957
UBERON:0004827	UBERON:0000958
UBERON:0004829	UBERON:0001134
UBERON:0004830	UBERON:0001134
UBERON:0004831	UBERON:0001134
UBERON:0004832	UBERON:0001134
UBERON:0004833	UBERON:0001134
UBERON:0004834	UBERON:0001135
UBERON:0004835	UBERON:0001135
UBERON:0004835	UBERON:0005156
UBERON:0004848	UBERON:0001917
UBERON:0004848	UBERON:0004702
UBERON:0004849	UBERON:0001919
UBERON:0004849	UBERON:0004702
UBERON:0004850	UBERON:0001986
UBERON:0004851	UBERON:0004638
UBERON:0004851	UBERON:0004700
UBERON:0004852	UBERON:0001986
UBERON:0004854	UBERON:0002095
UBERON:0004854	UBERON:0004782
UBERON:0004857	UBERON:0002384
UBERON:0004858	UBERON:0002418
UBERON:0004859	UBERON:0002530
UBERON:0004861	UBERON:0002299
UBERON:0004862	UBERON:0002299
UBERON:0004863	UBERON:0004295
UBERON:0004864	UBERON:0002203
UBERON:0004864	UBERON:0036302
UBERON:0004865	UBERON:0002514
UBERON:0004865	UBERON:0008907
UBERON:0004865	UBERON:0011164
UBERON:0004866	UBERON:0008907
UBERON:0004866	UBERON:0011164
UBERON:0004867	UBERON:0002553
UBERON:0004868	UBERON:0015169
UBERON:0004869	UBERON:0003103
UBERON:0004870	UBERON:0002429
UBERON:0004870	UBERON:0003968
UBERON:0004870	UBERON:0015917
UBERON:0004871	UBERON:0002050
UBERON:0004872	UBERON:0002050
UBERON:0004873	UBERON:0002050
UBERON:0004874	UBERON:0002050
UBERON:0004875	UBERON:0002050
UBERON:0004876	UBERON:0006598
UBERON:0004877	UBERON:0004119
UBERON:0004877	UBERON:0005292
UBERON:0004878	UBERON:0004877
UBERON:0004879	UBERON:0002050
UBERON:0004880	UBERON:0002050
UBERON:0004882	UBERON:0000483
UBERON:0004883	UBERON:0003104
UBERON:0004883	UBERON:0004120
UBERON:0004884	UBERON:0004883
UBERON:0004885	UBERON:0016566
UBERON:0004886	UBERON:0004885
UBERON:0004887	UBERON:0004886
UBERON:0004888	UBERON:0004886
UBERON:0004889	UBERON:0000102
UBERON:0004890	UBERON:0006518
UBERON:0004892	UBERON:0000467
UBERON:0004893	UBERON:0003037
UBERON:0004894	UBERON:0000060
UBERON:0004895	UBERON:0004233
UBERON:0004896	UBERON:0003404
UBERON:0004897	UBERON:0004901
UBERON:0004899	UBERON:0004901
UBERON:0004900	UBERON:0004901
UBERON:0004901	UBERON:0004884
UBERON:0004901	UBERON:0009603
UBERON:0004902	UBERON:0009846
UBERON:0004903	UBERON:0007651
UBERON:0004904	UBERON:0000122
UBERON:0004905	UBERON:0034921
UBERON:0004906	UBERON:0004121
UBERON:0004906	UBERON:0004921
UBERON:0004907	UBERON:0004921
UBERON:0004908	UBERON:0004921
UBERON:0004909	UBERON:0000483
UBERON:0004909	UBERON:0005156
UBERON:0004910	UBERON:0004909
UBERON:0004911	UBERON:0004909
UBERON:0004912	UBERON:0004185
UBERON:0004912	UBERON:0007499
UBERON:0004912	UBERON:0009497
UBERON:0004912	UBERON:0009854
UBERON:0004913	UBERON:0002394
UBERON:0004914	UBERON:0034944
UBERON:0004915	UBERON:0011185
UBERON:0004916	UBERON:0004590
UBERON:0004917	UBERON:0003829
UBERON:0004917	UBERON:0004590
UBERON:0004918	UBERON:0004917
UBERON:0004919	UBERON:0004917
UBERON:0004921	UBERON:0013522
UBERON:0004922	UBERON:0011215
UBERON:0004922	UBERON:0022303
UBERON:0004923	UBERON:0000064
UBERON:0004924	UBERON:0004777
UBERON:0004924	UBERON:0018257
UBERON:0004925	UBERON:0004924
UBERON:0004926	UBERON:0004938
UBERON:0004927	UBERON:0003331
UBERON:0004928	UBERON:0001208
UBERON:0004929	UBERON:0003331
UBERON:0004930	UBERON:0003331
UBERON:0004931	UBERON:0003331
UBERON:0004932	UBERON:0003331
UBERON:0004933	UBERON:0001200
UBERON:0004934	UBERON:0001200
UBERON:0004935	UBERON:0001200
UBERON:0004936	UBERON:0004937
UBERON:0004937	UBERON:0001200
UBERON:0004938	UBERON:0000009
UBERON:0004939	UBERON:0004938
UBERON:0004940	UBERON:0004938
UBERON:0004941	UBERON:0004938
UBERON:0004942	UBERON:0004938
UBERON:0004943	UBERON:0000009
UBERON:0004944	UBERON:0004943
UBERON:0004945	UBERON:0004943
UBERON:0004946	UBERON:0001205
UBERON:0004947	UBERON:0004949
UBERON:0004948	UBERON:0004949
UBERON:0004949	UBERON:0001957
UBERON:0004950	UBERON:0001957
UBERON:0004951	UBERON:0001957
UBERON:0004952	UBERON:0004777
UBERON:0004980	UBERON:0000344
UBERON:0004982	UBERON:0004987
UBERON:0004983	UBERON:0019042
UBERON:0004984	UBERON:0019042
UBERON:0004985	UBERON:0019042
UBERON:0004986	UBERON:0019042
UBERON:0004987	UBERON:0000355
UBERON:0004988	UBERON:0004999
UBERON:0004989	UBERON:0001207
UBERON:0004990	UBERON:0000317
UBERON:0004991	UBERON:0000317
UBERON:0004992	UBERON:0000317
UBERON:0004993	UBERON:0000317
UBERON:0004994	UBERON:0001199
UBERON:0004995	UBERON:0001199
UBERON:0004996	UBERON:0001199
UBERON:0004997	UBERON:0004998
UBERON:0004998	UBERON:0001199
UBERON:0004999	UBERON:0000344
UBERON:0005000	UBERON:0004999
UBERON:0005001	UBERON:0004999
UBERON:0005002	UBERON:0004999
UBERON:0005003	UBERON:0004999
UBERON:0005004	UBERON:0004980
UBERON:0005005	UBERON:0004980
UBERON:0005006	UBERON:0000344
UBERON:0005007	UBERON:0005006
UBERON:0005008	UBERON:0005006
UBERON:0005009	UBERON:0001259
UBERON:0005010	UBERON:0001259
UBERON:0005011	UBERON:0005048
UBERON:0005012	UBERON:0005048
UBERON:0005013	UBERON:0012299
UBERON:0005014	UBERON:0012299
UBERON:0005015	UBERON:0005013
UBERON:0005016	UBERON:0012299
UBERON:0005017	UBERON:0005043
UBERON:0005018	UBERON:0000344
UBERON:0005019	UBERON:0003729
UBERON:0005020	UBERON:0003729
UBERON:0005021	UBERON:0000344
UBERON:0005022	UBERON:0000355
UBERON:0005023	UBERON:0000355
UBERON:0005023	UBERON:0004786
UBERON:0005024	UBERON:0005019
UBERON:0005025	UBERON:0005024
UBERON:0005026	UBERON:0000344
UBERON:0005027	UBERON:0000344
UBERON:0005028	UBERON:0000344
UBERON:0005029	UBERON:0000344
UBERON:0005030	UBERON:0000344
UBERON:0005031	UBERON:0036294
UBERON:0005032	UBERON:0036294
UBERON:0005033	UBERON:0000344
UBERON:0005034	UBERON:0005036
UBERON:0005035	UBERON:0005036
UBERON:0005036	UBERON:0000410
UBERON:0005037	UBERON:0000410
UBERON:0005038	UBERON:0000410
UBERON:0005039	UBERON:0004785
UBERON:0005040	UBERON:0005039
UBERON:0005041	UBERON:0005039
UBERON:0005042	UBERON:0009647
UBERON:0005043	UBERON:0000344
UBERON:0005044	UBERON:0005026
UBERON:0005045	UBERON:0000344
UBERON:0005046	UBERON:0005019
UBERON:0005047	UBERON:0001824
UBERON:0005048	UBERON:0019042
UBERON:0005049	UBERON:0019042
UBERON:0005050	UBERON:0034944
UBERON:0005051	UBERON:0002050
UBERON:0005052	UBERON:0000945
UBERON:0005053	UBERON:0004121
UBERON:0005053	UBERON:0010000
UBERON:0005054	UBERON:0005053
UBERON:0005055	UBERON:0005913
UBERON:0005056	UBERON:0003134
UBERON:0005056	UBERON:0004176
UBERON:0005057	UBERON:0000062
UBERON:0005058	UBERON:0002530
UBERON:0005061	UBERON:0002050
UBERON:0005062	UBERON:0002050
UBERON:0005062	UBERON:0005157
UBERON:0005062	UBERON:0005291
UBERON:0005062	UBERON:0015212
UBERON:0005063	UBERON:0004127
UBERON:0005064	UBERON:0004126
UBERON:0005065	UBERON:0004127
UBERON:0005066	UBERON:0004126
UBERON:0005067	UBERON:0000020
UBERON:0005068	UBERON:0016879
UBERON:0005069	UBERON:0002050
UBERON:0005070	UBERON:0005077
UBERON:0005071	UBERON:0005077
UBERON:0005075	UBERON:0007651
UBERON:0005076	UBERON:0007651
UBERON:0005077	UBERON:0000161
UBERON:0005078	UBERON:0000483
UBERON:0005078	UBERON:0005291
UBERON:0005079	UBERON:0000476
UBERON:0005080	UBERON:0000084
UBERON:0005081	UBERON:0000084
UBERON:0005082	UBERON:0000464
UBERON:0005083	UBERON:0001003
UBERON:0005083	UBERON:0003244
UBERON:0005085	UBERON:0001048
UBERON:0005085	UBERON:0002050
UBERON:0005086	UBERON:0011817
UBERON:0005087	UBERON:0006598
UBERON:0005087	UBERON:0011814
UBERON:0005088	UBERON:0006598
UBERON:0005088	UBERON:0011814
UBERON:0005089	UBERON:0006598
UBERON:0005089	UBERON:0011814
UBERON:0005090	UBERON:0000061
UBERON:0005091	UBERON:0002050
UBERON:0005092	UBERON:0002050
UBERON:0005093	UBERON:0002530
UBERON:0005094	UBERON:0003102
UBERON:0005095	UBERON:0002050
UBERON:0005096	UBERON:0000064
UBERON:0005097	UBERON:0007685
UBERON:0005097	UBERON:0012275
UBERON:0005099	UBERON:0004211
UBERON:0005099	UBERON:0006914
UBERON:0005100	UBERON:0004211
UBERON:0005101	UBERON:0004211
UBERON:0005102	UBERON:0004211
UBERON:0005103	UBERON:0004819
UBERON:0005104	UBERON:0000083
UBERON:0005105	UBERON:0000083
UBERON:0005106	UBERON:0003914
UBERON:0005106	UBERON:0005108
UBERON:0005106	UBERON:0006555
UBERON:0005107	UBERON:0002050
UBERON:0005108	UBERON:0004819
UBERON:0005109	UBERON:0001135
UBERON:0005110	UBERON:0001285
UBERON:0005110	UBERON:0004120
UBERON:0005111	UBERON:0004200
UBERON:0005113	UBERON:0003104
UBERON:0005113	UBERON:0004120
UBERON:0005114	UBERON:0004193
UBERON:0005114	UBERON:0005146
UBERON:0005115	UBERON:0004203
UBERON:0005116	UBERON:0005096
UBERON:0005117	UBERON:0001292
UBERON:0005117	UBERON:0005146
UBERON:0005118	UBERON:0005101
UBERON:0005118	UBERON:0005134
UBERON:0005119	UBERON:0002320
UBERON:0005120	UBERON:0005102
UBERON:0005120	UBERON:0005134
UBERON:0005121	UBERON:0004206
UBERON:0005122	UBERON:0002335
UBERON:0005122	UBERON:0005134
UBERON:0005123	UBERON:0004207
UBERON:0005124	UBERON:0001287
UBERON:0005124	UBERON:0005146
UBERON:0005125	UBERON:0001290
UBERON:0005125	UBERON:0005146
UBERON:0005126	UBERON:0004196
UBERON:0005127	UBERON:0001291
UBERON:0005127	UBERON:0005146
UBERON:0005129	UBERON:0004135
UBERON:0005129	UBERON:0005146
UBERON:0005130	UBERON:0001288
UBERON:0005130	UBERON:0005146
UBERON:0005132	UBERON:0004194
UBERON:0005132	UBERON:0005110
UBERON:0005133	UBERON:0004190
UBERON:0005134	UBERON:0004211
UBERON:0005134	UBERON:0005108
UBERON:0005135	UBERON:0004188
UBERON:0005135	UBERON:0005134
UBERON:0005136	UBERON:0004189
UBERON:0005136	UBERON:0005135
UBERON:0005137	UBERON:0002015
UBERON:0005139	UBERON:0005100
UBERON:0005139	UBERON:0005134
UBERON:0005140	UBERON:0004195
UBERON:0005140	UBERON:0005110
UBERON:0005141	UBERON:0005099
UBERON:0005141	UBERON:0005134
UBERON:0005144	UBERON:0004212
UBERON:0005145	UBERON:0004198
UBERON:0005146	UBERON:0001231
UBERON:0005146	UBERON:0005106
UBERON:0005146	UBERON:0005134
UBERON:0005146	UBERON:0012275
UBERON:0005147	UBERON:0004209
UBERON:0005147	UBERON:0005108
UBERON:0005147	UBERON:0012275
UBERON:0005148	UBERON:0004199
UBERON:0005149	UBERON:0005097
UBERON:0005149	UBERON:0005146
UBERON:0005151	UBERON:0004134
UBERON:0005151	UBERON:0005146
UBERON:0005153	UBERON:0005157
UBERON:0005154	UBERON:0000486
UBERON:0005155	UBERON:0001004
UBERON:0005156	UBERON:0010000
UBERON:0005157	UBERON:0000483
UBERON:0005158	UBERON:0000353
UBERON:0005159	UBERON:0002616
UBERON:0005160	UBERON:0000061
UBERON:0005161	UBERON:0000026
UBERON:0005161	UBERON:0005160
UBERON:0005162	UBERON:0000061
UBERON:0005164	UBERON:0004135
UBERON:0005167	UBERON:0001232
UBERON:0005168	UBERON:0013126
UBERON:0005168	UBERON:0014401
UBERON:0005169	UBERON:0003891
UBERON:0005170	UBERON:0000119
UBERON:0005170	UBERON:0005156
UBERON:0005171	UBERON:0002394
UBERON:0005172	UBERON:0005173
UBERON:0005173	UBERON:0005177
UBERON:0005174	UBERON:0000062
UBERON:0005175	UBERON:0005181
UBERON:0005176	UBERON:0004121
UBERON:0005176	UBERON:0034922
UBERON:0005177	UBERON:0000062
UBERON:0005178	UBERON:0002075
UBERON:0005178	UBERON:0005181
UBERON:0005179	UBERON:0005173
UBERON:0005181	UBERON:0005177
UBERON:0005184	UBERON:0000958
UBERON:0005185	UBERON:0013522
UBERON:0005192	UBERON:0001637
UBERON:0005192	UBERON:0005156
UBERON:0005193	UBERON:0001637
UBERON:0005193	UBERON:0003496
UBERON:0005194	UBERON:0001638
UBERON:0005194	UBERON:0003834
UBERON:0005195	UBERON:0001638
UBERON:0005195	UBERON:0005156
UBERON:0005196	UBERON:0010754
UBERON:0005197	UBERON:0001780
UBERON:0005199	UBERON:0001911
UBERON:0005200	UBERON:0001911
UBERON:0005200	UBERON:0005175
UBERON:0005202	UBERON:0002335
UBERON:0005203	UBERON:8410077
UBERON:0005204	UBERON:0036225
UBERON:0005205	UBERON:0000030
UBERON:0005205	UBERON:0005156
UBERON:0005206	UBERON:0003891
UBERON:0005207	UBERON:0003893
UBERON:0005208	UBERON:0003978
UBERON:0005211	UBERON:0005215
UBERON:0005212	UBERON:0005156
UBERON:0005212	UBERON:0005169
UBERON:0005213	UBERON:0005211
UBERON:0005214	UBERON:0005211
UBERON:0005215	UBERON:0003891
UBERON:0005215	UBERON:0005169
UBERON:0005217	UBERON:0039175
UBERON:0005218	UBERON:0039175
UBERON:0005219	UBERON:0039175
UBERON:0005220	UBERON:0001978
UBERON:0005221	UBERON:0001280
UBERON:0005222	UBERON:0001280
UBERON:0005223	UBERON:0001978
UBERON:0005224	UBERON:0001978
UBERON:0005225	UBERON:0000483
UBERON:0005226	UBERON:0000490
UBERON:0005227	UBERON:0000490
UBERON:0005228	UBERON:0000483
UBERON:0005229	UBERON:0000483
UBERON:0005233	UBERON:0000490
UBERON:0005233	UBERON:0000924
UBERON:0005233	UBERON:0014702
UBERON:0005234	UBERON:0000924
UBERON:0005236	UBERON:0000064
UBERON:0005239	UBERON:0004064
UBERON:0005240	UBERON:0004064
UBERON:0005243	UBERON:0002165
UBERON:0005244	UBERON:0003404
UBERON:0005245	UBERON:0003404
UBERON:0005248	UBERON:0002349
UBERON:0005249	UBERON:0001224
UBERON:0005250	UBERON:0002530
UBERON:0005251	UBERON:0002553
UBERON:0005251	UBERON:0007473
UBERON:0005251	UBERON:0012466
UBERON:0005252	UBERON:0002553
UBERON:0005253	UBERON:0003104
UBERON:0005253	UBERON:0005291
UBERON:0005254	UBERON:0003860
UBERON:0005255	UBERON:0003860
UBERON:0005255	UBERON:0010702
UBERON:0005256	UBERON:0003104
UBERON:0005256	UBERON:0005291
UBERON:0005257	UBERON:0003859
UBERON:0005257	UBERON:0010702
UBERON:0005258	UBERON:0003859
UBERON:0005259	UBERON:0003860
UBERON:0005261	UBERON:0003906
UBERON:0005262	UBERON:0003906
UBERON:0005263	UBERON:0003906
UBERON:0005268	UBERON:0001637
UBERON:0005268	UBERON:0003644
UBERON:0005269	UBERON:0013126
UBERON:0005269	UBERON:0014401
UBERON:0005270	UBERON:0005215
UBERON:0005271	UBERON:0000064
UBERON:0005272	UBERON:0003527
UBERON:0005273	UBERON:0005275
UBERON:0005274	UBERON:0005275
UBERON:0005275	UBERON:0015249
UBERON:0005276	UBERON:0003533
UBERON:0005276	UBERON:0005275
UBERON:0005277	UBERON:0003530
UBERON:0005277	UBERON:0005275
UBERON:0005278	UBERON:0005273
UBERON:0005278	UBERON:0005276
UBERON:0005279	UBERON:0005273
UBERON:0005279	UBERON:0005277
UBERON:0005281	UBERON:0000467
UBERON:0005282	UBERON:0000467
UBERON:0005283	UBERON:0004923
UBERON:0005286	UBERON:0005283
UBERON:0005287	UBERON:0005283
UBERON:0005288	UBERON:0005283
UBERON:0005289	UBERON:0005283
UBERON:0005290	UBERON:0004121
UBERON:0005290	UBERON:0004733
UBERON:0005291	UBERON:0000479
UBERON:0005292	UBERON:0000479
UBERON:0005293	UBERON:0002749
UBERON:0005294	UBERON:0002050
UBERON:0005295	UBERON:0005154
UBERON:0005295	UBERON:0005291
UBERON:0005295	UBERON:0012275
UBERON:0005296	UBERON:0004911
UBERON:0005296	UBERON:0005295
UBERON:0005297	UBERON:0004910
UBERON:0005297	UBERON:0005295
UBERON:0005298	UBERON:8480029
UBERON:0005299	UBERON:0011374
UBERON:0005301	UBERON:0000359
UBERON:0005301	UBERON:0010147
UBERON:0005302	UBERON:0000359
UBERON:0005302	UBERON:0005398
UBERON:0005303	UBERON:0001816
UBERON:0005304	UBERON:0000429
UBERON:0005305	UBERON:0000064
UBERON:0005306	UBERON:0007567
UBERON:0005307	UBERON:0005079
UBERON:0005308	UBERON:0000161
UBERON:0005309	UBERON:0001285
UBERON:0005310	UBERON:0001231
UBERON:0005311	UBERON:0011814
UBERON:0005312	UBERON:0000084
UBERON:0005313	UBERON:0003244
UBERON:0005313	UBERON:0005153
UBERON:0005313	UBERON:0034969
UBERON:0005314	UBERON:0004821
UBERON:0005315	UBERON:0004821
UBERON:0005316	UBERON:0008307
UBERON:0005317	UBERON:0001917
UBERON:0005319	UBERON:0001232
UBERON:0005320	UBERON:0002303
UBERON:0005321	UBERON:0001135
UBERON:0005322	UBERON:0001285
UBERON:0005323	UBERON:0003104
UBERON:0005324	UBERON:0002335
UBERON:0005324	UBERON:0005330
UBERON:0005325	UBERON:0000074
UBERON:0005326	UBERON:0004190
UBERON:0005327	UBERON:0004188
UBERON:0005327	UBERON:0005330
UBERON:0005328	UBERON:0004198
UBERON:0005329	UBERON:0000083
UBERON:0005329	UBERON:0001231
UBERON:0005329	UBERON:0005330
UBERON:0005330	UBERON:0004211
UBERON:0005330	UBERON:0005103
UBERON:0005331	UBERON:0004209
UBERON:0005331	UBERON:0005103
UBERON:0005332	UBERON:0004199
UBERON:0005333	UBERON:0005153
UBERON:0005333	UBERON:0010371
UBERON:0005334	UBERON:0000030
UBERON:0005335	UBERON:0005631
UBERON:0005336	UBERON:0004923
UBERON:0005337	UBERON:0004145
UBERON:0005338	UBERON:0004145
UBERON:0005339	UBERON:0004145
UBERON:0005340	UBERON:0019294
UBERON:0005341	UBERON:0019294
UBERON:0005342	UBERON:0005913
UBERON:0005343	UBERON:0014950
UBERON:0005344	UBERON:0034696
UBERON:0005345	UBERON:0004081
UBERON:0005346	UBERON:0004081
UBERON:0005347	UBERON:0004003
UBERON:0005348	UBERON:0004003
UBERON:0005349	UBERON:0004070
UBERON:0005350	UBERON:0004003
UBERON:0005350	UBERON:0014648
UBERON:0005351	UBERON:0004003
UBERON:0005351	UBERON:0027331
UBERON:0005352	UBERON:0005156
UBERON:0005352	UBERON:0034921
UBERON:0005353	UBERON:0010000
UBERON:0005354	UBERON:4100000
UBERON:0005355	UBERON:0018664
UBERON:0005356	UBERON:0005423
UBERON:0005356	UBERON:0007499
UBERON:0005356	UBERON:0010371
UBERON:0005357	UBERON:0004670
UBERON:0005358	UBERON:0004923
UBERON:0005359	UBERON:0004670
UBERON:0005360	UBERON:0001701
UBERON:0005361	UBERON:0001701
UBERON:0005362	UBERON:0009127
UBERON:0005363	UBERON:0005362
UBERON:0005363	UBERON:0010313
UBERON:0005364	UBERON:0005362
UBERON:0005366	UBERON:0016526
UBERON:0005367	UBERON:0002305
UBERON:0005368	UBERON:0002305
UBERON:0005370	UBERON:0002305
UBERON:0005371	UBERON:0002305
UBERON:0005372	UBERON:0002305
UBERON:0005373	UBERON:0016550
UBERON:0005374	UBERON:0016550
UBERON:0005375	UBERON:0016550
UBERON:0005376	UBERON:0009950
UBERON:0005377	UBERON:0004001
UBERON:0005378	UBERON:0004001
UBERON:0005379	UBERON:0009950
UBERON:0005380	UBERON:0004001
UBERON:0005381	UBERON:0002304
UBERON:0005382	UBERON:0011300
UBERON:0005383	UBERON:0011215
UBERON:0005384	UBERON:0003350
UBERON:0005384	UBERON:0004814
UBERON:0005384	UBERON:0019306
UBERON:0005385	UBERON:0005384
UBERON:0005385	UBERON:0010499
UBERON:0005386	UBERON:0001826
UBERON:0005387	UBERON:0001047
UBERON:0005388	UBERON:0004923
UBERON:0005389	UBERON:0000061
UBERON:0005390	UBERON:0002301
UBERON:0005391	UBERON:0002301
UBERON:0005392	UBERON:0002301
UBERON:0005393	UBERON:0002301
UBERON:0005394	UBERON:0002301
UBERON:0005395	UBERON:0002301
UBERON:0005396	UBERON:0004573
UBERON:0005397	UBERON:0002362
UBERON:0005397	UBERON:0003547
UBERON:0005398	UBERON:0003937
UBERON:0005399	UBERON:0003937
UBERON:0005400	UBERON:0003289
UBERON:0005400	UBERON:0003556
UBERON:0005401	UBERON:0011300
UBERON:0005402	UBERON:0006846
UBERON:0005403	UBERON:0011300
UBERON:0005404	UBERON:0009198
UBERON:0005405	UBERON:0001013
UBERON:0005406	UBERON:0001013
UBERON:0005407	UBERON:0001808
UBERON:0005408	UBERON:0002616
UBERON:0005409	UBERON:0000467
UBERON:0005410	UBERON:0003932
UBERON:0005410	UBERON:0004637
UBERON:0005411	UBERON:0002513
UBERON:0005411	UBERON:0004637
UBERON:0005411	UBERON:0011164
UBERON:0005412	UBERON:0006846
UBERON:0005413	UBERON:0001018
UBERON:0005414	UBERON:0010329
UBERON:0005415	UBERON:0003413
UBERON:0005415	UBERON:0005414
UBERON:0005416	UBERON:0003412
UBERON:0005416	UBERON:0005414
UBERON:0005417	UBERON:0004347
UBERON:0005417	UBERON:0005419
UBERON:0005418	UBERON:0004347
UBERON:0005418	UBERON:0005420
UBERON:0005419	UBERON:0004357
UBERON:0005420	UBERON:0004357
UBERON:0005421	UBERON:0004356
UBERON:0005422	UBERON:0004356
UBERON:0005423	UBERON:0000001
UBERON:0005424	UBERON:0006598
UBERON:0005425	UBERON:0006598
UBERON:0005426	UBERON:0000479
UBERON:0005427	UBERON:0000479
UBERON:0005427	UBERON:0001048
UBERON:0005427	UBERON:0010313
UBERON:0005428	UBERON:0005291
UBERON:0005429	UBERON:0007329
UBERON:0005430	UBERON:0001021
UBERON:0005431	UBERON:0002458
UBERON:0005431	UBERON:0035307
UBERON:0005432	UBERON:0001637
UBERON:0005432	UBERON:0002050
UBERON:0005432	UBERON:0003498
UBERON:0005434	UBERON:0011676
UBERON:0005435	UBERON:0009856
UBERON:0005435	UBERON:0034944
UBERON:0005436	UBERON:0004573
UBERON:0005437	UBERON:0005844
UBERON:0005438	UBERON:0003498
UBERON:0005438	UBERON:0003920
UBERON:0005439	UBERON:0002050
UBERON:0005440	UBERON:0001637
UBERON:0005440	UBERON:0003498
UBERON:0005440	UBERON:0004573
UBERON:0005441	UBERON:0001111
UBERON:0005442	UBERON:0035032
UBERON:0005443	UBERON:0000479
UBERON:0005445	UBERON:0008784
UBERON:0005445	UBERON:0012139
UBERON:0005446	UBERON:0013685
UBERON:0005448	UBERON:0003688
UBERON:0005448	UBERON:0004120
UBERON:0005449	UBERON:0000064
UBERON:0005450	UBERON:0000464
UBERON:0005451	UBERON:0008785
UBERON:0005451	UBERON:0012139
UBERON:0005452	UBERON:0004923
UBERON:0005453	UBERON:0035769
UBERON:0005454	UBERON:0035032
UBERON:0005455	UBERON:0006846
UBERON:0005456	UBERON:0018321
UBERON:0005457	UBERON:0005483
UBERON:0005458	UBERON:0001310
UBERON:0005459	UBERON:0002066
UBERON:0005459	UBERON:0015212
UBERON:0005460	UBERON:0005487
UBERON:0005460	UBERON:0015212
UBERON:0005461	UBERON:0001482
UBERON:0005461	UBERON:0004518
UBERON:0005461	UBERON:0034908
UBERON:0005462	UBERON:0009569
UBERON:0005463	UBERON:0000464
UBERON:0005464	UBERON:0012254
UBERON:0005465	UBERON:0001021
UBERON:0005467	UBERON:0001577
UBERON:0005467	UBERON:0008876
UBERON:0005469	UBERON:0005483
UBERON:0005470	UBERON:0001310
UBERON:0005471	UBERON:0002066
UBERON:0005471	UBERON:0015212
UBERON:0005472	UBERON:0005487
UBERON:0005472	UBERON:0015212
UBERON:0005473	UBERON:0011676
UBERON:0005475	UBERON:0017635
UBERON:0005476	UBERON:0002464
UBERON:0005477	UBERON:0001276
UBERON:0005478	UBERON:0006846
UBERON:0005479	UBERON:0035769
UBERON:0005480	UBERON:0006271
UBERON:0005481	UBERON:0017640
UBERON:0005483	UBERON:0009912
UBERON:0005483	UBERON:0015212
UBERON:0005484	UBERON:0011741
UBERON:0005485	UBERON:0000946
UBERON:0005485	UBERON:0006675
UBERON:0005486	UBERON:0006615
UBERON:0005487	UBERON:0004365
UBERON:0005487	UBERON:0013140
UBERON:0005488	UBERON:0000122
UBERON:0005488	UBERON:0035771
UBERON:0005489	UBERON:0005455
UBERON:0005490	UBERON:0005455
UBERON:0005491	UBERON:0003099
UBERON:0005492	UBERON:0003496
UBERON:0005493	UBERON:0000933
UBERON:0005493	UBERON:0004120
UBERON:0005494	UBERON:0004120
UBERON:0005494	UBERON:0005256
UBERON:0005494	UBERON:0007524
UBERON:0005495	UBERON:0005496
UBERON:0005496	UBERON:0000061
UBERON:0005497	UBERON:0000479
UBERON:0005497	UBERON:0004121
UBERON:0005498	UBERON:0000481
UBERON:0005498	UBERON:0004120
UBERON:0005499	UBERON:0001892
UBERON:0005500	UBERON:0003079
UBERON:0005501	UBERON:0005496
UBERON:0005502	UBERON:0003054
UBERON:0005507	UBERON:0001892
UBERON:0005511	UBERON:0001892
UBERON:0005515	UBERON:0001892
UBERON:0005519	UBERON:0001892
UBERON:0005523	UBERON:0001892
UBERON:0005527	UBERON:0001892
UBERON:0005561	UBERON:0005496
UBERON:0005562	UBERON:0000483
UBERON:0005562	UBERON:0001048
UBERON:0005562	UBERON:0003351
UBERON:0005563	UBERON:0003099
UBERON:0005563	UBERON:0005253
UBERON:0005563	UBERON:0007530
UBERON:0005564	UBERON:0001048
UBERON:0005565	UBERON:0003099
UBERON:0005565	UBERON:0007213
UBERON:0005565	UBERON:0007530
UBERON:0005565	UBERON:0014387
UBERON:0005566	UBERON:0005500
UBERON:0005567	UBERON:0005501
UBERON:0005568	UBERON:0005502
UBERON:0005569	UBERON:0001892
UBERON:0005570	UBERON:0005500
UBERON:0005571	UBERON:0005501
UBERON:0005572	UBERON:0005502
UBERON:0005573	UBERON:0005500
UBERON:0005574	UBERON:0005501
UBERON:0005575	UBERON:0005502
UBERON:0005576	UBERON:0005500
UBERON:0005577	UBERON:0005501
UBERON:0005578	UBERON:0005502
UBERON:0005579	UBERON:0005500
UBERON:0005580	UBERON:0005501
UBERON:0005581	UBERON:0005502
UBERON:0005582	UBERON:0005500
UBERON:0005583	UBERON:0005501
UBERON:0005584	UBERON:0005502
UBERON:0005585	UBERON:0005500
UBERON:0005586	UBERON:0005501
UBERON:0005587	UBERON:0005502
UBERON:0005588	UBERON:0005500
UBERON:0005589	UBERON:0005501
UBERON:0005590	UBERON:0005502
UBERON:0005591	UBERON:0005496
UBERON:0005594	UBERON:0002050
UBERON:0005594	UBERON:0002329
UBERON:0005594	UBERON:0005291
UBERON:0005597	UBERON:0001048
UBERON:0005598	UBERON:0002329
UBERON:0005599	UBERON:0000947
UBERON:0005599	UBERON:0003513
UBERON:0005600	UBERON:0000025
UBERON:0005601	UBERON:0010277
UBERON:0005602	UBERON:0003281
UBERON:0005604	UBERON:0002394
UBERON:0005605	UBERON:0003704
UBERON:0005606	UBERON:0002553
UBERON:0005606	UBERON:0012467
UBERON:0005607	UBERON:0005629
UBERON:0005608	UBERON:0001637
UBERON:0005609	UBERON:0004573
UBERON:0005610	UBERON:0001638
UBERON:0005611	UBERON:0006742
UBERON:0005611	UBERON:0015212
UBERON:0005612	UBERON:0003834
UBERON:0005612	UBERON:0004573
UBERON:0005613	UBERON:0000947
UBERON:0005613	UBERON:0003513
UBERON:0005614	UBERON:0001803
UBERON:0005614	UBERON:0010371
UBERON:0005615	UBERON:0001803
UBERON:0005616	UBERON:0012254
UBERON:0005617	UBERON:0001638
UBERON:0005619	UBERON:0010000
UBERON:0005620	UBERON:0007375
UBERON:0005621	UBERON:0001630
UBERON:0005622	UBERON:0000947
UBERON:0005622	UBERON:0003513
UBERON:0005623	UBERON:0000946
UBERON:0005624	UBERON:0001637
UBERON:0005625	UBERON:0002553
UBERON:0005625	UBERON:0007473
UBERON:0005626	UBERON:0003281
UBERON:0005628	UBERON:0004573
UBERON:0005629	UBERON:0002049
UBERON:0005630	UBERON:0005631
UBERON:0005631	UBERON:0000158
UBERON:0005636	UBERON:0000397
UBERON:0005637	UBERON:0001276
UBERON:0005638	UBERON:0015808
UBERON:0005639	UBERON:0003364
UBERON:0005640	UBERON:0003364
UBERON:0005642	UBERON:0000490
UBERON:0005643	UBERON:0008346
UBERON:0005644	UBERON:0008346
UBERON:0005645	UBERON:0005227
UBERON:0005646	UBERON:0005227
UBERON:0005647	UBERON:0005227
UBERON:0005648	UBERON:0005227
UBERON:0005649	UBERON:0005226
UBERON:0005650	UBERON:0005226
UBERON:0005651	UBERON:0005226
UBERON:0005652	UBERON:0005226
UBERON:0005653	UBERON:0003235
UBERON:0005653	UBERON:0010371
UBERON:0005653	UBERON:0015839
UBERON:0005654	UBERON:0003236
UBERON:0005654	UBERON:0010371
UBERON:0005654	UBERON:0015839
UBERON:0005655	UBERON:0003364
UBERON:0005656	UBERON:0000483
UBERON:0005657	UBERON:0006932
UBERON:0005658	UBERON:0003235
UBERON:0005659	UBERON:0003235
UBERON:0005660	UBERON:0000924
UBERON:0005661	UBERON:0000924
UBERON:0005662	UBERON:0000924
UBERON:0005664	UBERON:0000925
UBERON:0005665	UBERON:0000925
UBERON:0005666	UBERON:0000925
UBERON:0005667	UBERON:0003422
UBERON:0005667	UBERON:0004120
UBERON:0005667	UBERON:0007524
UBERON:0005669	UBERON:0001136
UBERON:0005670	UBERON:0001136
UBERON:0005671	UBERON:0001136
UBERON:0005672	UBERON:0001986
UBERON:0005672	UBERON:0003364
UBERON:0005673	UBERON:0001986
UBERON:0005673	UBERON:0003365
UBERON:0005674	UBERON:0005639
UBERON:0005674	UBERON:0005672
UBERON:0005675	UBERON:0005640
UBERON:0005675	UBERON:0005672
UBERON:0005676	UBERON:0005655
UBERON:0005676	UBERON:0005672
UBERON:0005677	UBERON:0003396
UBERON:0005678	UBERON:0002184
UBERON:0005679	UBERON:0002184
UBERON:0005680	UBERON:0002184
UBERON:0005681	UBERON:0003538
UBERON:0005682	UBERON:0003538
UBERON:0005685	UBERON:0002296
UBERON:0005686	UBERON:0002296
UBERON:0005687	UBERON:0003932
UBERON:0005687	UBERON:0005863
UBERON:0005687	UBERON:0006904
UBERON:0005687	UBERON:0009891
UBERON:0005687	UBERON:0015059
UBERON:0005688	UBERON:0000464
UBERON:0005689	UBERON:0009494
UBERON:0005690	UBERON:0009494
UBERON:0005691	UBERON:0009494
UBERON:0005692	UBERON:0005257
UBERON:0005693	UBERON:0005257
UBERON:0005694	UBERON:0005257
UBERON:0005695	UBERON:0005257
UBERON:0005696	UBERON:0005255
UBERON:0005697	UBERON:0005255
UBERON:0005698	UBERON:0005255
UBERON:0005699	UBERON:0005255
UBERON:0005700	UBERON:0003323
UBERON:0005700	UBERON:0010258
UBERON:0005700	UBERON:0015844
UBERON:0005701	UBERON:0003324
UBERON:0005701	UBERON:0009891
UBERON:0005701	UBERON:0010258
UBERON:0005701	UBERON:0015844
UBERON:0005702	UBERON:0003104
UBERON:0005702	UBERON:0005291
UBERON:0005704	UBERON:0003323
UBERON:0005705	UBERON:0003323
UBERON:0005705	UBERON:0010258
UBERON:0005707	UBERON:0003317
UBERON:0005707	UBERON:0003323
UBERON:0005707	UBERON:0010258
UBERON:0005708	UBERON:0003317
UBERON:0005708	UBERON:0003324
UBERON:0005708	UBERON:0009891
UBERON:0005708	UBERON:0010258
UBERON:0005709	UBERON:0003235
UBERON:0005709	UBERON:0003355
UBERON:0005709	UBERON:0003843
UBERON:0005709	UBERON:0010371
UBERON:0005710	UBERON:0003236
UBERON:0005710	UBERON:0003355
UBERON:0005710	UBERON:0003843
UBERON:0005710	UBERON:0010371
UBERON:0005711	UBERON:0003397
UBERON:0005711	UBERON:0004121
UBERON:0005712	UBERON:0003284
UBERON:0005712	UBERON:0003397
UBERON:0005712	UBERON:0004121
UBERON:0005719	UBERON:0004356
UBERON:0005720	UBERON:0004582
UBERON:0005721	UBERON:0000926
UBERON:0005721	UBERON:0006598
UBERON:0005723	UBERON:0001948
UBERON:0005723	UBERON:0003306
UBERON:0005724	UBERON:0005291
UBERON:0005725	UBERON:0005726
UBERON:0005726	UBERON:0001032
UBERON:0005728	UBERON:0004120
UBERON:0005728	UBERON:0005292
UBERON:0005728	UBERON:0007524
UBERON:0005729	UBERON:0005732
UBERON:0005729	UBERON:0006598
UBERON:0005730	UBERON:0005732
UBERON:0005730	UBERON:0006598
UBERON:0005731	UBERON:0005732
UBERON:0005732	UBERON:0002050
UBERON:0005732	UBERON:0005291
UBERON:0005732	UBERON:0007688
UBERON:0005733	UBERON:0005732
UBERON:0005734	UBERON:0004797
UBERON:0005734	UBERON:0005742
UBERON:0005737	UBERON:0005742
UBERON:0005738	UBERON:0005742
UBERON:0005740	UBERON:0002523
UBERON:0005740	UBERON:0004797
UBERON:0005742	UBERON:0004923
UBERON:0005744	UBERON:0004111
UBERON:0005745	UBERON:0013685
UBERON:0005745	UBERON:0015212
UBERON:0005746	UBERON:0000476
UBERON:0005749	UBERON:0000064
UBERON:0005749	UBERON:0004120
UBERON:0005750	UBERON:0000487
UBERON:0005750	UBERON:0004188
UBERON:0005751	UBERON:0004188
UBERON:0005753	UBERON:0002050
UBERON:0005754	UBERON:0002050
UBERON:0005760	UBERON:0003037
UBERON:0005764	UBERON:0000476
UBERON:0005769	UBERON:0005764
UBERON:0005777	UBERON:0005769
UBERON:0005787	UBERON:0005764
UBERON:0005788	UBERON:0000476
UBERON:0005789	UBERON:0000476
UBERON:0005792	UBERON:0002050
UBERON:0005795	UBERON:0006598
UBERON:0005796	UBERON:0000995
UBERON:0005797	UBERON:0000995
UBERON:0005798	UBERON:0000995
UBERON:0005799	UBERON:0000995
UBERON:0005800	UBERON:0013522
UBERON:0005805	UBERON:0000947
UBERON:0005805	UBERON:0003513
UBERON:0005805	UBERON:0004120
UBERON:0005806	UBERON:0002049
UBERON:0005807	UBERON:0002616
UBERON:0005808	UBERON:0002481
UBERON:0005809	UBERON:0001439
UBERON:0005809	UBERON:0003598
UBERON:0005810	UBERON:0005813
UBERON:0005810	UBERON:4100000
UBERON:0005813	UBERON:0004529
UBERON:0005814	UBERON:0010358
UBERON:0005815	UBERON:0005813
UBERON:0005815	UBERON:4100000
UBERON:0005816	UBERON:0005813
UBERON:0005816	UBERON:4100000
UBERON:0005817	UBERON:0000064
UBERON:0005818	UBERON:0005817
UBERON:0005819	UBERON:0005817
UBERON:0005820	UBERON:0005817
UBERON:0005821	UBERON:0001019
UBERON:0005821	UBERON:0011215
UBERON:0005826	UBERON:0005821
UBERON:0005826	UBERON:0005837
UBERON:0005832	UBERON:0001018
UBERON:0005832	UBERON:0001019
UBERON:0005835	UBERON:0005832
UBERON:0005835	UBERON:0005837
UBERON:0005835	UBERON:0007699
UBERON:0005837	UBERON:0001019
UBERON:0005837	UBERON:0011215
UBERON:0005838	UBERON:0001019
UBERON:0005838	UBERON:0011215
UBERON:0005839	UBERON:0006079
UBERON:0005840	UBERON:0006079
UBERON:0005841	UBERON:0006079
UBERON:0005842	UBERON:0006079
UBERON:0005843	UBERON:0005844
UBERON:0005844	UBERON:0001948
UBERON:0005845	UBERON:0005844
UBERON:0005847	UBERON:0006078
UBERON:0005848	UBERON:0006078
UBERON:0005849	UBERON:0006078
UBERON:0005850	UBERON:0006078
UBERON:0005852	UBERON:0016551
UBERON:0005853	UBERON:0016551
UBERON:0005854	UBERON:0016551
UBERON:0005855	UBERON:0016551
UBERON:0005856	UBERON:0007524
UBERON:0005856	UBERON:0011585
UBERON:0005863	UBERON:0005856
UBERON:0005865	UBERON:0005856
UBERON:0005866	UBERON:0005291
UBERON:0005866	UBERON:0005856
UBERON:0005867	UBERON:0012314
UBERON:0005868	UBERON:0002050
UBERON:0005869	UBERON:0004530
UBERON:0005870	UBERON:0016566
UBERON:0005871	UBERON:4100000
UBERON:0005872	UBERON:0005879
UBERON:0005873	UBERON:0005879
UBERON:0005874	UBERON:0005879
UBERON:0005875	UBERON:0005879
UBERON:0005876	UBERON:0002050
UBERON:0005879	UBERON:0006846
UBERON:0005880	UBERON:0005881
UBERON:0005881	UBERON:0000475
UBERON:0005882	UBERON:0002050
UBERON:0005883	UBERON:0004061
UBERON:0005884	UBERON:0010912
UBERON:0005886	UBERON:0010912
UBERON:0005890	UBERON:0004909
UBERON:0005891	UBERON:0000483
UBERON:0005892	UBERON:0000083
UBERON:0005893	UBERON:0003464
UBERON:0005895	UBERON:0000026
UBERON:0005897	UBERON:0008962
UBERON:0005897	UBERON:0011250
UBERON:0005899	UBERON:0003464
UBERON:0005899	UBERON:0011250
UBERON:0005902	UBERON:0034921
UBERON:0005903	UBERON:0000025
UBERON:0005903	UBERON:0005904
UBERON:0005904	UBERON:0000058
UBERON:0005904	UBERON:0005156
UBERON:0005905	UBERON:0000064
UBERON:0005906	UBERON:0000062
UBERON:0005908	UBERON:0005906
UBERON:0005911	UBERON:0000483
UBERON:0005911	UBERON:0004119
UBERON:0005912	UBERON:0001254
UBERON:0005912	UBERON:0003350
UBERON:0005912	UBERON:0004788
UBERON:0005913	UBERON:0034944
UBERON:0005919	UBERON:0003973
UBERON:0005920	UBERON:0003973
UBERON:0005921	UBERON:0003973
UBERON:0005922	UBERON:0001762
UBERON:0005922	UBERON:0003462
UBERON:0005922	UBERON:0008001
UBERON:0005922	UBERON:0015212
UBERON:0005925	UBERON:0004530
UBERON:0005928	UBERON:0000003
UBERON:0005928	UBERON:0003102
UBERON:0005931	UBERON:0000003
UBERON:0005932	UBERON:0000479
UBERON:0005933	UBERON:0000479
UBERON:0005941	UBERON:0005933
UBERON:0005942	UBERON:0005933
UBERON:0005943	UBERON:0000479
UBERON:0005944	UBERON:0010912
UBERON:0005945	UBERON:0000440
UBERON:0005945	UBERON:0003932
UBERON:0005946	UBERON:0004145
UBERON:0005953	UBERON:0005337
UBERON:0005956	UBERON:0005337
UBERON:0005965	UBERON:0005946
UBERON:0005966	UBERON:0005946
UBERON:0005967	UBERON:0005256
UBERON:0005967	UBERON:0009751
UBERON:0005968	UBERON:0013522
UBERON:0005969	UBERON:0000479
UBERON:0005970	UBERON:0001020
UBERON:0005970	UBERON:0007702
UBERON:0005971	UBERON:0000478
UBERON:0005972	UBERON:0000464
UBERON:0005973	UBERON:0003496
UBERON:0005974	UBERON:0004049
UBERON:0005975	UBERON:0010188
UBERON:0005975	UBERON:0019204
UBERON:0005976	UBERON:0005348
UBERON:0005976	UBERON:0014648
UBERON:0005977	UBERON:0005348
UBERON:0005977	UBERON:0014648
UBERON:0005978	UBERON:0004001
UBERON:0005979	UBERON:0000064
UBERON:0005980	UBERON:0000064
UBERON:0005981	UBERON:0002553
UBERON:0005982	UBERON:0004493
UBERON:0005982	UBERON:0010131
UBERON:0005983	UBERON:0004923
UBERON:0005984	UBERON:0005983
UBERON:0005985	UBERON:0000055
UBERON:0005986	UBERON:0010131
UBERON:0005986	UBERON:0015212
UBERON:0005986	UBERON:0018649
UBERON:0005987	UBERON:0010131
UBERON:0005987	UBERON:0015212
UBERON:0005987	UBERON:0018649
UBERON:0005988	UBERON:0000440
UBERON:0005989	UBERON:0002099
UBERON:0005989	UBERON:0010313
UBERON:0005990	UBERON:0006009
UBERON:0005991	UBERON:0006008
UBERON:0005992	UBERON:0006009
UBERON:0005993	UBERON:0006008
UBERON:0005994	UBERON:0005983
UBERON:0005995	UBERON:0006008
UBERON:0005996	UBERON:0006009
UBERON:0005997	UBERON:0006008
UBERON:0005998	UBERON:0005484
UBERON:0005998	UBERON:0006009
UBERON:0006002	UBERON:0001637
UBERON:0006002	UBERON:0004365
UBERON:0006003	UBERON:0000064
UBERON:0006004	UBERON:0019204
UBERON:0006005	UBERON:0019204
UBERON:0006006	UBERON:0035959
UBERON:0006007	UBERON:0034922
UBERON:0006008	UBERON:0003837
UBERON:0006008	UBERON:0006444
UBERON:0006009	UBERON:0000064
UBERON:0006010	UBERON:0004111
UBERON:0006011	UBERON:0005492
UBERON:0006011	UBERON:0009141
UBERON:0006012	UBERON:0010858
UBERON:0006013	UBERON:0006012
UBERON:0006014	UBERON:0006012
UBERON:0006015	UBERON:0006012
UBERON:0006016	UBERON:0006012
UBERON:0006019	UBERON:0006012
UBERON:0006022	UBERON:0006012
UBERON:0006025	UBERON:0006012
UBERON:0006026	UBERON:0006013
UBERON:0006026	UBERON:0006016
UBERON:0006029	UBERON:0006013
UBERON:0006029	UBERON:0006019
UBERON:0006032	UBERON:0006013
UBERON:0006032	UBERON:0006022
UBERON:0006035	UBERON:0006013
UBERON:0006035	UBERON:0006025
UBERON:0006038	UBERON:0006014
UBERON:0006038	UBERON:0006016
UBERON:0006041	UBERON:0006014
UBERON:0006041	UBERON:0006019
UBERON:0006044	UBERON:0006014
UBERON:0006044	UBERON:0006022
UBERON:0006047	UBERON:0006014
UBERON:0006047	UBERON:0006025
UBERON:0006048	UBERON:0019221
UBERON:0006049	UBERON:0019222
UBERON:0006050	UBERON:0019222
UBERON:0006051	UBERON:0019222
UBERON:0006052	UBERON:0019221
UBERON:0006054	UBERON:0006056
UBERON:0006056	UBERON:0036215
UBERON:0006058	UBERON:0010758
UBERON:0006059	UBERON:0000064
UBERON:0006060	UBERON:0002050
UBERON:0006061	UBERON:4100000
UBERON:0006062	UBERON:0006061
UBERON:0006062	UBERON:0015212
UBERON:0006063	UBERON:0010358
UBERON:0006065	UBERON:0005174
UBERON:0006065	UBERON:0010358
UBERON:0006067	UBERON:0004466
UBERON:0006068	UBERON:0001474
UBERON:0006071	UBERON:0011676
UBERON:0006072	UBERON:0006077
UBERON:0006073	UBERON:0006077
UBERON:0006074	UBERON:0006077
UBERON:0006075	UBERON:0006077
UBERON:0006076	UBERON:0006077
UBERON:0006077	UBERON:0000075
UBERON:0006078	UBERON:0016550
UBERON:0006079	UBERON:0016550
UBERON:0006081	UBERON:0000064
UBERON:0006082	UBERON:0000064
UBERON:0006083	UBERON:0002616
UBERON:0006086	UBERON:0003931
UBERON:0006086	UBERON:0013199
UBERON:0006087	UBERON:0000122
UBERON:0006087	UBERON:0011215
UBERON:0006088	UBERON:0000064
UBERON:0006089	UBERON:0000122
UBERON:0006089	UBERON:0011215
UBERON:0006090	UBERON:0000122
UBERON:0006090	UBERON:0011215
UBERON:0006091	UBERON:0000064
UBERON:0006092	UBERON:0000200
UBERON:0006092	UBERON:0014640
UBERON:0006093	UBERON:0000200
UBERON:0006094	UBERON:0000064
UBERON:0006095	UBERON:0013529
UBERON:0006096	UBERON:0013529
UBERON:0006097	UBERON:0000122
UBERON:0006097	UBERON:0011215
UBERON:0006098	UBERON:0007245
UBERON:0006098	UBERON:0019264
UBERON:0006099	UBERON:0013529
UBERON:0006100	UBERON:0013529
UBERON:0006101	UBERON:0013529
UBERON:0006102	UBERON:0013529
UBERON:0006104	UBERON:0013529
UBERON:0006106	UBERON:0005913
UBERON:0006107	UBERON:0005401
UBERON:0006107	UBERON:0007245
UBERON:0006108	UBERON:0005401
UBERON:0006108	UBERON:0007245
UBERON:0006114	UBERON:0000200
UBERON:0006114	UBERON:0014640
UBERON:0006115	UBERON:0000122
UBERON:0006115	UBERON:0011215
UBERON:0006116	UBERON:0000122
UBERON:0006116	UBERON:0011215
UBERON:0006117	UBERON:0000122
UBERON:0006117	UBERON:0011215
UBERON:0006118	UBERON:0016570
UBERON:0006119	UBERON:0011214
UBERON:0006120	UBERON:0006785
UBERON:0006120	UBERON:0006791
UBERON:0006121	UBERON:0004003
UBERON:0006121	UBERON:0014648
UBERON:0006123	UBERON:0006125
UBERON:0006124	UBERON:0006125
UBERON:0006125	UBERON:0002616
UBERON:0006127	UBERON:0006133
UBERON:0006133	UBERON:0000122
UBERON:0006133	UBERON:0011215
UBERON:0006134	UBERON:0005162
UBERON:0006135	UBERON:0006134
UBERON:0006136	UBERON:0006134
UBERON:0006137	UBERON:0006141
UBERON:0006138	UBERON:0004554
UBERON:0006139	UBERON:0004564
UBERON:0006140	UBERON:0004563
UBERON:0006141	UBERON:0004553
UBERON:0006142	UBERON:0006139
UBERON:0006143	UBERON:0006139
UBERON:0006144	UBERON:0006139
UBERON:0006145	UBERON:0004554
UBERON:0006145	UBERON:0006163
UBERON:0006146	UBERON:0004553
UBERON:0006146	UBERON:0006163
UBERON:0006163	UBERON:0004552
UBERON:0006164	UBERON:0006146
UBERON:0006165	UBERON:0006146
UBERON:0006166	UBERON:0006146
UBERON:0006167	UBERON:0006146
UBERON:0006168	UBERON:0006145
UBERON:0006169	UBERON:0006145
UBERON:0006170	UBERON:0002015
UBERON:0006171	UBERON:0002558
UBERON:0006172	UBERON:0004111
UBERON:0006173	UBERON:0004134
UBERON:0006173	UBERON:0005310
UBERON:0006174	UBERON:0006171
UBERON:0006175	UBERON:0004135
UBERON:0006175	UBERON:0005310
UBERON:0006182	UBERON:0002320
UBERON:0006183	UBERON:0004212
UBERON:0006189	UBERON:0000083
UBERON:0006189	UBERON:0005097
UBERON:0006189	UBERON:0005330
UBERON:0006190	UBERON:0000083
UBERON:0006190	UBERON:0004135
UBERON:0006190	UBERON:0005330
UBERON:0006192	UBERON:0000083
UBERON:0006192	UBERON:0004134
UBERON:0006192	UBERON:0005330
UBERON:0006194	UBERON:0006171
UBERON:0006195	UBERON:0006171
UBERON:0006196	UBERON:0006171
UBERON:0006197	UBERON:0003496
UBERON:0006197	UBERON:0009141
UBERON:0006198	UBERON:0005612
UBERON:0006199	UBERON:0006197
UBERON:0006200	UBERON:0001638
UBERON:0006203	UBERON:0000064
UBERON:0006204	UBERON:0000211
UBERON:0006204	UBERON:0005172
UBERON:0006205	UBERON:0000064
UBERON:0006206	UBERON:0000015
UBERON:0006207	UBERON:0004142
UBERON:0006208	UBERON:0000477
UBERON:0006209	UBERON:0003932
UBERON:0006209	UBERON:0005253
UBERON:0006209	UBERON:0005863
UBERON:0006209	UBERON:0015048
UBERON:0006210	UBERON:0003104
UBERON:0006211	UBERON:0003037
UBERON:0006212	UBERON:0002050
UBERON:0006213	UBERON:0003319
UBERON:0006213	UBERON:0005863
UBERON:0006213	UBERON:0006598
UBERON:0006213	UBERON:0010377
UBERON:0006213	UBERON:0015049
UBERON:0006214	UBERON:0003319
UBERON:0006214	UBERON:0005866
UBERON:0006214	UBERON:0006598
UBERON:0006214	UBERON:0009523
UBERON:0006214	UBERON:0015049
UBERON:0006215	UBERON:0001048
UBERON:0006215	UBERON:0006598
UBERON:0006216	UBERON:0016566
UBERON:0006217	UBERON:0000158
UBERON:0006218	UBERON:0002050
UBERON:0006219	UBERON:0005865
UBERON:0006220	UBERON:0004111
UBERON:0006222	UBERON:0006598
UBERON:0006223	UBERON:0002050
UBERON:0006224	UBERON:0001048
UBERON:0006226	UBERON:0006598
UBERON:0006227	UBERON:0001048
UBERON:0006228	UBERON:0005253
UBERON:0006228	UBERON:0005866
UBERON:0006228	UBERON:0015051
UBERON:0006230	UBERON:0003314
UBERON:0006230	UBERON:0005865
UBERON:0006231	UBERON:0002050
UBERON:0006231	UBERON:0003462
UBERON:0006231	UBERON:0007842
UBERON:0006232	UBERON:0002050
UBERON:0006233	UBERON:0011757
UBERON:0006234	UBERON:0005254
UBERON:0006234	UBERON:0005866
UBERON:0006234	UBERON:0010886
UBERON:0006234	UBERON:0015052
UBERON:0006235	UBERON:1100000
UBERON:0006236	UBERON:0001048
UBERON:0006238	UBERON:0006598
UBERON:0006239	UBERON:0000043
UBERON:0006239	UBERON:0005291
UBERON:0006239	UBERON:0006598
UBERON:0006240	UBERON:0006598
UBERON:0006241	UBERON:0006598
UBERON:0006242	UBERON:0001048
UBERON:0006242	UBERON:0006598
UBERON:0006243	UBERON:0002050
UBERON:0006244	UBERON:0001048
UBERON:0006245	UBERON:0005258
UBERON:0006245	UBERON:0005863
UBERON:0006245	UBERON:0010883
UBERON:0006245	UBERON:0015053
UBERON:0006246	UBERON:0005258
UBERON:0006246	UBERON:0005866
UBERON:0006246	UBERON:0010884
UBERON:0006246	UBERON:0015053
UBERON:0006247	UBERON:0005256
UBERON:0006247	UBERON:0005866
UBERON:0006247	UBERON:0015054
UBERON:0006248	UBERON:0015017
UBERON:0006248	UBERON:0035132
UBERON:0006250	UBERON:0002050
UBERON:0006250	UBERON:0005291
UBERON:0006250	UBERON:0007499
UBERON:0006251	UBERON:0001048
UBERON:0006252	UBERON:0002050
UBERON:0006253	UBERON:0012467
UBERON:0006254	UBERON:0005863
UBERON:0006254	UBERON:0007844
UBERON:0006254	UBERON:0015056
UBERON:0006255	UBERON:0005256
UBERON:0006255	UBERON:0005866
UBERON:0006255	UBERON:0015056
UBERON:0006256	UBERON:0001048
UBERON:0006256	UBERON:0006598
UBERON:0006257	UBERON:0006846
UBERON:0006259	UBERON:0016566
UBERON:0006260	UBERON:0002050
UBERON:0006260	UBERON:0010188
UBERON:0006261	UBERON:0011757
UBERON:0006262	UBERON:0010313
UBERON:0006262	UBERON:0015018
UBERON:0006262	UBERON:0035132
UBERON:0006263	UBERON:0005866
UBERON:0006263	UBERON:0006598
UBERON:0006263	UBERON:0014387
UBERON:0006264	UBERON:0007651
UBERON:0006265	UBERON:0000478
UBERON:0006265	UBERON:0016888
UBERON:0006266	UBERON:0000490
UBERON:0006266	UBERON:0005291
UBERON:0006266	UBERON:0019306
UBERON:0006267	UBERON:0000490
UBERON:0006267	UBERON:0002050
UBERON:0006267	UBERON:0005291
UBERON:0006267	UBERON:0010371
UBERON:0006268	UBERON:0005423
UBERON:0006270	UBERON:0006846
UBERON:0006271	UBERON:0013685
UBERON:0006272	UBERON:0002553
UBERON:0006273	UBERON:0016566
UBERON:0006274	UBERON:0001048
UBERON:0006274	UBERON:0006598
UBERON:0006275	UBERON:0002050
UBERON:0006276	UBERON:0002050
UBERON:0006277	UBERON:0002050
UBERON:0006278	UBERON:0002050
UBERON:0006279	UBERON:0003914
UBERON:0006279	UBERON:0005291
UBERON:0006280	UBERON:0000478
UBERON:0006280	UBERON:0016888
UBERON:0006282	UBERON:0001638
UBERON:0006282	UBERON:0009141
UBERON:0006283	UBERON:0006598
UBERON:0006284	UBERON:0013150
UBERON:0006285	UBERON:0005256
UBERON:0006285	UBERON:0005866
UBERON:0006285	UBERON:0015055
UBERON:0006286	UBERON:0010883
UBERON:0006286	UBERON:0015001
UBERON:0006287	UBERON:0003327
UBERON:0006287	UBERON:0005866
UBERON:0006287	UBERON:0010884
UBERON:0006287	UBERON:0015002
UBERON:0006288	UBERON:0005863
UBERON:0006288	UBERON:0007844
UBERON:0006288	UBERON:0015019
UBERON:0006289	UBERON:0005866
UBERON:0006289	UBERON:0015019
UBERON:0006290	UBERON:0007844
UBERON:0006290	UBERON:0015057
UBERON:0006291	UBERON:0015057
UBERON:0006292	UBERON:0003322
UBERON:0006292	UBERON:0005856
UBERON:0006293	UBERON:0001048
UBERON:0006293	UBERON:0003104
UBERON:0006294	UBERON:0015016
UBERON:0006294	UBERON:0035132
UBERON:0006295	UBERON:0005256
UBERON:0006295	UBERON:0005866
UBERON:0006296	UBERON:0001638
UBERON:0006297	UBERON:0017651
UBERON:0006298	UBERON:0017651
UBERON:0006300	UBERON:0013140
UBERON:0006301	UBERON:0004111
UBERON:0006303	UBERON:0002050
UBERON:0006304	UBERON:0003869
UBERON:0006305	UBERON:0002050
UBERON:0006306	UBERON:0005423
UBERON:0006306	UBERON:0010883
UBERON:0006306	UBERON:0015003
UBERON:0006307	UBERON:0002050
UBERON:0006309	UBERON:0002050
UBERON:0006311	UBERON:0000063
UBERON:0006312	UBERON:0000463
UBERON:0006314	UBERON:0000463
UBERON:0006318	UBERON:0003660
UBERON:0006318	UBERON:0004277
UBERON:0006319	UBERON:0002315
UBERON:0006319	UBERON:0011777
UBERON:0006320	UBERON:0006532
UBERON:0006321	UBERON:0006532
UBERON:0006322	UBERON:0006533
UBERON:0006323	UBERON:0006533
UBERON:0006325	UBERON:0001743
UBERON:0006326	UBERON:0001994
UBERON:0006326	UBERON:0003583
UBERON:0006326	UBERON:0005913
UBERON:0006327	UBERON:0001568
UBERON:0006328	UBERON:0001568
UBERON:0006329	UBERON:0001569
UBERON:0006330	UBERON:0000414
UBERON:0006330	UBERON:0001830
UBERON:0006330	UBERON:0003409
UBERON:0006331	UBERON:0002308
UBERON:0006332	UBERON:0001823
UBERON:0006333	UBERON:0000475
UBERON:0006334	UBERON:0010202
UBERON:0006337	UBERON:0007685
UBERON:0006338	UBERON:0005206
UBERON:0006339	UBERON:0005206
UBERON:0006340	UBERON:0005206
UBERON:0006341	UBERON:0005272
UBERON:0006342	UBERON:0006442
UBERON:0006343	UBERON:0006442
UBERON:0006345	UBERON:0001637
UBERON:0006345	UBERON:0003496
UBERON:0006347	UBERON:0001637
UBERON:0006349	UBERON:0001637
UBERON:0006351	UBERON:0003515
UBERON:0006351	UBERON:0006443
UBERON:0006353	UBERON:0003516
UBERON:0006353	UBERON:0006443
UBERON:0006355	UBERON:0002460
UBERON:0006356	UBERON:0001638
UBERON:0006358	UBERON:0002050
UBERON:0006359	UBERON:0001170
UBERON:0006360	UBERON:0000064
UBERON:0006364	UBERON:0000083
UBERON:0006364	UBERON:0007499
UBERON:0006364	UBERON:0034969
UBERON:0006373	UBERON:0005215
UBERON:0006374	UBERON:0000061
UBERON:0006376	UBERON:0007685
UBERON:0006377	UBERON:0004121
UBERON:0006377	UBERON:0005156
UBERON:0006378	UBERON:0001037
UBERON:0006428	UBERON:0002513
UBERON:0006428	UBERON:0003462
UBERON:0006428	UBERON:0004120
UBERON:0006428	UBERON:0011164
UBERON:0006430	UBERON:0000398
UBERON:0006430	UBERON:0002236
UBERON:0006430	UBERON:0005181
UBERON:0006430	UBERON:2001457
UBERON:0006431	UBERON:0002481
UBERON:0006431	UBERON:0003837
UBERON:0006435	UBERON:0007719
UBERON:0006436	UBERON:0007718
UBERON:0006438	UBERON:0007718
UBERON:0006440	UBERON:0007719
UBERON:0006442	UBERON:0002553
UBERON:0006443	UBERON:0001638
UBERON:0006443	UBERON:0003514
UBERON:0006444	UBERON:0001995
UBERON:0006445	UBERON:0000200
UBERON:0006445	UBERON:0015593
UBERON:0006446	UBERON:0000200
UBERON:0006446	UBERON:0002616
UBERON:0006446	UBERON:0015593
UBERON:0006447	UBERON:0007716
UBERON:0006448	UBERON:0007716
UBERON:0006449	UBERON:0007716
UBERON:0006450	UBERON:0007716
UBERON:0006451	UBERON:0007716
UBERON:0006452	UBERON:0007715
UBERON:0006453	UBERON:0007715
UBERON:0006454	UBERON:0007715
UBERON:0006455	UBERON:0007715
UBERON:0006456	UBERON:0007715
UBERON:0006457	UBERON:0007715
UBERON:0006458	UBERON:0007715
UBERON:0006459	UBERON:0007715
UBERON:0006460	UBERON:0007717
UBERON:0006461	UBERON:0007717
UBERON:0006462	UBERON:0007717
UBERON:0006463	UBERON:0007717
UBERON:0006464	UBERON:0007717
UBERON:0006465	UBERON:0007715
UBERON:0006466	UBERON:0007715
UBERON:0006467	UBERON:0007715
UBERON:0006468	UBERON:0007715
UBERON:0006469	UBERON:0007714
UBERON:0006470	UBERON:0007714
UBERON:0006471	UBERON:0013529
UBERON:0006472	UBERON:0013529
UBERON:0006473	UBERON:0013529
UBERON:0006474	UBERON:0013529
UBERON:0006475	UBERON:0013529
UBERON:0006476	UBERON:0013529
UBERON:0006477	UBERON:0013529
UBERON:0006478	UBERON:0013529
UBERON:0006479	UBERON:0013529
UBERON:0006480	UBERON:0013529
UBERON:0006481	UBERON:0013529
UBERON:0006482	UBERON:0013529
UBERON:0006483	UBERON:0013529
UBERON:0006484	UBERON:0013529
UBERON:0006485	UBERON:0013529
UBERON:0006486	UBERON:0013529
UBERON:0006487	UBERON:0002616
UBERON:0006488	UBERON:0007714
UBERON:0006489	UBERON:0007714
UBERON:0006490	UBERON:0007714
UBERON:0006491	UBERON:0007714
UBERON:0006492	UBERON:0007714
UBERON:0006493	UBERON:0007714
UBERON:0006494	UBERON:0001996
UBERON:0006494	UBERON:0003583
UBERON:0006495	UBERON:0013685
UBERON:0006496	UBERON:0034921
UBERON:0006497	UBERON:0006508
UBERON:0006497	UBERON:0014378
UBERON:0006499	UBERON:0006497
UBERON:0006502	UBERON:0006497
UBERON:0006505	UBERON:0001502
UBERON:0006508	UBERON:0003661
UBERON:0006514	UBERON:0002020
UBERON:0006514	UBERON:0003528
UBERON:0006516	UBERON:0005401
UBERON:0006516	UBERON:0006514
UBERON:0006517	UBERON:0000063
UBERON:0006518	UBERON:0000101
UBERON:0006524	UBERON:0011216
UBERON:0006525	UBERON:0011216
UBERON:0006526	UBERON:0011216
UBERON:0006530	UBERON:0000456
UBERON:0006530	UBERON:0006536
UBERON:0006531	UBERON:0001601
UBERON:0006532	UBERON:0006531
UBERON:0006533	UBERON:0006531
UBERON:0006534	UBERON:0007685
UBERON:0006535	UBERON:0000463
UBERON:0006536	UBERON:0022293
UBERON:0006537	UBERON:0022293
UBERON:0006538	UBERON:0000463
UBERON:0006539	UBERON:0000456
UBERON:0006541	UBERON:0034996
UBERON:0006542	UBERON:0034996
UBERON:0006544	UBERON:0002201
UBERON:0006544	UBERON:0006876
UBERON:0006553	UBERON:0000058
UBERON:0006555	UBERON:0000025
UBERON:0006558	UBERON:0011216
UBERON:0006561	UBERON:0011216
UBERON:0006562	UBERON:0004921
UBERON:0006563	UBERON:0007239
UBERON:0006564	UBERON:0004563
UBERON:0006565	UBERON:0012240
UBERON:0006566	UBERON:0001083
UBERON:0006567	UBERON:0001083
UBERON:0006568	UBERON:0006569
UBERON:0006569	UBERON:0002308
UBERON:0006570	UBERON:0002511
UBERON:0006571	UBERON:0002511
UBERON:0006574	UBERON:8410024
UBERON:0006575	UBERON:0000475
UBERON:0006580	UBERON:0000464
UBERON:0006581	UBERON:0001630
UBERON:0006582	UBERON:0000476
UBERON:0006583	UBERON:0000020
UBERON:0006585	UBERON:0000062
UBERON:0006586	UBERON:0007779
UBERON:0006587	UBERON:0006592
UBERON:0006588	UBERON:0006592
UBERON:0006588	UBERON:0013139
UBERON:0006589	UBERON:0004120
UBERON:0006589	UBERON:0008845
UBERON:0006590	UBERON:0005160
UBERON:0006591	UBERON:0006590
UBERON:0006592	UBERON:0006590
UBERON:0006594	UBERON:0000064
UBERON:0006594	UBERON:0005156
UBERON:0006595	UBERON:0006598
UBERON:0006596	UBERON:0006598
UBERON:0006597	UBERON:0002513
UBERON:0006597	UBERON:0011597
UBERON:0006597	UBERON:0015212
UBERON:0006598	UBERON:0002050
UBERON:0006599	UBERON:0006598
UBERON:0006600	UBERON:0006598
UBERON:0006601	UBERON:0006598
UBERON:0006603	UBERON:0006598
UBERON:0006604	UBERON:0003932
UBERON:0006605	UBERON:0003932
UBERON:0006606	UBERON:0002216
UBERON:0006607	UBERON:0006591
UBERON:0006608	UBERON:0005156
UBERON:0006608	UBERON:0006609
UBERON:0006609	UBERON:0008324
UBERON:0006610	UBERON:0000158
UBERON:0006610	UBERON:0005156
UBERON:0006611	UBERON:0000477
UBERON:0006612	UBERON:0000477
UBERON:0006614	UBERON:0000158
UBERON:0006615	UBERON:0003920
UBERON:0006616	UBERON:0001691
UBERON:0006617	UBERON:0001691
UBERON:0006618	UBERON:0000481
UBERON:0006630	UBERON:0006618
UBERON:0006631	UBERON:0006618
UBERON:0006632	UBERON:0002057
UBERON:0006633	UBERON:0005913
UBERON:0006634	UBERON:0001638
UBERON:0006635	UBERON:0000475
UBERON:0006636	UBERON:0012254
UBERON:0006637	UBERON:0013522
UBERON:0006638	UBERON:0004120
UBERON:0006638	UBERON:0006590
UBERON:0006639	UBERON:0005156
UBERON:0006639	UBERON:0018533
UBERON:0006640	UBERON:0005156
UBERON:0006640	UBERON:0018533
UBERON:0006641	UBERON:0004120
UBERON:0006641	UBERON:0005160
UBERON:0006642	UBERON:0005156
UBERON:0006642	UBERON:0006660
UBERON:0006643	UBERON:0006610
UBERON:0006644	UBERON:0006610
UBERON:0006645	UBERON:0005156
UBERON:0006645	UBERON:0005742
UBERON:0006646	UBERON:0005156
UBERON:0006646	UBERON:0006660
UBERON:0006647	UBERON:0005156
UBERON:0006647	UBERON:0005742
UBERON:0006648	UBERON:0005156
UBERON:0006648	UBERON:0005742
UBERON:0006649	UBERON:0004120
UBERON:0006649	UBERON:0008841
UBERON:0006650	UBERON:0000158
UBERON:0006650	UBERON:0004120
UBERON:0006650	UBERON:0005156
UBERON:0006651	UBERON:0004120
UBERON:0006651	UBERON:0006590
UBERON:0006652	UBERON:0005156
UBERON:0006652	UBERON:0006660
UBERON:0006653	UBERON:0008324
UBERON:0006653	UBERON:0035651
UBERON:0006654	UBERON:0000043
UBERON:0006654	UBERON:0003838
UBERON:0006655	UBERON:0000060
UBERON:0006655	UBERON:0005156
UBERON:0006656	UBERON:0035552
UBERON:0006656	UBERON:0039422
UBERON:0006657	UBERON:0004704
UBERON:0006658	UBERON:0003841
UBERON:0006658	UBERON:0011139
UBERON:0006659	UBERON:0011088
UBERON:0006660	UBERON:0004923
UBERON:0006660	UBERON:0018260
UBERON:0006661	UBERON:0006614
UBERON:0006662	UBERON:0012193
UBERON:0006663	UBERON:0001638
UBERON:0006664	UBERON:0001637
UBERON:0006665	UBERON:0001638
UBERON:0006666	UBERON:0001663
UBERON:0006667	UBERON:0002553
UBERON:0006668	UBERON:0013685
UBERON:0006669	UBERON:0005744
UBERON:0006670	UBERON:0000043
UBERON:0006670	UBERON:0003570
UBERON:0006670	UBERON:0003837
UBERON:0006671	UBERON:0003566
UBERON:0006671	UBERON:0003916
UBERON:0006672	UBERON:0013685
UBERON:0006673	UBERON:0013685
UBERON:0006674	UBERON:0000064
UBERON:0006675	UBERON:0003978
UBERON:0006676	UBERON:0001135
UBERON:0006676	UBERON:0004226
UBERON:0006677	UBERON:0036215
UBERON:0006678	UBERON:0004111
UBERON:0006679	UBERON:0003604
UBERON:0006680	UBERON:0003387
UBERON:0006681	UBERON:0001020
UBERON:0006682	UBERON:0013685
UBERON:0006683	UBERON:0002221
UBERON:0006684	UBERON:0002221
UBERON:0006685	UBERON:0005813
UBERON:0006686	UBERON:0001638
UBERON:0006687	UBERON:0001638
UBERON:0006688	UBERON:0000064
UBERON:0006689	UBERON:0005020
UBERON:0006689	UBERON:0036293
UBERON:0006690	UBERON:0003480
UBERON:0006690	UBERON:0035552
UBERON:0006691	UBERON:0000064
UBERON:0006692	UBERON:0004111
UBERON:0006694	UBERON:0006876
UBERON:0006694	UBERON:0036303
UBERON:0006695	UBERON:0011215
UBERON:0006696	UBERON:0007702
UBERON:0006696	UBERON:0011591
UBERON:0006697	UBERON:0011591
UBERON:0006698	UBERON:0011591
UBERON:0006699	UBERON:0004119
UBERON:0006699	UBERON:0005160
UBERON:0006713	UBERON:0013685
UBERON:0006714	UBERON:0004251
UBERON:0006715	UBERON:0003466
UBERON:0006715	UBERON:0015002
UBERON:0006716	UBERON:0002529
UBERON:0006717	UBERON:0010712
UBERON:0006718	UBERON:0006720
UBERON:0006719	UBERON:0006720
UBERON:0006720	UBERON:0003681
UBERON:0006721	UBERON:0002513
UBERON:0006721	UBERON:0003462
UBERON:0006721	UBERON:0004120
UBERON:0006721	UBERON:0011164
UBERON:0006721	UBERON:0015058
UBERON:0006721	UBERON:0015212
UBERON:0006722	UBERON:0005913
UBERON:0006723	UBERON:0005913
UBERON:0006724	UBERON:0005913
UBERON:0006725	UBERON:0008845
UBERON:0006726	UBERON:0006742
UBERON:0006726	UBERON:0015212
UBERON:0006727	UBERON:0001115
UBERON:0006728	UBERON:0001115
UBERON:0006729	UBERON:0000464
UBERON:0006742	UBERON:0007651
UBERON:0006743	UBERON:0019263
UBERON:0006749	UBERON:0001132
UBERON:0006749	UBERON:0015212
UBERON:0006755	UBERON:0001132
UBERON:0006755	UBERON:0004119
UBERON:0006755	UBERON:0015212
UBERON:0006756	UBERON:0002050
UBERON:0006757	UBERON:0002050
UBERON:0006761	UBERON:0007651
UBERON:0006762	UBERON:0008841
UBERON:0006763	UBERON:0010304
UBERON:0006763	UBERON:0015808
UBERON:0006764	UBERON:0004573
UBERON:0006764	UBERON:0006347
UBERON:0006764	UBERON:0035380
UBERON:0006765	UBERON:0001638
UBERON:0006766	UBERON:0001638
UBERON:0006767	UBERON:0005055
UBERON:0006768	UBERON:0010361
UBERON:0006770	UBERON:0004530
UBERON:0006771	UBERON:0006775
UBERON:0006772	UBERON:0006775
UBERON:0006773	UBERON:0006775
UBERON:0006775	UBERON:0002418
UBERON:0006776	UBERON:0005913
UBERON:0006777	UBERON:0002050
UBERON:0006779	UBERON:0006786
UBERON:0006779	UBERON:0006791
UBERON:0006780	UBERON:0006785
UBERON:0006780	UBERON:0006791
UBERON:0006782	UBERON:0006785
UBERON:0006783	UBERON:0011215
UBERON:0006783	UBERON:0022303
UBERON:0006785	UBERON:0006783
UBERON:0006785	UBERON:0016548
UBERON:0006786	UBERON:0006783
UBERON:0006786	UBERON:0016549
UBERON:0006787	UBERON:0006786
UBERON:0006787	UBERON:0006792
UBERON:0006788	UBERON:0006785
UBERON:0006788	UBERON:0006792
UBERON:0006789	UBERON:0006785
UBERON:0006789	UBERON:0006793
UBERON:0006790	UBERON:0006786
UBERON:0006790	UBERON:0006793
UBERON:0006791	UBERON:0006783
UBERON:0006792	UBERON:0006783
UBERON:0006793	UBERON:0006783
UBERON:0006794	UBERON:0011216
UBERON:0006795	UBERON:0006794
UBERON:0006796	UBERON:0006794
UBERON:0006798	UBERON:0001021
UBERON:0006799	UBERON:0000483
UBERON:0006800	UBERON:0000015
UBERON:0006801	UBERON:0005055
UBERON:0006802	UBERON:0005913
UBERON:0006803	UBERON:0004111
UBERON:0006804	UBERON:0011825
UBERON:0006805	UBERON:0005055
UBERON:0006806	UBERON:0009978
UBERON:0006806	UBERON:0016497
UBERON:0006807	UBERON:0009978
UBERON:0006807	UBERON:0016497
UBERON:0006810	UBERON:0005055
UBERON:0006811	UBERON:0005913
UBERON:0006812	UBERON:0013685
UBERON:0006813	UBERON:0000075
UBERON:0006813	UBERON:0010912
UBERON:0006815	UBERON:0011825
UBERON:0006820	UBERON:0000064
UBERON:0006821	UBERON:0002385
UBERON:0006822	UBERON:0004380
UBERON:0006822	UBERON:0004386
UBERON:0006828	UBERON:0002511
UBERON:0006829	UBERON:0003498
UBERON:0006829	UBERON:0005194
UBERON:0006831	UBERON:0000933
UBERON:0006832	UBERON:0000464
UBERON:0006833	UBERON:0000464
UBERON:0006834	UBERON:0005156
UBERON:0006834	UBERON:0013522
UBERON:0006836	UBERON:0001447
UBERON:0006837	UBERON:0005913
UBERON:0006838	UBERON:0001021
UBERON:0006839	UBERON:0001021
UBERON:0006840	UBERON:0002308
UBERON:0006841	UBERON:0013126
UBERON:0006841	UBERON:0015796
UBERON:0006842	UBERON:0001473
UBERON:0006842	UBERON:0010523
UBERON:0006843	UBERON:0002211
UBERON:0006843	UBERON:0011215
UBERON:0006844	UBERON:0000476
UBERON:0006845	UBERON:0014892
UBERON:0006846	UBERON:0000466
UBERON:0006847	UBERON:0001020
UBERON:0006848	UBERON:0006569
UBERON:0006849	UBERON:0002513
UBERON:0006849	UBERON:0007829
UBERON:0006849	UBERON:0015057
UBERON:0006851	UBERON:0005272
UBERON:0006853	UBERON:0007685
UBERON:0006854	UBERON:0006853
UBERON:0006855	UBERON:0006660
UBERON:0006856	UBERON:0004177
UBERON:0006856	UBERON:0005058
UBERON:0006856	UBERON:0005172
UBERON:0006856	UBERON:0006858
UBERON:0006856	UBERON:0010314
UBERON:0006857	UBERON:0001048
UBERON:0006857	UBERON:0002050
UBERON:0006858	UBERON:0002368
UBERON:0006858	UBERON:0004120
UBERON:0006859	UBERON:0006598
UBERON:0006860	UBERON:0002075
UBERON:0006860	UBERON:0018707
UBERON:0006861	UBERON:0005055
UBERON:0006862	UBERON:0004769
UBERON:0006863	UBERON:0004378
UBERON:0006863	UBERON:0006865
UBERON:0006864	UBERON:0004377
UBERON:0006864	UBERON:0006865
UBERON:0006865	UBERON:0001438
UBERON:0006866	UBERON:0004921
UBERON:0006867	UBERON:0000064
UBERON:0006868	UBERON:0005399
UBERON:0006869	UBERON:0000062
UBERON:0006870	UBERON:0003102
UBERON:0006871	UBERON:0010130
UBERON:0006872	UBERON:0004356
UBERON:0006875	UBERON:0010130
UBERON:0006876	UBERON:0002049
UBERON:0006877	UBERON:0002201
UBERON:0006877	UBERON:0006876
UBERON:0006878	UBERON:0000478
UBERON:0006904	UBERON:0004120
UBERON:0006904	UBERON:0005253
UBERON:0006905	UBERON:0005253
UBERON:0006906	UBERON:0003102
UBERON:0006906	UBERON:0015212
UBERON:0006907	UBERON:0001134
UBERON:0006908	UBERON:0001134
UBERON:0006909	UBERON:0000464
UBERON:0006911	UBERON:0000463
UBERON:0006912	UBERON:0004228
UBERON:0006912	UBERON:0006676
UBERON:0006913	UBERON:0003929
UBERON:0006914	UBERON:0000483
UBERON:0006915	UBERON:0000486
UBERON:0006915	UBERON:0006914
UBERON:0006916	UBERON:0006919
UBERON:0006916	UBERON:0010304
UBERON:0006918	UBERON:0003357
UBERON:0006918	UBERON:0013193
UBERON:0006919	UBERON:0002424
UBERON:0006919	UBERON:0003357
UBERON:0006919	UBERON:0006914
UBERON:0006920	UBERON:0001976
UBERON:0006920	UBERON:0006914
UBERON:0006921	UBERON:0000487
UBERON:0006921	UBERON:0001276
UBERON:0006922	UBERON:0004801
UBERON:0006922	UBERON:0010304
UBERON:0006923	UBERON:0001344
UBERON:0006923	UBERON:0006915
UBERON:0006924	UBERON:0001276
UBERON:0006924	UBERON:0006929
UBERON:0006925	UBERON:0002368
UBERON:0006925	UBERON:0013765
UBERON:0006929	UBERON:0000485
UBERON:0006929	UBERON:0006799
UBERON:0006930	UBERON:0000484
UBERON:0006930	UBERON:0006799
UBERON:0006931	UBERON:0001199
UBERON:0006932	UBERON:0006934
UBERON:0006932	UBERON:0006937
UBERON:0006934	UBERON:0000488
UBERON:0006935	UBERON:0006932
UBERON:0006936	UBERON:0003846
UBERON:0006937	UBERON:0015807
UBERON:0006938	UBERON:0015814
UBERON:0006946	UBERON:0000025
UBERON:0006946	UBERON:0005904
UBERON:0006947	UBERON:0000025
UBERON:0006947	UBERON:0005904
UBERON:0006947	UBERON:0015212
UBERON:0006948	UBERON:0005156
UBERON:0006948	UBERON:0034969
UBERON:0006949	UBERON:0003843
UBERON:0006950	UBERON:0003843
UBERON:0006951	UBERON:0003843
UBERON:0006952	UBERON:0003843
UBERON:0006953	UBERON:0005156
UBERON:0006953	UBERON:0034969
UBERON:0006954	UBERON:0000420
UBERON:0006954	UBERON:0003244
UBERON:0006955	UBERON:0004804
UBERON:0006956	UBERON:0003729
UBERON:0006957	UBERON:0003236
UBERON:0006957	UBERON:0005291
UBERON:0006958	UBERON:0004148
UBERON:0006958	UBERON:0015212
UBERON:0006959	UBERON:0004530
UBERON:0006960	UBERON:0003891
UBERON:0006960	UBERON:0005156
UBERON:0006964	UBERON:0000483
UBERON:0006964	UBERON:0005156
UBERON:0006965	UBERON:0005423
UBERON:0006966	UBERON:0001982
UBERON:0006966	UBERON:0003498
UBERON:0006967	UBERON:0006969
UBERON:0006968	UBERON:0000061
UBERON:0006969	UBERON:0004529
UBERON:0006970	UBERON:0004530
UBERON:0006971	UBERON:0006969
UBERON:0006972	UBERON:0006555
UBERON:0006973	UBERON:0006972
UBERON:0006974	UBERON:0006972
UBERON:0006976	UBERON:0013765
UBERON:0006983	UBERON:0000466
UBERON:0006984	UBERON:0010199
UBERON:0007005	UBERON:0005291
UBERON:0007010	UBERON:0000922
UBERON:0007021	UBERON:0000468
UBERON:0007023	UBERON:0000468
UBERON:0007026	UBERON:0006598
UBERON:0007037	UBERON:0001032
UBERON:0007095	UBERON:0000383
UBERON:0007097	UBERON:0005291
UBERON:0007098	UBERON:0003099
UBERON:0007099	UBERON:0003099
UBERON:0007100	UBERON:0015228
UBERON:0007105	UBERON:0000025
UBERON:0007106	UBERON:0000478
UBERON:0007106	UBERON:0002050
UBERON:0007108	UBERON:0000456
UBERON:0007109	UBERON:0001988
UBERON:0007111	UBERON:0034696
UBERON:0007113	UBERON:0000456
UBERON:0007115	UBERON:0001091
UBERON:0007116	UBERON:0003672
UBERON:0007118	UBERON:0000479
UBERON:0007119	UBERON:0005055
UBERON:0007119	UBERON:0018664
UBERON:0007120	UBERON:0013164
UBERON:0007121	UBERON:0000014
UBERON:0007122	UBERON:0004117
UBERON:0007123	UBERON:0004117
UBERON:0007124	UBERON:0004117
UBERON:0007125	UBERON:0004117
UBERON:0007126	UBERON:0004117
UBERON:0007127	UBERON:0004117
UBERON:0007128	UBERON:0002050
UBERON:0007132	UBERON:0003103
UBERON:0007132	UBERON:0004120
UBERON:0007132	UBERON:0004177
UBERON:0007132	UBERON:0005172
UBERON:0007134	UBERON:0000045
UBERON:0007135	UBERON:0016879
UBERON:0007136	UBERON:0034944
UBERON:0007140	UBERON:0001136
UBERON:0007141	UBERON:0001136
UBERON:0007142	UBERON:0001532
UBERON:0007143	UBERON:0001532
UBERON:0007144	UBERON:0002050
UBERON:0007145	UBERON:0000064
UBERON:0007146	UBERON:0002458
UBERON:0007147	UBERON:0000464
UBERON:0007148	UBERON:0000464
UBERON:0007149	UBERON:0003847
UBERON:0007150	UBERON:0003847
UBERON:0007150	UBERON:0035398
UBERON:0007151	UBERON:0011741
UBERON:0007152	UBERON:0015704
UBERON:0007153	UBERON:0006349
UBERON:0007154	UBERON:0006356
UBERON:0007155	UBERON:0006356
UBERON:0007156	UBERON:0018246
UBERON:0007157	UBERON:0018246
UBERON:0007158	UBERON:0000464
UBERON:0007159	UBERON:0000464
UBERON:0007160	UBERON:0017635
UBERON:0007161	UBERON:0015214
UBERON:0007162	UBERON:0015214
UBERON:0007163	UBERON:0015216
UBERON:0007164	UBERON:0001528
UBERON:0007165	UBERON:0001528
UBERON:0007166	UBERON:0007145
UBERON:0007167	UBERON:0007145
UBERON:0007168	UBERON:0011906
UBERON:0007169	UBERON:0011906
UBERON:0007170	UBERON:0005913
UBERON:0007171	UBERON:0036304
UBERON:0007172	UBERON:0005913
UBERON:0007173	UBERON:0007171
UBERON:0007174	UBERON:0007171
UBERON:0007175	UBERON:0007172
UBERON:0007176	UBERON:0007172
UBERON:0007177	UBERON:0011189
UBERON:0007178	UBERON:0001239
UBERON:0007179	UBERON:0000119
UBERON:0007180	UBERON:0001305
UBERON:0007181	UBERON:0000042
UBERON:0007181	UBERON:0005156
UBERON:0007182	UBERON:0005156
UBERON:0007182	UBERON:0006660
UBERON:0007185	UBERON:0001136
UBERON:0007185	UBERON:0005291
UBERON:0007186	UBERON:0003388
UBERON:0007186	UBERON:0007141
UBERON:0007187	UBERON:0003388
UBERON:0007187	UBERON:0007140
UBERON:0007188	UBERON:0003388
UBERON:0007190	UBERON:0000200
UBERON:0007191	UBERON:0007190
UBERON:0007192	UBERON:0007190
UBERON:0007193	UBERON:0000200
UBERON:0007194	UBERON:0010147
UBERON:0007195	UBERON:0003891
UBERON:0007196	UBERON:0000062
UBERON:0007197	UBERON:0000468
UBERON:0007198	UBERON:0014402
UBERON:0007204	UBERON:0002049
UBERON:0007213	UBERON:0005253
UBERON:0007214	UBERON:0005256
UBERON:0007215	UBERON:0003932
UBERON:0007220	UBERON:0000105
UBERON:0007221	UBERON:0000105
UBERON:0007222	UBERON:0000105
UBERON:0007223	UBERON:0000061
UBERON:0007224	UBERON:0000064
UBERON:0007225	UBERON:0000064
UBERON:0007227	UBERON:0007228
UBERON:0007228	UBERON:0007635
UBERON:0007230	UBERON:0007228
UBERON:0007232	UBERON:0000105
UBERON:0007233	UBERON:0000105
UBERON:0007236	UBERON:0000105
UBERON:0007237	UBERON:0002050
UBERON:0007238	UBERON:0002050
UBERON:0007239	UBERON:0002522
UBERON:0007240	UBERON:0005734
UBERON:0007241	UBERON:0005734
UBERON:0007242	UBERON:0002523
UBERON:0007242	UBERON:0004797
UBERON:0007243	UBERON:0002522
UBERON:0007244	UBERON:0007635
UBERON:0007245	UBERON:0002020
UBERON:0007247	UBERON:0006331
UBERON:0007247	UBERON:0009662
UBERON:0007249	UBERON:0007244
UBERON:0007250	UBERON:0002372
UBERON:0007250	UBERON:0015212
UBERON:0007251	UBERON:0006569
UBERON:0007252	UBERON:0001066
UBERON:0007252	UBERON:0003601
UBERON:0007252	UBERON:0005174
UBERON:0007252	UBERON:2001457
UBERON:0007254	UBERON:0001066
UBERON:0007254	UBERON:0005174
UBERON:0007254	UBERON:0005181
UBERON:0007254	UBERON:2001457
UBERON:0007255	UBERON:0001066
UBERON:0007255	UBERON:0005173
UBERON:0007255	UBERON:0005174
UBERON:0007255	UBERON:2001457
UBERON:0007257	UBERON:0001066
UBERON:0007257	UBERON:0005174
UBERON:0007257	UBERON:0005179
UBERON:0007257	UBERON:2001457
UBERON:0007260	UBERON:0007252
UBERON:0007261	UBERON:0007252
UBERON:0007262	UBERON:0007252
UBERON:0007263	UBERON:0007252
UBERON:0007264	UBERON:0007252
UBERON:0007265	UBERON:0007252
UBERON:0007266	UBERON:0007252
UBERON:0007267	UBERON:0005866
UBERON:0007267	UBERON:0009505
UBERON:0007268	UBERON:0007522
UBERON:0007269	UBERON:0007271
UBERON:0007269	UBERON:0014793
UBERON:0007270	UBERON:0007271
UBERON:0007270	UBERON:0014792
UBERON:0007271	UBERON:0001015
UBERON:0007272	UBERON:0011582
UBERON:0007273	UBERON:0011582
UBERON:0007274	UBERON:0003238
UBERON:0007274	UBERON:0006935
UBERON:0007275	UBERON:0003239
UBERON:0007275	UBERON:0006935
UBERON:0007276	UBERON:0003240
UBERON:0007276	UBERON:0006935
UBERON:0007277	UBERON:0006598
UBERON:0007278	UBERON:0006598
UBERON:0007279	UBERON:0006598
UBERON:0007280	UBERON:0006598
UBERON:0007281	UBERON:0006598
UBERON:0007282	UBERON:0006598
UBERON:0007283	UBERON:0006598
UBERON:0007284	UBERON:0016879
UBERON:0007285	UBERON:0006598
UBERON:0007286	UBERON:0006598
UBERON:0007287	UBERON:0006598
UBERON:0007288	UBERON:0006598
UBERON:0007289	UBERON:0006598
UBERON:0007290	UBERON:0006598
UBERON:0007291	UBERON:0006598
UBERON:0007292	UBERON:0006598
UBERON:0007293	UBERON:0006598
UBERON:0007294	UBERON:0006598
UBERON:0007295	UBERON:0006598
UBERON:0007296	UBERON:0006598
UBERON:0007297	UBERON:0006598
UBERON:0007298	UBERON:0001287
UBERON:0007298	UBERON:0005310
UBERON:0007299	UBERON:0001886
UBERON:0007300	UBERON:0007301
UBERON:0007301	UBERON:0001981
UBERON:0007302	UBERON:0007304
UBERON:0007303	UBERON:0006876
UBERON:0007304	UBERON:0002049
UBERON:0007306	UBERON:0004212
UBERON:0007307	UBERON:0005777
UBERON:0007308	UBERON:0005310
UBERON:0007308	UBERON:0006337
UBERON:0007311	UBERON:0006538
UBERON:0007312	UBERON:0001637
UBERON:0007314	UBERON:0013137
UBERON:0007315	UBERON:0003835
UBERON:0007315	UBERON:0007312
UBERON:0007315	UBERON:0015212
UBERON:0007316	UBERON:0001355
UBERON:0007316	UBERON:0004573
UBERON:0007316	UBERON:0013137
UBERON:0007317	UBERON:0004573
UBERON:0007317	UBERON:0013137
UBERON:0007318	UBERON:0004261
UBERON:0007318	UBERON:0035550
UBERON:0007319	UBERON:0013145
UBERON:0007321	UBERON:0013145
UBERON:0007324	UBERON:0000064
UBERON:0007329	UBERON:0003928
UBERON:0007329	UBERON:0004119
UBERON:0007330	UBERON:3000972
UBERON:0007331	UBERON:0007330
UBERON:0007332	UBERON:0007330
UBERON:0007334	UBERON:0002616
UBERON:0007347	UBERON:0002616
UBERON:0007349	UBERON:0002616
UBERON:0007350	UBERON:0002616
UBERON:0007351	UBERON:0009663
UBERON:0007352	UBERON:0002200
UBERON:0007352	UBERON:0006876
UBERON:0007354	UBERON:0007844
UBERON:0007355	UBERON:0002481
UBERON:0007355	UBERON:0003566
UBERON:0007356	UBERON:0013765
UBERON:0007357	UBERON:0011953
UBERON:0007358	UBERON:0011953
UBERON:0007359	UBERON:0011954
UBERON:0007361	UBERON:0011954
UBERON:0007362	UBERON:0011954
UBERON:0007364	UBERON:0004921
UBERON:0007365	UBERON:0011954
UBERON:0007366	UBERON:0000945
UBERON:0007367	UBERON:0036215
UBERON:0007371	UBERON:0007367
UBERON:0007373	UBERON:0007367
UBERON:0007374	UBERON:0015017
UBERON:0007374	UBERON:0035131
UBERON:0007375	UBERON:0000481
UBERON:0007376	UBERON:0000483
UBERON:0007376	UBERON:0003102
UBERON:0007377	UBERON:0013754
UBERON:0007378	UBERON:0002050
UBERON:0007379	UBERON:0002050
UBERON:0007380	UBERON:0002542
UBERON:0007380	UBERON:0004756
UBERON:0007380	UBERON:3000961
UBERON:0007381	UBERON:0002542
UBERON:0007381	UBERON:3000961
UBERON:0007383	UBERON:0000490
UBERON:0007383	UBERON:0005291
UBERON:0007384	UBERON:0001473
UBERON:0007385	UBERON:0007384
UBERON:0007386	UBERON:0007384
UBERON:0007389	UBERON:0002418
UBERON:0007390	UBERON:0007389
UBERON:0007391	UBERON:0007389
UBERON:0007412	UBERON:0002616
UBERON:0007413	UBERON:0006331
UBERON:0007413	UBERON:0009662
UBERON:0007414	UBERON:0000125
UBERON:0007415	UBERON:0006331
UBERON:0007415	UBERON:0007414
UBERON:0007415	UBERON:0009661
UBERON:0007416	UBERON:0007417
UBERON:0007416	UBERON:0014891
UBERON:0007417	UBERON:0002316
UBERON:0007418	UBERON:0000122
UBERON:0007418	UBERON:0011215
UBERON:0007425	UBERON:0007418
UBERON:0007440	UBERON:0000119
UBERON:0007473	UBERON:0012467
UBERON:0007475	UBERON:0000479
UBERON:0007486	UBERON:0000481
UBERON:0007490	UBERON:0000476
UBERON:0007491	UBERON:0000476
UBERON:0007499	UBERON:0003914
UBERON:0007499	UBERON:0009856
UBERON:0007500	UBERON:0003914
UBERON:0007501	UBERON:0007499
UBERON:0007502	UBERON:0003914
UBERON:0007503	UBERON:0000483
UBERON:0007521	UBERON:0004590
UBERON:0007522	UBERON:0004590
UBERON:0007524	UBERON:0003104
UBERON:0007529	UBERON:0003104
UBERON:0007530	UBERON:0003104
UBERON:0007567	UBERON:0000061
UBERON:0007573	UBERON:0000483
UBERON:0007574	UBERON:0007567
UBERON:0007589	UBERON:0004804
UBERON:0007589	UBERON:0007592
UBERON:0007590	UBERON:0004804
UBERON:0007590	UBERON:0010077
UBERON:0007592	UBERON:0000485
UBERON:0007592	UBERON:0007601
UBERON:0007601	UBERON:0000483
UBERON:0007602	UBERON:0000486
UBERON:0007602	UBERON:0012274
UBERON:0007603	UBERON:0000486
UBERON:0007603	UBERON:0010077
UBERON:0007606	UBERON:0007601
UBERON:0007606	UBERON:0007602
UBERON:0007610	UBERON:0001637
UBERON:0007610	UBERON:0003516
UBERON:0007612	UBERON:0011024
UBERON:0007613	UBERON:0011024
UBERON:0007614	UBERON:0011024
UBERON:0007615	UBERON:0001328
UBERON:0007616	UBERON:0000042
UBERON:0007617	UBERON:0002553
UBERON:0007618	UBERON:0007617
UBERON:0007619	UBERON:0001781
UBERON:0007622	UBERON:0002203
UBERON:0007623	UBERON:0000021
UBERON:0007625	UBERON:0019304
UBERON:0007626	UBERON:0002616
UBERON:0007627	UBERON:0009663
UBERON:0007628	UBERON:0002663
UBERON:0007629	UBERON:0002663
UBERON:0007630	UBERON:0009663
UBERON:0007631	UBERON:0011215
UBERON:0007632	UBERON:0006331
UBERON:0007632	UBERON:0009662
UBERON:0007633	UBERON:0006331
UBERON:0007633	UBERON:0007247
UBERON:0007634	UBERON:0006331
UBERON:0007634	UBERON:0009662
UBERON:0007635	UBERON:0006331
UBERON:0007635	UBERON:0009662
UBERON:0007637	UBERON:0002305
UBERON:0007639	UBERON:0011215
UBERON:0007639	UBERON:0016549
UBERON:0007640	UBERON:0002305
UBERON:0007641	UBERON:0007245
UBERON:0007642	UBERON:0006591
UBERON:0007643	UBERON:0002524
UBERON:0007644	UBERON:0000029
UBERON:0007644	UBERON:0005181
UBERON:0007645	UBERON:0006598
UBERON:0007646	UBERON:0007645
UBERON:0007647	UBERON:0007645
UBERON:0007650	UBERON:1100000
UBERON:0007651	UBERON:0000061
UBERON:0007652	UBERON:0003832
UBERON:0007652	UBERON:0004590
UBERON:0007653	UBERON:0010532
UBERON:0007654	UBERON:0010532
UBERON:0007656	UBERON:0000464
UBERON:0007657	UBERON:0000211
UBERON:0007679	UBERON:0001638
UBERON:0007679	UBERON:0014907
UBERON:0007681	UBERON:0003099
UBERON:0007683	UBERON:0005256
UBERON:0007684	UBERON:0003914
UBERON:0007684	UBERON:0004819
UBERON:0007684	UBERON:0006555
UBERON:0007685	UBERON:0001231
UBERON:0007687	UBERON:0005291
UBERON:0007687	UBERON:0006598
UBERON:0007687	UBERON:0007688
UBERON:0007688	UBERON:0000479
UBERON:0007688	UBERON:0005423
UBERON:0007689	UBERON:0001048
UBERON:0007690	UBERON:0000490
UBERON:0007690	UBERON:0003258
UBERON:0007690	UBERON:0005291
UBERON:0007691	UBERON:0000161
UBERON:0007692	UBERON:0006569
UBERON:0007693	UBERON:0001637
UBERON:0007699	UBERON:0001018
UBERON:0007702	UBERON:0001018
UBERON:0007703	UBERON:0007702
UBERON:0007707	UBERON:0002616
UBERON:0007709	UBERON:0002616
UBERON:0007710	UBERON:0006840
UBERON:0007711	UBERON:0002834
UBERON:0007712	UBERON:0002835
UBERON:0007713	UBERON:0002837
UBERON:0007714	UBERON:0005844
UBERON:0007715	UBERON:0003038
UBERON:0007715	UBERON:0005844
UBERON:0007716	UBERON:0002792
UBERON:0007716	UBERON:0005844
UBERON:0007717	UBERON:0005844
UBERON:0007718	UBERON:0001637
UBERON:0007719	UBERON:0001474
UBERON:0007719	UBERON:0005156
UBERON:0007721	UBERON:0001487
UBERON:0007721	UBERON:0006658
UBERON:0007722	UBERON:0001489
UBERON:0007722	UBERON:0006658
UBERON:0007723	UBERON:0007722
UBERON:0007724	UBERON:0007721
UBERON:0007725	UBERON:0007721
UBERON:0007726	UBERON:0007721
UBERON:0007727	UBERON:0007721
UBERON:0007728	UBERON:0007721
UBERON:0007729	UBERON:0007722
UBERON:0007730	UBERON:0007722
UBERON:0007731	UBERON:0007722
UBERON:0007732	UBERON:0007722
UBERON:0007735	UBERON:0003695
UBERON:0007738	UBERON:0003695
UBERON:0007741	UBERON:0003695
UBERON:0007744	UBERON:0003695
UBERON:0007747	UBERON:0003695
UBERON:0007750	UBERON:0003696
UBERON:0007753	UBERON:0003696
UBERON:0007756	UBERON:0003696
UBERON:0007759	UBERON:0003696
UBERON:0007762	UBERON:0003696
UBERON:0007763	UBERON:0004070
UBERON:0007764	UBERON:0007635
UBERON:0007767	UBERON:0002712
UBERON:0007768	UBERON:0002712
UBERON:0007769	UBERON:0002616
UBERON:0007770	UBERON:0002268
UBERON:0007771	UBERON:0002419
UBERON:0007772	UBERON:0001089
UBERON:0007772	UBERON:0006536
UBERON:0007773	UBERON:0001820
UBERON:0007773	UBERON:0005399
UBERON:0007774	UBERON:0003672
UBERON:0007775	UBERON:0001091
UBERON:0007776	UBERON:0001091
UBERON:0007777	UBERON:0001919
UBERON:0007778	UBERON:0001917
UBERON:0007779	UBERON:0006314
UBERON:0007780	UBERON:0000463
UBERON:0007794	UBERON:0000456
UBERON:0007794	UBERON:0006314
UBERON:0007795	UBERON:0001268
UBERON:0007798	UBERON:0000467
UBERON:0007799	UBERON:0003672
UBERON:0007800	UBERON:0002413
UBERON:0007801	UBERON:0001474
UBERON:0007802	UBERON:0002365
UBERON:0007803	UBERON:0000456
UBERON:0007804	UBERON:0010290
UBERON:0007805	UBERON:0001474
UBERON:0007806	UBERON:0000478
UBERON:0007807	UBERON:0002049
UBERON:0007808	UBERON:0001013
UBERON:0007808	UBERON:0003567
UBERON:0007809	UBERON:0013493
UBERON:0007811	UBERON:0000475
UBERON:0007812	UBERON:0002415
UBERON:0007818	UBERON:0001823
UBERON:0007819	UBERON:0001823
UBERON:0007820	UBERON:0001823
UBERON:0007821	UBERON:0001823
UBERON:0007822	UBERON:0001823
UBERON:0007823	UBERON:0000475
UBERON:0007825	UBERON:0001967
UBERON:0007826	UBERON:0002095
UBERON:0007826	UBERON:0002358
UBERON:0007827	UBERON:0034929
UBERON:0007828	UBERON:0010740
UBERON:0007829	UBERON:0007828
UBERON:0007829	UBERON:0010741
UBERON:0007830	UBERON:0003828
UBERON:0007830	UBERON:0005179
UBERON:0007830	UBERON:0005913
UBERON:0007830	UBERON:0007828
UBERON:0007830	UBERON:0010742
UBERON:0007831	UBERON:0010719
UBERON:0007832	UBERON:0010719
UBERON:0007833	UBERON:0005913
UBERON:0007834	UBERON:0004170
UBERON:0007835	UBERON:0004170
UBERON:0007836	UBERON:0004170
UBERON:0007837	UBERON:0004170
UBERON:0007838	UBERON:0001020
UBERON:0007838	UBERON:0008882
UBERON:0007840	UBERON:0007838
UBERON:0007841	UBERON:0007829
UBERON:0007841	UBERON:0008907
UBERON:0007842	UBERON:0001474
UBERON:0007843	UBERON:0005913
UBERON:0007844	UBERON:0004765
UBERON:0007845	UBERON:0002384
UBERON:0007846	UBERON:0007845
UBERON:0007846	UBERON:0011823
UBERON:0007862	UBERON:0002384
UBERON:0007914	UBERON:0001474
UBERON:0007958	UBERON:0001435
UBERON:0007958	UBERON:0012131
UBERON:0007959	UBERON:0001435
UBERON:0007960	UBERON:0001480
UBERON:0007990	UBERON:0001479
UBERON:0007990	UBERON:0004248
UBERON:0007990	UBERON:0008000
UBERON:0007991	UBERON:0001479
UBERON:0007991	UBERON:0004249
UBERON:0007991	UBERON:0007997
UBERON:0007993	UBERON:0001479
UBERON:0007993	UBERON:0003466
UBERON:0007993	UBERON:0011141
UBERON:0007997	UBERON:0001479
UBERON:0007997	UBERON:0005897
UBERON:0007997	UBERON:0011141
UBERON:0008000	UBERON:0001479
UBERON:0008000	UBERON:0005899
UBERON:0008000	UBERON:0011141
UBERON:0008001	UBERON:0001474
UBERON:0008114	UBERON:0000982
UBERON:0008115	UBERON:0036215
UBERON:0008124	UBERON:0008115
UBERON:0008187	UBERON:0002418
UBERON:0008188	UBERON:0000043
UBERON:0008192	UBERON:0000043
UBERON:0008193	UBERON:0001474
UBERON:0008194	UBERON:0003464
UBERON:0008194	UBERON:0015011
UBERON:0008195	UBERON:0005899
UBERON:0008195	UBERON:0015012
UBERON:0008196	UBERON:0010891
UBERON:0008198	UBERON:0013754
UBERON:0008199	UBERON:0001444
UBERON:0008200	UBERON:0001444
UBERON:0008201	UBERON:0007381
UBERON:0008202	UBERON:0001474
UBERON:0008203	UBERON:0002553
UBERON:0008229	UBERON:0001015
UBERON:0008230	UBERON:0000366
UBERON:0008230	UBERON:0004256
UBERON:0008231	UBERON:0000475
UBERON:0008242	UBERON:0002324
UBERON:0008242	UBERON:0003833
UBERON:0008243	UBERON:0002324
UBERON:0008243	UBERON:0003830
UBERON:0008245	UBERON:0001630
UBERON:0008246	UBERON:0004921
UBERON:0008247	UBERON:0000026
UBERON:0008248	UBERON:0004921
UBERON:0008250	UBERON:0004921
UBERON:0008251	UBERON:0000467
UBERON:0008252	UBERON:0000062
UBERON:0008253	UBERON:0000481
UBERON:0008254	UBERON:0010883
UBERON:0008254	UBERON:0035561
UBERON:0008255	UBERON:0001105
UBERON:0008256	UBERON:0001105
UBERON:0008257	UBERON:0001435
UBERON:0008257	UBERON:0007997
UBERON:0008258	UBERON:0000475
UBERON:0008259	UBERON:0000475
UBERON:0008260	UBERON:0000026
UBERON:0008261	UBERON:0000026
UBERON:0008262	UBERON:0000475
UBERON:0008263	UBERON:0000475
UBERON:0008264	UBERON:0000069
UBERON:0008265	UBERON:0002548
UBERON:0008266	UBERON:0008846
UBERON:0008266	UBERON:0010313
UBERON:0008267	UBERON:0006300
UBERON:0008268	UBERON:0006300
UBERON:0008269	UBERON:0000463
UBERON:0008269	UBERON:0004755
UBERON:0008270	UBERON:0006612
UBERON:0008271	UBERON:0000075
UBERON:0008271	UBERON:0006612
UBERON:0008274	UBERON:0007113
UBERON:0008275	UBERON:0000075
UBERON:0008276	UBERON:0000075
UBERON:0008280	UBERON:0007113
UBERON:0008281	UBERON:0005423
UBERON:0008283	UBERON:0000475
UBERON:0008284	UBERON:0001630
UBERON:0008285	UBERON:0010040
UBERON:0008286	UBERON:0000064
UBERON:0008287	UBERON:0000064
UBERON:0008288	UBERON:0011784
UBERON:0008290	UBERON:0000064
UBERON:0008291	UBERON:0000022
UBERON:0008292	UBERON:0000022
UBERON:0008293	UBERON:0000022
UBERON:0008294	UBERON:0013703
UBERON:0008295	UBERON:0013703
UBERON:0008297	UBERON:0008292
UBERON:0008304	UBERON:0002384
UBERON:0008305	UBERON:0002384
UBERON:0008307	UBERON:0004852
UBERON:0008310	UBERON:0003295
UBERON:0008311	UBERON:0004573
UBERON:0008311	UBERON:0005156
UBERON:0008320	UBERON:0004573
UBERON:0008320	UBERON:0005156
UBERON:0008320	UBERON:0036269
UBERON:0008321	UBERON:0004573
UBERON:0008321	UBERON:0005156
UBERON:0008322	UBERON:0001637
UBERON:0008322	UBERON:0005156
UBERON:0008323	UBERON:0001637
UBERON:0008323	UBERON:0005156
UBERON:0008324	UBERON:0000479
UBERON:0008330	UBERON:0001349
UBERON:0008331	UBERON:0001135
UBERON:0008331	UBERON:0005156
UBERON:0008332	UBERON:0011215
UBERON:0008333	UBERON:0008332
UBERON:0008334	UBERON:0013118
UBERON:0008335	UBERON:0008334
UBERON:0008337	UBERON:0000475
UBERON:0008338	UBERON:0005445
UBERON:0008338	UBERON:0008837
UBERON:0008339	UBERON:0004638
UBERON:0008339	UBERON:0004852
UBERON:0008340	UBERON:0000061
UBERON:0008341	UBERON:0003102
UBERON:0008342	UBERON:0001213
UBERON:0008343	UBERON:0001213
UBERON:0008344	UBERON:0001213
UBERON:0008345	UBERON:0013636
UBERON:0008346	UBERON:0013636
UBERON:0008367	UBERON:0000483
UBERON:0008397	UBERON:0004815
UBERON:0008404	UBERON:0004810
UBERON:0008408	UBERON:0004810
UBERON:0008420	UBERON:0002424
UBERON:0008424	UBERON:0001911
UBERON:0008424	UBERON:0005173
UBERON:0008425	UBERON:0006598
UBERON:0008426	UBERON:0000130
UBERON:0008427	UBERON:0000130
UBERON:0008427	UBERON:0015212
UBERON:0008428	UBERON:0002385
UBERON:0008429	UBERON:0001131
UBERON:0008429	UBERON:0005744
UBERON:0008430	UBERON:0001131
UBERON:0008430	UBERON:0005744
UBERON:0008431	UBERON:0001131
UBERON:0008431	UBERON:0005744
UBERON:0008432	UBERON:0001131
UBERON:0008432	UBERON:0005744
UBERON:0008433	UBERON:0003828
UBERON:0008433	UBERON:0003861
UBERON:0008433	UBERON:0004247
UBERON:0008434	UBERON:0003458
UBERON:0008434	UBERON:0003861
UBERON:0008434	UBERON:0004247
UBERON:0008435	UBERON:0003828
UBERON:0008435	UBERON:0003861
UBERON:0008435	UBERON:0004247
UBERON:0008435	UBERON:0005179
UBERON:0008436	UBERON:0003827
UBERON:0008436	UBERON:0003861
UBERON:0008436	UBERON:0004247
UBERON:0008437	UBERON:0005814
UBERON:0008437	UBERON:0008434
UBERON:0008438	UBERON:0006013
UBERON:0008438	UBERON:0006015
UBERON:0008439	UBERON:0006014
UBERON:0008439	UBERON:0006015
UBERON:0008440	UBERON:0002470
UBERON:0008440	UBERON:0010314
UBERON:0008441	UBERON:0002398
UBERON:0008441	UBERON:0008440
UBERON:0008442	UBERON:0002387
UBERON:0008442	UBERON:0008440
UBERON:0008443	UBERON:0002544
UBERON:0008444	UBERON:0002389
UBERON:0008444	UBERON:0008443
UBERON:0008445	UBERON:0001466
UBERON:0008445	UBERON:0008443
UBERON:0008446	UBERON:0004254
UBERON:0008447	UBERON:0001487
UBERON:0008447	UBERON:0002217
UBERON:0008449	UBERON:0005055
UBERON:0008449	UBERON:0005913
UBERON:0008450	UBERON:0008549
UBERON:0008453	UBERON:0002377
UBERON:0008453	UBERON:0004518
UBERON:0008454	UBERON:0002377
UBERON:0008454	UBERON:0004518
UBERON:0008455	UBERON:0002377
UBERON:0008455	UBERON:0004518
UBERON:0008456	UBERON:0001079
UBERON:0008457	UBERON:0001079
UBERON:0008459	UBERON:0001079
UBERON:0008460	UBERON:0001079
UBERON:0008461	UBERON:0001080
UBERON:0008462	UBERON:0001080
UBERON:0008463	UBERON:0001080
UBERON:0008464	UBERON:0001498
UBERON:0008465	UBERON:0001500
UBERON:0008465	UBERON:0011534
UBERON:0008488	UBERON:0001630
UBERON:0008488	UBERON:0005156
UBERON:0008521	UBERON:0002000
UBERON:0008522	UBERON:0001577
UBERON:0008523	UBERON:0005493
UBERON:0008529	UBERON:0002000
UBERON:0008537	UBERON:0002000
UBERON:0008544	UBERON:0002252
UBERON:0008546	UBERON:0002251
UBERON:0008549	UBERON:0004518
UBERON:0008571	UBERON:0005493
UBERON:0008572	UBERON:0010932
UBERON:0008573	UBERON:0010932
UBERON:0008574	UBERON:0010958
UBERON:0008575	UBERON:0010958
UBERON:0008576	UBERON:0006328
UBERON:0008577	UBERON:0006328
UBERON:0008577	UBERON:0034681
UBERON:0008582	UBERON:0001576
UBERON:0008582	UBERON:0012369
UBERON:0008583	UBERON:0001576
UBERON:0008584	UBERON:0001576
UBERON:0008585	UBERON:0003682
UBERON:0008585	UBERON:0015212
UBERON:0008586	UBERON:0003682
UBERON:0008586	UBERON:0015212
UBERON:0008586	UBERON:0018544
UBERON:0008588	UBERON:0008522
UBERON:0008589	UBERON:0008522
UBERON:0008591	UBERON:0001577
UBERON:0008592	UBERON:0001577
UBERON:0008593	UBERON:0010437
UBERON:0008594	UBERON:0010437
UBERON:0008595	UBERON:0001577
UBERON:0008596	UBERON:0001577
UBERON:0008596	UBERON:0013765
UBERON:0008596	UBERON:0015212
UBERON:0008597	UBERON:0001577
UBERON:0008598	UBERON:0001577
UBERON:0008603	UBERON:0001596
UBERON:0008604	UBERON:0001596
UBERON:0008605	UBERON:0001596
UBERON:0008606	UBERON:0001596
UBERON:0008607	UBERON:0001596
UBERON:0008608	UBERON:0001596
UBERON:0008609	UBERON:0001577
UBERON:0008611	UBERON:0002377
UBERON:0008611	UBERON:0004518
UBERON:0008612	UBERON:0001325
UBERON:0008617	UBERON:0001111
UBERON:0008618	UBERON:0002426
UBERON:0008622	UBERON:0008611
UBERON:0008712	UBERON:0008571
UBERON:0008713	UBERON:0001134
UBERON:0008715	UBERON:0002385
UBERON:0008715	UBERON:0005156
UBERON:0008716	UBERON:0004885
UBERON:0008772	UBERON:0004380
UBERON:0008772	UBERON:0004383
UBERON:0008775	UBERON:0004380
UBERON:0008775	UBERON:0004388
UBERON:0008776	UBERON:0000089
UBERON:0008777	UBERON:0004120
UBERON:0008777	UBERON:0004479
UBERON:0008778	UBERON:0004120
UBERON:0008778	UBERON:0004479
UBERON:0008779	UBERON:0001495
UBERON:0008780	UBERON:0002532
UBERON:0008781	UBERON:0002532
UBERON:0008783	UBERON:0001638
UBERON:0008784	UBERON:0002529
UBERON:0008785	UBERON:0002529
UBERON:0008786	UBERON:0000980
UBERON:0008787	UBERON:0000980
UBERON:0008788	UBERON:0008789
UBERON:0008789	UBERON:0004704
UBERON:0008790	UBERON:0000064
UBERON:0008791	UBERON:0008790
UBERON:0008798	UBERON:0005156
UBERON:0008798	UBERON:0008790
UBERON:0008799	UBERON:0008790
UBERON:0008800	UBERON:0000478
UBERON:0008800	UBERON:0016888
UBERON:0008801	UBERON:0001048
UBERON:0008802	UBERON:0008803
UBERON:0008803	UBERON:1000021
UBERON:0008804	UBERON:0000933
UBERON:0008804	UBERON:0003831
UBERON:0008804	UBERON:0013765
UBERON:0008804	UBERON:0015212
UBERON:0008805	UBERON:0000093
UBERON:0008806	UBERON:0000166
UBERON:0008807	UBERON:0010147
UBERON:0008808	UBERON:0001328
UBERON:0008809	UBERON:0000464
UBERON:0008810	UBERON:0011779
UBERON:0008811	UBERON:0003135
UBERON:0008812	UBERON:0008811
UBERON:0008813	UBERON:0000161
UBERON:0008814	UBERON:0034921
UBERON:0008815	UBERON:0004119
UBERON:0008815	UBERON:0013765
UBERON:0008816	UBERON:0000033
UBERON:0008817	UBERON:0000925
UBERON:0008818	UBERON:0002224
UBERON:0008819	UBERON:0002224
UBERON:0008820	UBERON:0002224
UBERON:0008821	UBERON:0002224
UBERON:0008822	UBERON:0002224
UBERON:0008823	UBERON:0000489
UBERON:0008823	UBERON:0000955
UBERON:0008824	UBERON:0005904
UBERON:0008826	UBERON:0006538
UBERON:0008827	UBERON:0011954
UBERON:0008828	UBERON:0003462
UBERON:0008828	UBERON:0011164
UBERON:0008829	UBERON:0002956
UBERON:0008830	UBERON:0002956
UBERON:0008831	UBERON:0002277
UBERON:0008832	UBERON:0002277
UBERON:0008833	UBERON:0035648
UBERON:0008834	UBERON:0000914
UBERON:0008835	UBERON:0004185
UBERON:0008835	UBERON:0005291
UBERON:0008835	UBERON:0007499
UBERON:0008835	UBERON:0009497
UBERON:0008835	UBERON:0009854
UBERON:0008836	UBERON:0004185
UBERON:0008836	UBERON:0007499
UBERON:0008836	UBERON:0009497
UBERON:0008836	UBERON:0009854
UBERON:0008837	UBERON:0002529
UBERON:0008838	UBERON:0012348
UBERON:0008839	UBERON:0008838
UBERON:0008839	UBERON:0013622
UBERON:0008839	UBERON:0013777
UBERON:0008840	UBERON:0008838
UBERON:0008840	UBERON:0013623
UBERON:0008840	UBERON:0013778
UBERON:0008841	UBERON:0008845
UBERON:0008842	UBERON:0005156
UBERON:0008842	UBERON:0008841
UBERON:0008843	UBERON:0004346
UBERON:0008844	UBERON:0004346
UBERON:0008845	UBERON:0000211
UBERON:0008846	UBERON:0000211
UBERON:0008847	UBERON:0004120
UBERON:0008847	UBERON:0005156
UBERON:0008847	UBERON:0008845
UBERON:0008848	UBERON:0005156
UBERON:0008848	UBERON:0008841
UBERON:0008851	UBERON:0000464
UBERON:0008852	UBERON:0001040
UBERON:0008853	UBERON:0001040
UBERON:0008854	UBERON:0003677
UBERON:0008855	UBERON:0005398
UBERON:0008856	UBERON:0018261
UBERON:0008856	UBERON:0034933
UBERON:0008857	UBERON:0012368
UBERON:0008858	UBERON:0009870
UBERON:0008859	UBERON:0000325
UBERON:0008859	UBERON:0000414
UBERON:0008860	UBERON:0000325
UBERON:0008860	UBERON:0010038
UBERON:0008861	UBERON:0000325
UBERON:0008861	UBERON:0000414
UBERON:0008862	UBERON:0004923
UBERON:0008862	UBERON:0034933
UBERON:0008863	UBERON:0012369
UBERON:0008866	UBERON:0034922
UBERON:0008867	UBERON:0000479
UBERON:0008870	UBERON:0008946
UBERON:0008873	UBERON:0004111
UBERON:0008874	UBERON:0001062
UBERON:0008876	UBERON:0004253
UBERON:0008876	UBERON:0014892
UBERON:0008877	UBERON:0005769
UBERON:0008878	UBERON:0005451
UBERON:0008878	UBERON:0008837
UBERON:0008879	UBERON:0008846
UBERON:0008880	UBERON:0000914
UBERON:0008881	UBERON:0002616
UBERON:0008882	UBERON:0001020
UBERON:0008882	UBERON:0007699
UBERON:0008883	UBERON:0002481
UBERON:0008884	UBERON:0001874
UBERON:0008885	UBERON:0001874
UBERON:0008886	UBERON:0007798
UBERON:0008887	UBERON:0001593
UBERON:0008888	UBERON:0001593
UBERON:0008888	UBERON:0002201
UBERON:0008889	UBERON:0001593
UBERON:0008891	UBERON:0002535
UBERON:0008891	UBERON:0003102
UBERON:0008892	UBERON:0002535
UBERON:0008894	UBERON:0001048
UBERON:0008895	UBERON:0011159
UBERON:0008896	UBERON:0002539
UBERON:0008897	UBERON:0000026
UBERON:0008902	UBERON:0000464
UBERON:0008904	UBERON:0004121
UBERON:0008904	UBERON:0035555
UBERON:0008906	UBERON:0001785
UBERON:0008906	UBERON:0004121
UBERON:0008907	UBERON:0004756
UBERON:0008907	UBERON:0007842
UBERON:0008909	UBERON:0012075
UBERON:0008911	UBERON:0012075
UBERON:0008913	UBERON:0007842
UBERON:0008915	UBERON:0000464
UBERON:0008917	UBERON:0003103
UBERON:0008917	UBERON:0035555
UBERON:0008918	UBERON:0003103
UBERON:0008918	UBERON:0035555
UBERON:0008921	UBERON:0022303
UBERON:0008922	UBERON:0008927
UBERON:0008922	UBERON:0009732
UBERON:0008922	UBERON:0009733
UBERON:0008922	UBERON:0009735
UBERON:0008922	UBERON:0009737
UBERON:0008923	UBERON:0008927
UBERON:0008923	UBERON:0008928
UBERON:0008923	UBERON:0009732
UBERON:0008923	UBERON:0009733
UBERON:0008923	UBERON:0009734
UBERON:0008923	UBERON:0009737
UBERON:0008924	UBERON:0008928
UBERON:0008924	UBERON:0009731
UBERON:0008924	UBERON:0009733
UBERON:0008924	UBERON:0009734
UBERON:0008924	UBERON:0009735
UBERON:0008924	UBERON:0009736
UBERON:0008924	UBERON:0009737
UBERON:0008925	UBERON:0008929
UBERON:0008925	UBERON:0009731
UBERON:0008925	UBERON:0009734
UBERON:0008925	UBERON:0009735
UBERON:0008925	UBERON:0009736
UBERON:0008925	UBERON:0009737
UBERON:0008926	UBERON:0008929
UBERON:0008926	UBERON:0009732
UBERON:0008926	UBERON:0009736
UBERON:0008927	UBERON:0008921
UBERON:0008928	UBERON:0008921
UBERON:0008929	UBERON:0008921
UBERON:0008930	UBERON:0035014
UBERON:0008933	UBERON:0008930
UBERON:0008934	UBERON:0008930
UBERON:0008935	UBERON:0005398
UBERON:0008936	UBERON:0000161
UBERON:0008936	UBERON:0005156
UBERON:0008937	UBERON:0000475
UBERON:0008939	UBERON:0000045
UBERON:0008940	UBERON:0000045
UBERON:0008941	UBERON:0000045
UBERON:0008942	UBERON:0000045
UBERON:0008943	UBERON:0000475
UBERON:0008944	UBERON:0000463
UBERON:0008945	UBERON:0000490
UBERON:0008945	UBERON:0005292
UBERON:0008946	UBERON:0000353
UBERON:0008947	UBERON:0001048
UBERON:0008948	UBERON:0000101
UBERON:0008949	UBERON:0000101
UBERON:0008950	UBERON:0004890
UBERON:0008951	UBERON:0000101
UBERON:0008952	UBERON:0008948
UBERON:0008952	UBERON:0008951
UBERON:0008953	UBERON:0008949
UBERON:0008953	UBERON:0008951
UBERON:0008954	UBERON:0000063
UBERON:0008955	UBERON:0000101
UBERON:0008956	UBERON:0000064
UBERON:0008957	UBERON:0000064
UBERON:0008958	UBERON:0000064
UBERON:0008959	UBERON:0004530
UBERON:0008960	UBERON:0010053
UBERON:0008961	UBERON:0002184
UBERON:0008962	UBERON:0002428
UBERON:0008962	UBERON:0010741
UBERON:0008962	UBERON:0015021
UBERON:0008963	UBERON:0009564
UBERON:0008964	UBERON:0000045
UBERON:0008967	UBERON:0002437
UBERON:0008969	UBERON:0007499
UBERON:0008969	UBERON:0010313
UBERON:0008969	UBERON:0010371
UBERON:0008971	UBERON:0000064
UBERON:0008972	UBERON:0000064
UBERON:0008974	UBERON:0002365
UBERON:0008975	UBERON:0005398
UBERON:0008976	UBERON:0002365
UBERON:0008976	UBERON:0011579
UBERON:0008977	UBERON:0001630
UBERON:0008978	UBERON:0000062
UBERON:0008978	UBERON:0009856
UBERON:0008979	UBERON:0000468
UBERON:0008982	UBERON:0007846
UBERON:0008987	UBERON:0000353
UBERON:0008989	UBERON:0003408
UBERON:0008989	UBERON:0011148
UBERON:0008992	UBERON:0000478
UBERON:0008993	UBERON:0007692
UBERON:0008994	UBERON:0000945
UBERON:0008995	UBERON:0009662
UBERON:0008998	UBERON:0006876
UBERON:0008998	UBERON:0036303
UBERON:0008999	UBERON:0000061
UBERON:0009000	UBERON:0013706
UBERON:0009002	UBERON:0000158
UBERON:0009002	UBERON:0005156
UBERON:0009005	UBERON:0003840
UBERON:0009005	UBERON:0011139
UBERON:0009006	UBERON:0001542
UBERON:0009007	UBERON:0001542
UBERON:0009007	UBERON:0015917
UBERON:0009009	UBERON:0011779
UBERON:0009010	UBERON:0000479
UBERON:0009013	UBERON:0001995
UBERON:0009014	UBERON:0001068
UBERON:0009014	UBERON:0003836
UBERON:0009015	UBERON:0001068
UBERON:0009015	UBERON:0001418
UBERON:0009016	UBERON:0003891
UBERON:0009020	UBERON:0002247
UBERON:0009022	UBERON:0002247
UBERON:0009024	UBERON:0009753
UBERON:0009025	UBERON:0001637
UBERON:0009025	UBERON:0003497
UBERON:0009026	UBERON:0001637
UBERON:0009027	UBERON:0001637
UBERON:0009029	UBERON:0001638
UBERON:0009029	UBERON:0003520
UBERON:0009030	UBERON:0002016
UBERON:0009032	UBERON:0002016
UBERON:0009035	UBERON:0007685
UBERON:0009038	UBERON:0006800
UBERON:0009039	UBERON:0010754
UBERON:0009040	UBERON:0004573
UBERON:0009040	UBERON:0009026
UBERON:0009041	UBERON:0009026
UBERON:0009042	UBERON:0001593
UBERON:0009042	UBERON:0006876
UBERON:0009044	UBERON:0001593
UBERON:0009044	UBERON:0002201
UBERON:0009046	UBERON:0018253
UBERON:0009047	UBERON:0018253
UBERON:0009048	UBERON:0018253
UBERON:0009048	UBERON:0035552
UBERON:0009049	UBERON:0018253
UBERON:0009049	UBERON:0035550
UBERON:0009050	UBERON:0007635
UBERON:0009050	UBERON:0011775
UBERON:0009051	UBERON:0009050
UBERON:0009052	UBERON:0009050
UBERON:0009053	UBERON:0007633
UBERON:0009054	UBERON:0001009
UBERON:0009055	UBERON:0001009
UBERON:0009056	UBERON:0009055
UBERON:0009057	UBERON:0009055
UBERON:0009058	UBERON:0010000
UBERON:0009060	UBERON:0010000
UBERON:0009061	UBERON:0009060
UBERON:0009062	UBERON:0009060
UBERON:0009063	UBERON:0009061
UBERON:0009064	UBERON:0009061
UBERON:0009064	UBERON:0015212
UBERON:0009065	UBERON:0009061
UBERON:0009065	UBERON:0015212
UBERON:0009066	UBERON:0009062
UBERON:0009066	UBERON:0015212
UBERON:0009067	UBERON:0009062
UBERON:0009067	UBERON:0015212
UBERON:0009071	UBERON:0002182
UBERON:0009071	UBERON:0035767
UBERON:0009072	UBERON:0035767
UBERON:0009073	UBERON:0002183
UBERON:0009074	UBERON:0034681
UBERON:0009075	UBERON:0000060
UBERON:0009076	UBERON:0009075
UBERON:0009077	UBERON:0009075
UBERON:0009078	UBERON:0003604
UBERON:0009089	UBERON:0000064
UBERON:0009090	UBERON:0000064
UBERON:0009091	UBERON:0000064
UBERON:0009092	UBERON:0000064
UBERON:0009093	UBERON:0000064
UBERON:0009095	UBERON:0000064
UBERON:0009097	UBERON:0007023
UBERON:0009098	UBERON:0000995
UBERON:0009099	UBERON:0005423
UBERON:0009100	UBERON:0005423
UBERON:0009101	UBERON:0002548
UBERON:0009102	UBERON:0004177
UBERON:0009102	UBERON:0005057
UBERON:0009114	UBERON:0002370
UBERON:0009115	UBERON:0002370
UBERON:0009115	UBERON:0005178
UBERON:0009116	UBERON:0003295
UBERON:0009116	UBERON:0004177
UBERON:0009116	UBERON:0005057
UBERON:0009116	UBERON:0005058
UBERON:0009116	UBERON:0006925
UBERON:0009117	UBERON:0000991
UBERON:0009118	UBERON:0034929
UBERON:0009119	UBERON:0010313
UBERON:0009119	UBERON:0010912
UBERON:0009120	UBERON:0000479
UBERON:0009121	UBERON:0001785
UBERON:0009121	UBERON:0004121
UBERON:0009122	UBERON:0002546
UBERON:0009122	UBERON:0011814
UBERON:0009124	UBERON:0003078
UBERON:0009125	UBERON:0003078
UBERON:0009126	UBERON:0003078
UBERON:0009127	UBERON:0001714
UBERON:0009127	UBERON:0004121
UBERON:0009128	UBERON:0003067
UBERON:0009129	UBERON:0002166
UBERON:0009130	UBERON:0002050
UBERON:0009132	UBERON:0004256
UBERON:0009133	UBERON:0000479
UBERON:0009133	UBERON:0002050
UBERON:0009133	UBERON:0005291
UBERON:0009138	UBERON:0002064
UBERON:0009139	UBERON:0002065
UBERON:0009139	UBERON:0015212
UBERON:0009140	UBERON:0006296
UBERON:0009140	UBERON:0015212
UBERON:0009141	UBERON:0013140
UBERON:0009142	UBERON:0000477
UBERON:0009145	UBERON:0005423
UBERON:0009149	UBERON:0004111
UBERON:0009191	UBERON:0000481
UBERON:0009191	UBERON:0005866
UBERON:0009191	UBERON:0009891
UBERON:0009191	UBERON:0015060
UBERON:0009192	UBERON:0005866
UBERON:0009192	UBERON:0006904
UBERON:0009192	UBERON:0007213
UBERON:0009193	UBERON:0003932
UBERON:0009193	UBERON:0005863
UBERON:0009193	UBERON:0009891
UBERON:0009193	UBERON:0015060
UBERON:0009194	UBERON:0005863
UBERON:0009194	UBERON:0006904
UBERON:0009194	UBERON:0007213
UBERON:0009194	UBERON:0009891
UBERON:0009195	UBERON:0002050
UBERON:0009196	UBERON:0004176
UBERON:0009197	UBERON:0005253
UBERON:0009197	UBERON:0005866
UBERON:0009197	UBERON:0015048
UBERON:0009198	UBERON:0002209
UBERON:0009199	UBERON:0009198
UBERON:0009200	UBERON:0001003
UBERON:0009200	UBERON:3000981
UBERON:0009201	UBERON:0003914
UBERON:0009201	UBERON:0004819
UBERON:0009201	UBERON:0006553
UBERON:0009201	UBERON:0006555
UBERON:0009202	UBERON:0000064
UBERON:0009203	UBERON:0011160
UBERON:0009204	UBERON:0009501
UBERON:0009205	UBERON:0009501
UBERON:0009206	UBERON:0000490
UBERON:0009206	UBERON:0000924
UBERON:0009206	UBERON:0014702
UBERON:0009207	UBERON:0000064
UBERON:0009210	UBERON:0002050
UBERON:0009213	UBERON:0009210
UBERON:0009215	UBERON:0009210
UBERON:0009216	UBERON:0009210
UBERON:0009217	UBERON:0009210
UBERON:0009291	UBERON:0007844
UBERON:0009291	UBERON:0016491
UBERON:0009292	UBERON:0012314
UBERON:0009293	UBERON:0012314
UBERON:0009468	UBERON:0011164
UBERON:0009470	UBERON:0003462
UBERON:0009470	UBERON:0011164
UBERON:0009471	UBERON:0000064
UBERON:0009472	UBERON:0034929
UBERON:0009473	UBERON:0000026
UBERON:0009474	UBERON:0000026
UBERON:0009475	UBERON:0000026
UBERON:0009476	UBERON:0003978
UBERON:0009477	UBERON:0007213
UBERON:0009478	UBERON:0007524
UBERON:0009479	UBERON:0000924
UBERON:0009480	UBERON:0000925
UBERON:0009481	UBERON:0005082
UBERON:0009482	UBERON:0003104
UBERON:0009483	UBERON:0002095
UBERON:0009484	UBERON:0009483
UBERON:0009494	UBERON:0005291
UBERON:0009494	UBERON:0007524
UBERON:0009495	UBERON:0005911
UBERON:0009495	UBERON:0007499
UBERON:0009496	UBERON:0005911
UBERON:0009496	UBERON:0007499
UBERON:0009497	UBERON:0000490
UBERON:0009497	UBERON:0003929
UBERON:0009497	UBERON:0005911
UBERON:0009499	UBERON:0007185
UBERON:0009500	UBERON:0007213
UBERON:0009501	UBERON:0007213
UBERON:0009502	UBERON:0009483
UBERON:0009503	UBERON:0003104
UBERON:0009504	UBERON:0003104
UBERON:0009505	UBERON:0007524
UBERON:0009506	UBERON:0005253
UBERON:0009506	UBERON:0007524
UBERON:0009521	UBERON:0000490
UBERON:0009521	UBERON:0005911
UBERON:0009522	UBERON:0000490
UBERON:0009522	UBERON:0003929
UBERON:0009522	UBERON:0005291
UBERON:0009523	UBERON:0010377
UBERON:0009526	UBERON:0003104
UBERON:0009526	UBERON:0005291
UBERON:0009536	UBERON:0000102
UBERON:0009536	UBERON:0005629
UBERON:0009537	UBERON:0000102
UBERON:0009537	UBERON:0005629
UBERON:0009538	UBERON:0003104
UBERON:0009538	UBERON:0005291
UBERON:0009539	UBERON:0003324
UBERON:0009539	UBERON:0005291
UBERON:0009548	UBERON:0001281
UBERON:0009549	UBERON:0001281
UBERON:0009550	UBERON:0000925
UBERON:0009551	UBERON:0002529
UBERON:0009552	UBERON:0005451
UBERON:0009552	UBERON:0009551
UBERON:0009553	UBERON:0005445
UBERON:0009553	UBERON:0009551
UBERON:0009555	UBERON:0009558
UBERON:0009555	UBERON:0014489
UBERON:0009556	UBERON:0009558
UBERON:0009556	UBERON:0014503
UBERON:0009558	UBERON:0003221
UBERON:0009559	UBERON:0002217
UBERON:0009559	UBERON:0003841
UBERON:0009559	UBERON:0011139
UBERON:0009563	UBERON:0002529
UBERON:0009564	UBERON:0013703
UBERON:0009565	UBERON:0001705
UBERON:0009566	UBERON:0018257
UBERON:0009567	UBERON:0001705
UBERON:0009568	UBERON:0006077
UBERON:0009569	UBERON:0000475
UBERON:0009570	UBERON:0005478
UBERON:0009571	UBERON:0002050
UBERON:0009572	UBERON:0000464
UBERON:0009573	UBERON:0002553
UBERON:0009576	UBERON:0005478
UBERON:0009577	UBERON:0005478
UBERON:0009578	UBERON:0005478
UBERON:0009579	UBERON:0004064
UBERON:0009580	UBERON:0004061
UBERON:0009581	UBERON:0004061
UBERON:0009582	UBERON:0005496
UBERON:0009583	UBERON:0004061
UBERON:0009584	UBERON:0010042
UBERON:0009585	UBERON:0009749
UBERON:0009586	UBERON:0009596
UBERON:0009586	UBERON:0009600
UBERON:0009587	UBERON:0009597
UBERON:0009587	UBERON:0009600
UBERON:0009588	UBERON:0009598
UBERON:0009588	UBERON:0009600
UBERON:0009589	UBERON:0009599
UBERON:0009589	UBERON:0009600
UBERON:0009590	UBERON:0009596
UBERON:0009590	UBERON:0009601
UBERON:0009591	UBERON:0009597
UBERON:0009591	UBERON:0009601
UBERON:0009592	UBERON:0009598
UBERON:0009592	UBERON:0009601
UBERON:0009593	UBERON:0009599
UBERON:0009593	UBERON:0009601
UBERON:0009596	UBERON:0009585
UBERON:0009597	UBERON:0009585
UBERON:0009598	UBERON:0009585
UBERON:0009599	UBERON:0009585
UBERON:0009600	UBERON:0003859
UBERON:0009600	UBERON:0009585
UBERON:0009601	UBERON:0003860
UBERON:0009601	UBERON:0009585
UBERON:0009602	UBERON:0004883
UBERON:0009603	UBERON:0004883
UBERON:0009610	UBERON:0003075
UBERON:0009611	UBERON:0003075
UBERON:0009612	UBERON:0007651
UBERON:0009614	UBERON:0003075
UBERON:0009615	UBERON:0006598
UBERON:0009616	UBERON:0006598
UBERON:0009617	UBERON:0005253
UBERON:0009618	UBERON:0005256
UBERON:0009620	UBERON:0005291
UBERON:0009620	UBERON:0007524
UBERON:0009621	UBERON:0002329
UBERON:0009622	UBERON:0001290
UBERON:0009622	UBERON:0005310
UBERON:0009623	UBERON:0002211
UBERON:0009624	UBERON:0001780
UBERON:0009625	UBERON:0001780
UBERON:0009629	UBERON:0001780
UBERON:0009629	UBERON:0015212
UBERON:0009630	UBERON:0009623
UBERON:0009631	UBERON:0009623
UBERON:0009632	UBERON:0009623
UBERON:0009633	UBERON:0009623
UBERON:0009634	UBERON:0009623
UBERON:0009635	UBERON:0003932
UBERON:0009636	UBERON:0003932
UBERON:0009637	UBERON:0010355
UBERON:0009638	UBERON:0010355
UBERON:0009639	UBERON:0002513
UBERON:0009639	UBERON:0003462
UBERON:0009639	UBERON:0011164
UBERON:0009640	UBERON:0003932
UBERON:0009641	UBERON:0003931
UBERON:0009643	UBERON:0007702
UBERON:0009644	UBERON:0003571
UBERON:0009645	UBERON:0005399
UBERON:0009646	UBERON:0004295
UBERON:0009647	UBERON:0010071
UBERON:0009647	UBERON:0015813
UBERON:0009648	UBERON:0003581
UBERON:0009650	UBERON:0000061
UBERON:0009651	UBERON:0005769
UBERON:0009652	UBERON:0015329
UBERON:0009653	UBERON:0015329
UBERON:0009654	UBERON:0001637
UBERON:0009655	UBERON:0001637
UBERON:0009657	UBERON:0001637
UBERON:0009658	UBERON:0001637
UBERON:0009659	UBERON:0001187
UBERON:0009661	UBERON:0002308
UBERON:0009662	UBERON:0002308
UBERON:0009663	UBERON:0002308
UBERON:0009664	UBERON:0002095
UBERON:0009668	UBERON:0002050
UBERON:0009669	UBERON:0012463
UBERON:0009670	UBERON:0000464
UBERON:0009671	UBERON:0002424
UBERON:0009671	UBERON:0005384
UBERON:0009672	UBERON:0000481
UBERON:0009673	UBERON:0001785
UBERON:0009674	UBERON:0001780
UBERON:0009675	UBERON:0001785
UBERON:0009676	UBERON:0013150
UBERON:0009678	UBERON:0003672
UBERON:0009678	UBERON:0034926
UBERON:0009679	UBERON:0009678
UBERON:0009680	UBERON:0009678
UBERON:0009687	UBERON:0004148
UBERON:0009688	UBERON:0001637
UBERON:0009688	UBERON:0004573
UBERON:0009688	UBERON:0035307
UBERON:0009689	UBERON:0003472
UBERON:0009689	UBERON:0035489
UBERON:0009692	UBERON:0002558
UBERON:0009692	UBERON:0005082
UBERON:0009695	UBERON:0003351
UBERON:0009697	UBERON:0001278
UBERON:0009708	UBERON:0002365
UBERON:0009708	UBERON:0005177
UBERON:0009709	UBERON:0002365
UBERON:0009709	UBERON:0005177
UBERON:0009712	UBERON:0001081
UBERON:0009713	UBERON:0001081
UBERON:0009714	UBERON:0009292
UBERON:0009715	UBERON:0000464
UBERON:0009716	UBERON:0000020
UBERON:0009717	UBERON:0000020
UBERON:0009718	UBERON:0000058
UBERON:0009719	UBERON:0000026
UBERON:0009720	UBERON:0009719
UBERON:0009721	UBERON:0009719
UBERON:0009722	UBERON:0005291
UBERON:0009722	UBERON:0005911
UBERON:0009722	UBERON:0015833
UBERON:0009731	UBERON:0008921
UBERON:0009732	UBERON:0008921
UBERON:0009733	UBERON:0008921
UBERON:0009734	UBERON:0008921
UBERON:0009735	UBERON:0008921
UBERON:0009736	UBERON:0008921
UBERON:0009737	UBERON:0008921
UBERON:0009738	UBERON:0009740
UBERON:0009739	UBERON:0009740
UBERON:0009740	UBERON:0022303
UBERON:0009742	UBERON:0002553
UBERON:0009743	UBERON:0007473
UBERON:0009743	UBERON:0012466
UBERON:0009744	UBERON:0004111
UBERON:0009745	UBERON:0000064
UBERON:0009746	UBERON:0005291
UBERON:0009747	UBERON:0005291
UBERON:0009748	UBERON:0005062
UBERON:0009749	UBERON:0003104
UBERON:0009751	UBERON:0003104
UBERON:0009752	UBERON:0003104
UBERON:0009753	UBERON:0000064
UBERON:0009754	UBERON:0002190
UBERON:0009755	UBERON:0000463
UBERON:0009756	UBERON:0000062
UBERON:0009757	UBERON:0000463
UBERON:0009758	UBERON:0007134
UBERON:0009767	UBERON:0006658
UBERON:0009768	UBERON:0006658
UBERON:0009769	UBERON:0002064
UBERON:0009771	UBERON:0003087
UBERON:0009771	UBERON:0015212
UBERON:0009772	UBERON:0003087
UBERON:0009772	UBERON:0015212
UBERON:0009773	UBERON:0003914
UBERON:0009773	UBERON:0006555
UBERON:0009775	UBERON:0007245
UBERON:0009775	UBERON:0019263
UBERON:0009776	UBERON:0007245
UBERON:0009776	UBERON:0019263
UBERON:0009777	UBERON:0007635
UBERON:0009778	UBERON:0005906
UBERON:0009778	UBERON:0015212
UBERON:0009779	UBERON:0003378
UBERON:0009779	UBERON:0003379
UBERON:0009780	UBERON:0003378
UBERON:0009780	UBERON:0003380
UBERON:0009834	UBERON:0002616
UBERON:0009835	UBERON:0002616
UBERON:0009836	UBERON:0007193
UBERON:0009836	UBERON:0015593
UBERON:0009840	UBERON:0000481
UBERON:0009840	UBERON:0002616
UBERON:0009841	UBERON:0000481
UBERON:0009841	UBERON:0002616
UBERON:0009842	UBERON:0034922
UBERON:0009843	UBERON:0005154
UBERON:0009844	UBERON:0000464
UBERON:0009845	UBERON:0003104
UBERON:0009846	UBERON:0000490
UBERON:0009846	UBERON:0005291
UBERON:0009846	UBERON:0009521
UBERON:0009846	UBERON:0012481
UBERON:0009847	UBERON:0005291
UBERON:0009847	UBERON:0006598
UBERON:0009847	UBERON:0007688
UBERON:0009848	UBERON:0007651
UBERON:0009849	UBERON:0004728
UBERON:0009850	UBERON:0002548
UBERON:0009851	UBERON:0009740
UBERON:0009852	UBERON:0009740
UBERON:0009853	UBERON:0005156
UBERON:0009853	UBERON:0034944
UBERON:0009854	UBERON:0004921
UBERON:0009854	UBERON:0009856
UBERON:0009855	UBERON:0009854
UBERON:0009856	UBERON:0000061
UBERON:0009857	UBERON:0000464
UBERON:0009858	UBERON:0000158
UBERON:0009859	UBERON:0000158
UBERON:0009860	UBERON:0006925
UBERON:0009861	UBERON:0002530
UBERON:0009862	UBERON:0000064
UBERON:0009863	UBERON:0000064
UBERON:0009864	UBERON:0000064
UBERON:0009865	UBERON:0003102
UBERON:0009866	UBERON:0000062
UBERON:0009867	UBERON:0001048
UBERON:0009868	UBERON:0009867
UBERON:0009869	UBERON:0009867
UBERON:0009870	UBERON:0004921
UBERON:0009870	UBERON:0034944
UBERON:0009871	UBERON:0005423
UBERON:0009877	UBERON:0002529
UBERON:0009878	UBERON:0010712
UBERON:0009879	UBERON:0009878
UBERON:0009880	UBERON:0009878
UBERON:0009881	UBERON:0000479
UBERON:0009881	UBERON:0005291
UBERON:0009882	UBERON:0034944
UBERON:0009883	UBERON:0000064
UBERON:0009885	UBERON:0001637
UBERON:0009887	UBERON:0001638
UBERON:0009888	UBERON:0002050
UBERON:0009889	UBERON:0002050
UBERON:0009889	UBERON:0005291
UBERON:0009889	UBERON:0007688
UBERON:0009890	UBERON:0004111
UBERON:0009891	UBERON:0005253
UBERON:0009892	UBERON:0000020
UBERON:0009893	UBERON:0000020
UBERON:0009894	UBERON:0005423
UBERON:0009895	UBERON:0009894
UBERON:0009896	UBERON:0009894
UBERON:0009897	UBERON:0001393
UBERON:0009897	UBERON:0015212
UBERON:0009898	UBERON:0001393
UBERON:0009898	UBERON:0015212
UBERON:0009899	UBERON:0002616
UBERON:0009906	UBERON:0006843
UBERON:0009907	UBERON:0004673
UBERON:0009907	UBERON:0010313
UBERON:0009908	UBERON:0002786
UBERON:0009909	UBERON:0002786
UBERON:0009910	UBERON:0000926
UBERON:0009911	UBERON:0000063
UBERON:0009912	UBERON:0000063
UBERON:0009913	UBERON:0009912
UBERON:0009914	UBERON:0009911
UBERON:0009916	UBERON:0000060
UBERON:0009917	UBERON:0007651
UBERON:0009918	UBERON:0000125
UBERON:0009918	UBERON:0007635
UBERON:0009919	UBERON:0001135
UBERON:0009920	UBERON:0005253
UBERON:0009920	UBERON:0007530
UBERON:0009921	UBERON:0000025
UBERON:0009948	UBERON:0009060
UBERON:0009949	UBERON:0010000
UBERON:0009950	UBERON:0004001
UBERON:0009951	UBERON:0002616
UBERON:0009952	UBERON:0000119
UBERON:0009953	UBERON:0000468
UBERON:0009954	UBERON:0001032
UBERON:0009955	UBERON:0002546
UBERON:0009956	UBERON:0000020
UBERON:0009957	UBERON:0006846
UBERON:0009958	UBERON:0000464
UBERON:0009959	UBERON:0000464
UBERON:0009960	UBERON:0012368
UBERON:0009961	UBERON:0012369
UBERON:0009962	UBERON:0002530
UBERON:0009963	UBERON:0009962
UBERON:0009964	UBERON:0009962
UBERON:0009965	UBERON:0009962
UBERON:0009966	UBERON:0004493
UBERON:0009966	UBERON:0010131
UBERON:0009967	UBERON:0003497
UBERON:0009967	UBERON:0006615
UBERON:0009968	UBERON:0006615
UBERON:0009969	UBERON:0006934
UBERON:0009970	UBERON:0010371
UBERON:0009970	UBERON:0013697
UBERON:0009970	UBERON:0034969
UBERON:0009971	UBERON:0000325
UBERON:0009972	UBERON:0007651
UBERON:0009973	UBERON:0003978
UBERON:0009973	UBERON:0007651
UBERON:0009974	UBERON:0005082
UBERON:0009974	UBERON:0007473
UBERON:0009975	UBERON:0005082
UBERON:0009976	UBERON:0005806
UBERON:0009977	UBERON:0007115
UBERON:0009978	UBERON:0005913
UBERON:0009979	UBERON:0005913
UBERON:0009980	UBERON:0005055
UBERON:0009980	UBERON:0009979
UBERON:0009984	UBERON:0009980
UBERON:0009985	UBERON:0009980
UBERON:0009986	UBERON:0005055
UBERON:0009986	UBERON:0009978
UBERON:0009987	UBERON:0005055
UBERON:0009987	UBERON:0009978
UBERON:0009988	UBERON:0005055
UBERON:0009988	UBERON:0009979
UBERON:0009989	UBERON:0005055
UBERON:0009989	UBERON:0009979
UBERON:0009990	UBERON:0009989
UBERON:0009991	UBERON:0009989
UBERON:0009992	UBERON:0001714
UBERON:0009992	UBERON:0001800
UBERON:0009993	UBERON:0007106
UBERON:0009994	UBERON:0007106
UBERON:0009995	UBERON:0007106
UBERON:0010000	UBERON:0000061
UBERON:0010001	UBERON:0000062
UBERON:0010001	UBERON:0034922
UBERON:0010002	UBERON:0000061
UBERON:0010005	UBERON:0000061
UBERON:0010006	UBERON:0002553
UBERON:0010006	UBERON:0012466
UBERON:0010007	UBERON:0002553
UBERON:0010007	UBERON:0012466
UBERON:0010008	UBERON:0000478
UBERON:0010009	UBERON:0034923
UBERON:0010010	UBERON:0002308
UBERON:0010010	UBERON:0009663
UBERON:0010011	UBERON:0010009
UBERON:0010012	UBERON:0003102
UBERON:0010013	UBERON:0003102
UBERON:0010014	UBERON:0004177
UBERON:0010014	UBERON:0005057
UBERON:0010014	UBERON:0015212
UBERON:0010015	UBERON:0000064
UBERON:0010016	UBERON:0003978
UBERON:0010016	UBERON:0035118
UBERON:0010017	UBERON:0003978
UBERON:0010018	UBERON:0003978
UBERON:0010019	UBERON:0003102
UBERON:0010020	UBERON:0005423
UBERON:0010020	UBERON:0005911
UBERON:0010020	UBERON:0007499
UBERON:0010020	UBERON:0015813
UBERON:0010021	UBERON:0000490
UBERON:0010021	UBERON:0005291
UBERON:0010021	UBERON:0015833
UBERON:0010022	UBERON:0000490
UBERON:0010022	UBERON:0005291
UBERON:0010022	UBERON:0015833
UBERON:0010023	UBERON:0000490
UBERON:0010023	UBERON:0005291
UBERON:0010023	UBERON:0015833
UBERON:0010024	UBERON:0000490
UBERON:0010024	UBERON:0005291
UBERON:0010024	UBERON:0015833
UBERON:0010025	UBERON:0000490
UBERON:0010025	UBERON:0005291
UBERON:0010025	UBERON:0015833
UBERON:0010026	UBERON:0000490
UBERON:0010026	UBERON:0005291
UBERON:0010026	UBERON:0015833
UBERON:0010027	UBERON:0000490
UBERON:0010027	UBERON:0005291
UBERON:0010027	UBERON:0015833
UBERON:0010028	UBERON:0000490
UBERON:0010028	UBERON:0005291
UBERON:0010028	UBERON:0015833
UBERON:0010029	UBERON:0000490
UBERON:0010029	UBERON:0005291
UBERON:0010029	UBERON:0015833
UBERON:0010030	UBERON:0000490
UBERON:0010030	UBERON:0005291
UBERON:0010030	UBERON:0015833
UBERON:0010031	UBERON:0009494
UBERON:0010032	UBERON:0000064
UBERON:0010033	UBERON:0000064
UBERON:0010034	UBERON:0005423
UBERON:0010034	UBERON:0010188
UBERON:0010036	UBERON:0006331
UBERON:0010036	UBERON:0009661
UBERON:0010038	UBERON:0000325
UBERON:0010038	UBERON:0000414
UBERON:0010039	UBERON:0013765
UBERON:0010040	UBERON:0001276
UBERON:0010040	UBERON:0011952
UBERON:0010041	UBERON:0000992
UBERON:0010042	UBERON:0009494
UBERON:0010045	UBERON:0010042
UBERON:0010046	UBERON:0005291
UBERON:0010046	UBERON:0007524
UBERON:0010047	UBERON:0002365
UBERON:0010047	UBERON:0003408
UBERON:0010048	UBERON:0010047
UBERON:0010049	UBERON:0010047
UBERON:0010050	UBERON:0010047
UBERON:0010051	UBERON:0000064
UBERON:0010052	UBERON:0005020
UBERON:0010053	UBERON:0000062
UBERON:0010054	UBERON:0010313
UBERON:0010054	UBERON:0015018
UBERON:0010054	UBERON:0035131
UBERON:0010055	UBERON:0011607
UBERON:0010055	UBERON:0015016
UBERON:0010055	UBERON:0035131
UBERON:0010056	UBERON:0003103
UBERON:0010056	UBERON:0005423
UBERON:0010056	UBERON:0013765
UBERON:0010057	UBERON:0005423
UBERON:0010057	UBERON:0010188
UBERON:0010059	UBERON:0002036
UBERON:0010060	UBERON:0000464
UBERON:0010061	UBERON:0000464
UBERON:0010062	UBERON:0003914
UBERON:0010062	UBERON:0005911
UBERON:0010062	UBERON:0015813
UBERON:0010063	UBERON:0005911
UBERON:0010063	UBERON:0007499
UBERON:0010063	UBERON:0015813
UBERON:0010064	UBERON:0000464
UBERON:0010065	UBERON:0003914
UBERON:0010065	UBERON:0015814
UBERON:0010066	UBERON:0005913
UBERON:0010069	UBERON:0009647
UBERON:0010069	UBERON:0015814
UBERON:0010070	UBERON:0010071
UBERON:0010071	UBERON:0000064
UBERON:0010074	UBERON:0010313
UBERON:0010074	UBERON:0011216
UBERON:0010075	UBERON:0005291
UBERON:0010076	UBERON:0000464
UBERON:0010077	UBERON:0000483
UBERON:0010078	UBERON:0002203
UBERON:0010078	UBERON:0005629
UBERON:0010081	UBERON:0003703
UBERON:0010081	UBERON:0003914
UBERON:0010081	UBERON:0005911
UBERON:0010081	UBERON:0034932
UBERON:0010083	UBERON:0003104
UBERON:0010084	UBERON:0006598
UBERON:0010090	UBERON:0005291
UBERON:0010090	UBERON:0006598
UBERON:0010090	UBERON:0007524
UBERON:0010091	UBERON:0005291
UBERON:0010091	UBERON:0007524
UBERON:0010091	UBERON:0007645
UBERON:0010092	UBERON:0006598
UBERON:0010096	UBERON:0006598
UBERON:0010123	UBERON:0002020
UBERON:0010124	UBERON:0002020
UBERON:0010125	UBERON:0002020
UBERON:0010126	UBERON:0002020
UBERON:0010127	UBERON:0006598
UBERON:0010128	UBERON:0001808
UBERON:0010129	UBERON:0005254
UBERON:0010129	UBERON:0005863
UBERON:0010129	UBERON:0010885
UBERON:0010129	UBERON:0015052
UBERON:0010130	UBERON:0006598
UBERON:0010131	UBERON:0001133
UBERON:0010132	UBERON:0001637
UBERON:0010133	UBERON:0002368
UBERON:0010134	UBERON:0005408
UBERON:0010134	UBERON:0010133
UBERON:0010135	UBERON:0005408
UBERON:0010136	UBERON:0000483
UBERON:0010137	UBERON:0000483
UBERON:0010141	UBERON:0004909
UBERON:0010141	UBERON:0005295
UBERON:0010143	UBERON:0006530
UBERON:0010145	UBERON:0005398
UBERON:0010146	UBERON:0000058
UBERON:0010146	UBERON:0005156
UBERON:0010147	UBERON:0005399
UBERON:0010148	UBERON:0035784
UBERON:0010150	UBERON:0011831
UBERON:0010151	UBERON:0005904
UBERON:0010152	UBERON:0000912
UBERON:0010153	UBERON:0004529
UBERON:0010154	UBERON:0006931
UBERON:0010155	UBERON:0003685
UBERON:0010156	UBERON:0003685
UBERON:0010157	UBERON:0003685
UBERON:0010158	UBERON:0003685
UBERON:0010159	UBERON:0003685
UBERON:0010160	UBERON:0000464
UBERON:0010161	UBERON:0000464
UBERON:0010162	UBERON:0011676
UBERON:0010163	UBERON:0010165
UBERON:0010164	UBERON:0034925
UBERON:0010165	UBERON:0014382
UBERON:0010166	UBERON:0010164
UBERON:0010167	UBERON:0010165
UBERON:0010168	UBERON:0010165
UBERON:0010169	UBERON:0010165
UBERON:0010170	UBERON:0000477
UBERON:0010171	UBERON:0016446
UBERON:0010172	UBERON:0000064
UBERON:0010173	UBERON:0007651
UBERON:0010174	UBERON:0000064
UBERON:0010175	UBERON:0001638
UBERON:0010176	UBERON:0004573
UBERON:0010181	UBERON:0005629
UBERON:0010181	UBERON:0006544
UBERON:0010183	UBERON:0000440
UBERON:0010185	UBERON:0004111
UBERON:0010185	UBERON:0004120
UBERON:0010185	UBERON:0005156
UBERON:0010186	UBERON:0001338
UBERON:0010187	UBERON:0001338
UBERON:0010188	UBERON:0034944
UBERON:0010189	UBERON:0005208
UBERON:0010189	UBERON:0006675
UBERON:0010190	UBERON:0000481
UBERON:0010191	UBERON:0011216
UBERON:0010192	UBERON:0012254
UBERON:0010193	UBERON:0001638
UBERON:0010193	UBERON:0003513
UBERON:0010194	UBERON:0005806
UBERON:0010195	UBERON:0005806
UBERON:0010197	UBERON:0005396
UBERON:0010198	UBERON:0003513
UBERON:0010198	UBERON:0004573
UBERON:0010199	UBERON:0000466
UBERON:0010202	UBERON:0000479
UBERON:0010202	UBERON:0004121
UBERON:0010204	UBERON:0002049
UBERON:0010205	UBERON:0001638
UBERON:0010207	UBERON:0001711
UBERON:0010209	UBERON:0005160
UBERON:0010210	UBERON:0000463
UBERON:0010211	UBERON:0002384
UBERON:0010212	UBERON:0034921
UBERON:0010213	UBERON:0005866
UBERON:0010214	UBERON:0010213
UBERON:0010215	UBERON:0005856
UBERON:0010219	UBERON:0010213
UBERON:0010220	UBERON:0010213
UBERON:0010221	UBERON:0007524
UBERON:0010222	UBERON:0006800
UBERON:0010223	UBERON:0001771
UBERON:0010224	UBERON:0001771
UBERON:0010225	UBERON:0007245
UBERON:0010225	UBERON:0019269
UBERON:0010227	UBERON:0006598
UBERON:0010228	UBERON:0000463
UBERON:0010229	UBERON:0004111
UBERON:0010230	UBERON:0000020
UBERON:0010231	UBERON:0006800
UBERON:0010232	UBERON:0000479
UBERON:0010232	UBERON:0004121
UBERON:0010233	UBERON:0003891
UBERON:0010233	UBERON:0010313
UBERON:0010234	UBERON:0000933
UBERON:0010234	UBERON:0003682
UBERON:0010234	UBERON:0003831
UBERON:0010234	UBERON:0015212
UBERON:0010235	UBERON:0003682
UBERON:0010238	UBERON:0000064
UBERON:0010239	UBERON:0000168
UBERON:0010240	UBERON:0012102
UBERON:0010241	UBERON:0012102
UBERON:0010242	UBERON:0012102
UBERON:0010243	UBERON:0002365
UBERON:0010244	UBERON:0004868
UBERON:0010245	UBERON:0004868
UBERON:0010246	UBERON:0010244
UBERON:0010247	UBERON:0010244
UBERON:0010248	UBERON:0010244
UBERON:0010249	UBERON:0003474
UBERON:0010250	UBERON:0003474
UBERON:0010251	UBERON:0003474
UBERON:0010252	UBERON:0009584
UBERON:0010252	UBERON:0010259
UBERON:0010253	UBERON:0010045
UBERON:0010253	UBERON:0010259
UBERON:0010254	UBERON:0005689
UBERON:0010254	UBERON:0007213
UBERON:0010254	UBERON:0007524
UBERON:0010254	UBERON:0010359
UBERON:0010255	UBERON:0005690
UBERON:0010255	UBERON:0007524
UBERON:0010255	UBERON:0010258
UBERON:0010255	UBERON:0010359
UBERON:0010256	UBERON:0005691
UBERON:0010256	UBERON:0007524
UBERON:0010256	UBERON:0010258
UBERON:0010256	UBERON:0010359
UBERON:0010257	UBERON:0007524
UBERON:0010257	UBERON:0010031
UBERON:0010257	UBERON:0010258
UBERON:0010257	UBERON:0010359
UBERON:0010258	UBERON:0007213
UBERON:0010258	UBERON:0014387
UBERON:0010259	UBERON:0010042
UBERON:0010259	UBERON:0010258
UBERON:0010259	UBERON:0010359
UBERON:0010260	UBERON:0001981
UBERON:0010262	UBERON:0002616
UBERON:0010264	UBERON:0003408
UBERON:0010264	UBERON:0006925
UBERON:0010265	UBERON:0010264
UBERON:0010266	UBERON:0005057
UBERON:0010266	UBERON:0010264
UBERON:0010269	UBERON:0000479
UBERON:0010270	UBERON:0000479
UBERON:0010271	UBERON:0001601
UBERON:0010272	UBERON:0000075
UBERON:0010273	UBERON:0005913
UBERON:0010276	UBERON:0000464
UBERON:0010277	UBERON:0002050
UBERON:0010279	UBERON:0002553
UBERON:0010283	UBERON:0010279
UBERON:0010284	UBERON:0000161
UBERON:0010285	UBERON:0002020
UBERON:0010286	UBERON:0000479
UBERON:0010286	UBERON:0005291
UBERON:0010287	UBERON:0004674
UBERON:0010289	UBERON:0003932
UBERON:0010289	UBERON:0010296
UBERON:0010290	UBERON:0010296
UBERON:0010291	UBERON:0004923
UBERON:0010292	UBERON:0010291
UBERON:0010293	UBERON:0004923
UBERON:0010293	UBERON:0010313
UBERON:0010294	UBERON:0001986
UBERON:0010294	UBERON:0010291
UBERON:0010294	UBERON:0015808
UBERON:0010295	UBERON:0003891
UBERON:0010295	UBERON:0010291
UBERON:0010296	UBERON:0010321
UBERON:0010297	UBERON:0002513
UBERON:0010297	UBERON:0003462
UBERON:0010297	UBERON:0010290
UBERON:0010298	UBERON:0002514
UBERON:0010298	UBERON:0003462
UBERON:0010298	UBERON:0010290
UBERON:0010299	UBERON:0003104
UBERON:0010300	UBERON:0000483
UBERON:0010302	UBERON:0010303
UBERON:0010303	UBERON:0000483
UBERON:0010303	UBERON:0005292
UBERON:0010304	UBERON:0006915
UBERON:0010305	UBERON:0000064
UBERON:0010306	UBERON:0010305
UBERON:0010307	UBERON:0010305
UBERON:0010308	UBERON:0010298
UBERON:0010309	UBERON:0003462
UBERON:0010309	UBERON:0010321
UBERON:0010310	UBERON:0003933
UBERON:0010310	UBERON:0010321
UBERON:0010311	UBERON:0001479
UBERON:0010311	UBERON:0003462
UBERON:0010311	UBERON:0010290
UBERON:0010312	UBERON:0005423
UBERON:0010313	UBERON:0004121
UBERON:0010313	UBERON:0010314
UBERON:0010314	UBERON:0000061
UBERON:0010316	UBERON:0000479
UBERON:0010316	UBERON:0002050
UBERON:0010316	UBERON:0005291
UBERON:0010321	UBERON:0004765
UBERON:0010321	UBERON:0010313
UBERON:0010323	UBERON:0000075
UBERON:0010326	UBERON:0003932
UBERON:0010326	UBERON:0010321
UBERON:0010328	UBERON:0010329
UBERON:0010329	UBERON:0010377
UBERON:0010330	UBERON:0003314
UBERON:0010332	UBERON:0000490
UBERON:0010332	UBERON:0005291
UBERON:0010333	UBERON:0003104
UBERON:0010333	UBERON:0004120
UBERON:0010333	UBERON:0005292
UBERON:0010334	UBERON:0009526
UBERON:0010334	UBERON:0010258
UBERON:0010335	UBERON:0004120
UBERON:0010335	UBERON:0009526
UBERON:0010336	UBERON:0006905
UBERON:0010336	UBERON:0010258
UBERON:0010337	UBERON:0006904
UBERON:0010337	UBERON:0006905
UBERON:0010338	UBERON:0007524
UBERON:0010338	UBERON:0010045
UBERON:0010338	UBERON:0010341
UBERON:0010339	UBERON:0009584
UBERON:0010339	UBERON:0010341
UBERON:0010341	UBERON:0010042
UBERON:0010341	UBERON:0010360
UBERON:0010343	UBERON:0005689
UBERON:0010343	UBERON:0007524
UBERON:0010343	UBERON:0010360
UBERON:0010344	UBERON:0005690
UBERON:0010344	UBERON:0007524
UBERON:0010344	UBERON:0010360
UBERON:0010345	UBERON:0005691
UBERON:0010345	UBERON:0007524
UBERON:0010345	UBERON:0010360
UBERON:0010347	UBERON:0007524
UBERON:0010347	UBERON:0010031
UBERON:0010347	UBERON:0010360
UBERON:0010348	UBERON:0004120
UBERON:0010348	UBERON:0005865
UBERON:0010349	UBERON:0004637
UBERON:0010354	UBERON:0005866
UBERON:0010354	UBERON:0007213
UBERON:0010354	UBERON:0014387
UBERON:0010355	UBERON:0005913
UBERON:0010356	UBERON:0010355
UBERON:0010357	UBERON:0010355
UBERON:0010358	UBERON:0004765
UBERON:0010359	UBERON:0005291
UBERON:0010359	UBERON:0014387
UBERON:0010360	UBERON:0003104
UBERON:0010360	UBERON:0004120
UBERON:0010360	UBERON:0005291
UBERON:0010361	UBERON:0011134
UBERON:0010362	UBERON:0010912
UBERON:0010363	UBERON:0004765
UBERON:0010364	UBERON:0010912
UBERON:0010365	UBERON:0004755
UBERON:0010366	UBERON:0002203
UBERON:0010367	UBERON:0003496
UBERON:0010367	UBERON:0009141
UBERON:0010368	UBERON:0009911
UBERON:0010369	UBERON:0010368
UBERON:0010370	UBERON:0001638
UBERON:0010370	UBERON:0003503
UBERON:0010371	UBERON:0000483
UBERON:0010371	UBERON:0004121
UBERON:0010372	UBERON:0004529
UBERON:0010372	UBERON:4100000
UBERON:0010373	UBERON:0004119
UBERON:0010373	UBERON:0004529
UBERON:0010375	UBERON:0001048
UBERON:0010375	UBERON:0006598
UBERON:0010376	UBERON:0001048
UBERON:0010376	UBERON:0006598
UBERON:0010377	UBERON:0005291
UBERON:0010377	UBERON:0007524
UBERON:0010378	UBERON:0005291
UBERON:0010378	UBERON:0007524
UBERON:0010379	UBERON:0003386
UBERON:0010380	UBERON:0001021
UBERON:0010384	UBERON:0000464
UBERON:0010386	UBERON:0000444
UBERON:0010387	UBERON:0010393
UBERON:0010387	UBERON:0013765
UBERON:0010388	UBERON:0005913
UBERON:0010389	UBERON:0003462
UBERON:0010389	UBERON:0011164
UBERON:0010389	UBERON:0012071
UBERON:0010390	UBERON:0000464
UBERON:0010391	UBERON:0002095
UBERON:0010391	UBERON:0003885
UBERON:0010392	UBERON:0010394
UBERON:0010393	UBERON:0010394
UBERON:0010394	UBERON:0005057
UBERON:0010394	UBERON:0010001
UBERON:0010395	UBERON:0010422
UBERON:0010395	UBERON:0010748
UBERON:0010396	UBERON:0001473
UBERON:0010397	UBERON:0001473
UBERON:0010398	UBERON:0001959
UBERON:0010399	UBERON:0001637
UBERON:0010399	UBERON:0003497
UBERON:0010400	UBERON:0013126
UBERON:0010401	UBERON:0022292
UBERON:0010402	UBERON:0013754
UBERON:0010403	UBERON:0005423
UBERON:0010404	UBERON:0000119
UBERON:0010405	UBERON:0003990
UBERON:0010405	UBERON:0005374
UBERON:0010406	UBERON:0010380
UBERON:0010408	UBERON:0001637
UBERON:0010409	UBERON:0000063
UBERON:0010410	UBERON:0003838
UBERON:0010410	UBERON:0003916
UBERON:0010411	UBERON:0003427
UBERON:0010412	UBERON:0003916
UBERON:0010412	UBERON:0005156
UBERON:0010413	UBERON:0014394
UBERON:0010413	UBERON:0015143
UBERON:0010414	UBERON:0010411
UBERON:0010415	UBERON:0035014
UBERON:0010416	UBERON:0010392
UBERON:0010417	UBERON:0010393
UBERON:0010418	UBERON:0000161
UBERON:0010419	UBERON:0002073
UBERON:0010420	UBERON:0010755
UBERON:0010421	UBERON:0010755
UBERON:0010422	UBERON:0000444
UBERON:0010423	UBERON:0010422
UBERON:0010424	UBERON:0005913
UBERON:0010425	UBERON:0000003
UBERON:0010426	UBERON:0010425
UBERON:0010427	UBERON:0000481
UBERON:0010428	UBERON:0001474
UBERON:0010437	UBERON:0001577
UBERON:0010467	UBERON:0001482
UBERON:0010467	UBERON:0034908
UBERON:0010496	UBERON:0010467
UBERON:0010496	UBERON:0010891
UBERON:0010498	UBERON:0000485
UBERON:0010499	UBERON:0007592
UBERON:0010499	UBERON:0010498
UBERON:0010501	UBERON:0010498
UBERON:0010505	UBERON:0010507
UBERON:0010506	UBERON:0010507
UBERON:0010507	UBERON:0004923
UBERON:0010509	UBERON:0001037
UBERON:0010510	UBERON:0010509
UBERON:0010511	UBERON:0010509
UBERON:0010512	UBERON:0010509
UBERON:0010513	UBERON:0010509
UBERON:0010513	UBERON:0016447
UBERON:0010514	UBERON:0001037
UBERON:0010515	UBERON:1000021
UBERON:0010516	UBERON:0008811
UBERON:0010517	UBERON:0010516
UBERON:0010518	UBERON:0010516
UBERON:0010519	UBERON:0006869
UBERON:0010520	UBERON:0006869
UBERON:0010521	UBERON:0000062
UBERON:0010522	UBERON:0004765
UBERON:0010523	UBERON:0000055
UBERON:0010524	UBERON:0009132
UBERON:0010526	UBERON:0009132
UBERON:0010527	UBERON:0002558
UBERON:0010528	UBERON:0010527
UBERON:0010531	UBERON:0005423
UBERON:0010532	UBERON:0003914
UBERON:0010532	UBERON:0004819
UBERON:0010532	UBERON:0006555
UBERON:0010533	UBERON:0001225
UBERON:0010533	UBERON:0004120
UBERON:0010534	UBERON:0000083
UBERON:0010534	UBERON:0010532
UBERON:0010535	UBERON:0005106
UBERON:0010535	UBERON:0010532
UBERON:0010536	UBERON:0000479
UBERON:0010537	UBERON:0010536
UBERON:0010538	UBERON:0010758
UBERON:0010540	UBERON:0003328
UBERON:0010540	UBERON:0005866
UBERON:0010540	UBERON:0010695
UBERON:0010540	UBERON:0015050
UBERON:0010541	UBERON:0003328
UBERON:0010541	UBERON:0005863
UBERON:0010541	UBERON:0010695
UBERON:0010541	UBERON:0015050
UBERON:0010543	UBERON:0010712
UBERON:0010544	UBERON:0010546
UBERON:0010544	UBERON:0015042
UBERON:0010545	UBERON:0010546
UBERON:0010545	UBERON:0015036
UBERON:0010546	UBERON:0010712
UBERON:0010547	UBERON:0010687
UBERON:0010547	UBERON:0015037
UBERON:0010548	UBERON:0010687
UBERON:0010548	UBERON:0015038
UBERON:0010549	UBERON:0010687
UBERON:0010549	UBERON:0015039
UBERON:0010550	UBERON:0010687
UBERON:0010550	UBERON:0015040
UBERON:0010551	UBERON:0010687
UBERON:0010551	UBERON:0015041
UBERON:0010557	UBERON:0010697
UBERON:0010557	UBERON:0015037
UBERON:0010558	UBERON:0010697
UBERON:0010558	UBERON:0015038
UBERON:0010559	UBERON:0010697
UBERON:0010559	UBERON:0015039
UBERON:0010560	UBERON:0010697
UBERON:0010560	UBERON:0015040
UBERON:0010561	UBERON:0010697
UBERON:0010561	UBERON:0015041
UBERON:0010562	UBERON:0005255
UBERON:0010564	UBERON:0005257
UBERON:0010565	UBERON:0010698
UBERON:0010565	UBERON:0015043
UBERON:0010566	UBERON:0010698
UBERON:0010566	UBERON:0015044
UBERON:0010567	UBERON:0010698
UBERON:0010567	UBERON:0015045
UBERON:0010568	UBERON:0010698
UBERON:0010568	UBERON:0015046
UBERON:0010569	UBERON:0010698
UBERON:0010569	UBERON:0015047
UBERON:0010570	UBERON:0010699
UBERON:0010570	UBERON:0015043
UBERON:0010571	UBERON:0010699
UBERON:0010571	UBERON:0015044
UBERON:0010572	UBERON:0010699
UBERON:0010572	UBERON:0015045
UBERON:0010573	UBERON:0010699
UBERON:0010573	UBERON:0015046
UBERON:0010574	UBERON:0010699
UBERON:0010574	UBERON:0015047
UBERON:0010575	UBERON:0010586
UBERON:0010575	UBERON:0015025
UBERON:0010576	UBERON:0010586
UBERON:0010576	UBERON:0015026
UBERON:0010577	UBERON:0010586
UBERON:0010577	UBERON:0015027
UBERON:0010578	UBERON:0010586
UBERON:0010578	UBERON:0015028
UBERON:0010579	UBERON:0010586
UBERON:0010579	UBERON:0015029
UBERON:0010580	UBERON:0010585
UBERON:0010580	UBERON:0015031
UBERON:0010581	UBERON:0010585
UBERON:0010581	UBERON:0015032
UBERON:0010582	UBERON:0010585
UBERON:0010582	UBERON:0015033
UBERON:0010583	UBERON:0010585
UBERON:0010583	UBERON:0015034
UBERON:0010584	UBERON:0010585
UBERON:0010584	UBERON:0015035
UBERON:0010585	UBERON:0010700
UBERON:0010585	UBERON:0010886
UBERON:0010585	UBERON:0015030
UBERON:0010586	UBERON:0010700
UBERON:0010586	UBERON:0010884
UBERON:0010586	UBERON:0015024
UBERON:0010675	UBERON:0010686
UBERON:0010675	UBERON:0015025
UBERON:0010676	UBERON:0010686
UBERON:0010676	UBERON:0015026
UBERON:0010677	UBERON:0010686
UBERON:0010677	UBERON:0015027
UBERON:0010678	UBERON:0010686
UBERON:0010678	UBERON:0015028
UBERON:0010679	UBERON:0010686
UBERON:0010679	UBERON:0015029
UBERON:0010680	UBERON:0010685
UBERON:0010680	UBERON:0015031
UBERON:0010681	UBERON:0010685
UBERON:0010681	UBERON:0015032
UBERON:0010682	UBERON:0010685
UBERON:0010682	UBERON:0015033
UBERON:0010683	UBERON:0010685
UBERON:0010683	UBERON:0015034
UBERON:0010684	UBERON:0010685
UBERON:0010684	UBERON:0015035
UBERON:0010685	UBERON:0010701
UBERON:0010685	UBERON:0015030
UBERON:0010685	UBERON:0035129
UBERON:0010686	UBERON:0010701
UBERON:0010686	UBERON:0015024
UBERON:0010686	UBERON:0035128
UBERON:0010687	UBERON:0003860
UBERON:0010687	UBERON:0005866
UBERON:0010687	UBERON:0010886
UBERON:0010687	UBERON:0015036
UBERON:0010688	UBERON:0010543
UBERON:0010690	UBERON:0005227
UBERON:0010693	UBERON:0005226
UBERON:0010695	UBERON:0003860
UBERON:0010696	UBERON:0010543
UBERON:0010697	UBERON:0015036
UBERON:0010697	UBERON:0035129
UBERON:0010698	UBERON:0010884
UBERON:0010698	UBERON:0015042
UBERON:0010699	UBERON:0015042
UBERON:0010699	UBERON:0035128
UBERON:0010700	UBERON:0010882
UBERON:0010700	UBERON:0015023
UBERON:0010701	UBERON:0015023
UBERON:0010701	UBERON:0015064
UBERON:0010702	UBERON:0009749
UBERON:0010703	UBERON:0011584
UBERON:0010704	UBERON:0005221
UBERON:0010706	UBERON:0005221
UBERON:0010706	UBERON:0005222
UBERON:0010707	UBERON:0000475
UBERON:0010707	UBERON:0015212
UBERON:0010708	UBERON:0010707
UBERON:0010709	UBERON:0010707
UBERON:0010710	UBERON:0007272
UBERON:0010710	UBERON:0010713
UBERON:0010711	UBERON:0007273
UBERON:0010711	UBERON:0010713
UBERON:0010712	UBERON:0010912
UBERON:0010713	UBERON:0011582
UBERON:0010713	UBERON:0012353
UBERON:0010714	UBERON:0005863
UBERON:0010714	UBERON:0007844
UBERON:0010714	UBERON:0015054
UBERON:0010718	UBERON:0005863
UBERON:0010718	UBERON:0007844
UBERON:0010718	UBERON:0015055
UBERON:0010719	UBERON:0010912
UBERON:0010720	UBERON:0011584
UBERON:0010721	UBERON:0001447
UBERON:0010721	UBERON:0002513
UBERON:0010721	UBERON:0015099
UBERON:0010721	UBERON:0018102
UBERON:0010722	UBERON:0001474
UBERON:0010723	UBERON:0010721
UBERON:0010723	UBERON:0010722
UBERON:0010724	UBERON:0005813
UBERON:0010725	UBERON:0005899
UBERON:0010725	UBERON:0010722
UBERON:0010726	UBERON:0001481
UBERON:0010726	UBERON:0010722
UBERON:0010727	UBERON:0004766
UBERON:0010727	UBERON:0010428
UBERON:0010728	UBERON:0005866
UBERON:0010728	UBERON:0006904
UBERON:0010728	UBERON:0009891
UBERON:0010728	UBERON:0015059
UBERON:0010732	UBERON:0005866
UBERON:0010732	UBERON:0006904
UBERON:0010732	UBERON:0007213
UBERON:0010732	UBERON:0009891
UBERON:0010732	UBERON:0015058
UBERON:0010733	UBERON:0003932
UBERON:0010733	UBERON:0005863
UBERON:0010733	UBERON:0006904
UBERON:0010733	UBERON:0007213
UBERON:0010733	UBERON:0009891
UBERON:0010733	UBERON:0011004
UBERON:0010733	UBERON:0015058
UBERON:0010737	UBERON:0010721
UBERON:0010737	UBERON:0015111
UBERON:0010738	UBERON:0010721
UBERON:0010738	UBERON:0015114
UBERON:0010739	UBERON:0001481
UBERON:0010739	UBERON:0015096
UBERON:0010740	UBERON:0001474
UBERON:0010741	UBERON:0010740
UBERON:0010742	UBERON:0010740
UBERON:0010743	UBERON:0034925
UBERON:0010744	UBERON:0011095
UBERON:0010744	UBERON:0015010
UBERON:0010745	UBERON:0011094
UBERON:0010745	UBERON:0015010
UBERON:0010745	UBERON:2001457
UBERON:0010746	UBERON:0005913
UBERON:0010747	UBERON:0005913
UBERON:0010748	UBERON:0000444
UBERON:0010749	UBERON:0001569
UBERON:0010750	UBERON:0003462
UBERON:0010750	UBERON:0008907
UBERON:0010751	UBERON:0001048
UBERON:0010752	UBERON:0003932
UBERON:0010752	UBERON:0005253
UBERON:0010752	UBERON:0005863
UBERON:0010752	UBERON:0015051
UBERON:0010753	UBERON:0001745
UBERON:0010753	UBERON:0010748
UBERON:0010754	UBERON:0001744
UBERON:0010755	UBERON:0001744
UBERON:0010756	UBERON:0001744
UBERON:0010757	UBERON:0002228
UBERON:0010758	UBERON:0000475
UBERON:0010759	UBERON:0001479
UBERON:0010759	UBERON:0011141
UBERON:0010759	UBERON:0011250
UBERON:0010760	UBERON:0005813
UBERON:0010760	UBERON:4100000
UBERON:0010801	UBERON:0005866
UBERON:0010801	UBERON:0010695
UBERON:0010801	UBERON:0010886
UBERON:0010801	UBERON:0015014
UBERON:0010842	UBERON:0005863
UBERON:0010842	UBERON:0010695
UBERON:0010842	UBERON:0015014
UBERON:0010842	UBERON:0035129
UBERON:0010843	UBERON:0005863
UBERON:0010844	UBERON:0005866
UBERON:0010846	UBERON:0003327
UBERON:0010846	UBERON:0005866
UBERON:0010846	UBERON:0015001
UBERON:0010847	UBERON:0003327
UBERON:0010847	UBERON:0005866
UBERON:0010847	UBERON:0015003
UBERON:0010848	UBERON:0003327
UBERON:0010848	UBERON:0005863
UBERON:0010848	UBERON:0010883
UBERON:0010848	UBERON:0015002
UBERON:0010849	UBERON:0010885
UBERON:0010849	UBERON:0015004
UBERON:0010850	UBERON:0005259
UBERON:0010850	UBERON:0005866
UBERON:0010850	UBERON:0015004
UBERON:0010851	UBERON:0010885
UBERON:0010851	UBERON:0015013
UBERON:0010852	UBERON:0005259
UBERON:0010852	UBERON:0005866
UBERON:0010852	UBERON:0015013
UBERON:0010853	UBERON:0005055
UBERON:0010854	UBERON:0001417
UBERON:0010854	UBERON:0012180
UBERON:0010855	UBERON:0003531
UBERON:0010856	UBERON:0000094
UBERON:0010858	UBERON:0034929
UBERON:0010861	UBERON:0010858
UBERON:0010862	UBERON:0006012
UBERON:0010863	UBERON:0010862
UBERON:0010864	UBERON:0010862
UBERON:0010865	UBERON:0010862
UBERON:0010866	UBERON:0010862
UBERON:0010867	UBERON:0010862
UBERON:0010867	UBERON:0010868
UBERON:0010868	UBERON:0010858
UBERON:0010869	UBERON:0007844
UBERON:0010878	UBERON:0010855
UBERON:0010879	UBERON:0001091
UBERON:0010880	UBERON:0010854
UBERON:0010881	UBERON:0007844
UBERON:0010881	UBERON:0015061
UBERON:0010882	UBERON:0015061
UBERON:0010883	UBERON:0010881
UBERON:0010883	UBERON:0015021
UBERON:0010884	UBERON:0010882
UBERON:0010884	UBERON:0015021
UBERON:0010885	UBERON:0010881
UBERON:0010885	UBERON:0015022
UBERON:0010886	UBERON:0010882
UBERON:0010886	UBERON:0015022
UBERON:0010887	UBERON:0001444
UBERON:0010889	UBERON:0005913
UBERON:0010890	UBERON:0014892
UBERON:0010891	UBERON:0014892
UBERON:0010892	UBERON:0010363
UBERON:0010893	UBERON:0005928
UBERON:0010894	UBERON:0003913
UBERON:0010895	UBERON:0007197
UBERON:0010896	UBERON:0007844
UBERON:0010898	UBERON:0003828
UBERON:0010898	UBERON:0005172
UBERON:0010898	UBERON:0008907
UBERON:0010899	UBERON:0007197
UBERON:0010900	UBERON:0015012
UBERON:0010900	UBERON:0035129
UBERON:0010901	UBERON:0003860
UBERON:0010901	UBERON:0005866
UBERON:0010901	UBERON:0015012
UBERON:0010902	UBERON:0010885
UBERON:0010902	UBERON:0015011
UBERON:0010903	UBERON:0003860
UBERON:0010903	UBERON:0005866
UBERON:0010903	UBERON:0015011
UBERON:0010905	UBERON:0001048
UBERON:0010907	UBERON:0004251
UBERON:0010908	UBERON:0001474
UBERON:0010910	UBERON:0005913
UBERON:0010911	UBERON:0004765
UBERON:0010912	UBERON:0011216
UBERON:0010913	UBERON:0004765
UBERON:0010921	UBERON:0008845
UBERON:0010925	UBERON:0010921
UBERON:0010926	UBERON:0010921
UBERON:0010927	UBERON:0001568
UBERON:0010928	UBERON:0000933
UBERON:0010928	UBERON:0003831
UBERON:0010928	UBERON:0010938
UBERON:0010929	UBERON:0005865
UBERON:0010929	UBERON:0009506
UBERON:0010930	UBERON:0005493
UBERON:0010931	UBERON:0001630
UBERON:0010932	UBERON:0006328
UBERON:0010933	UBERON:0001577
UBERON:0010935	UBERON:0005865
UBERON:0010935	UBERON:0009506
UBERON:0010936	UBERON:0000933
UBERON:0010936	UBERON:0003831
UBERON:0010936	UBERON:0010938
UBERON:0010937	UBERON:0000933
UBERON:0010937	UBERON:0003831
UBERON:0010937	UBERON:0013765
UBERON:0010937	UBERON:0015212
UBERON:0010938	UBERON:0000064
UBERON:0010939	UBERON:0001630
UBERON:0010940	UBERON:0000933
UBERON:0010940	UBERON:0014892
UBERON:0010943	UBERON:0010940
UBERON:0010943	UBERON:0018544
UBERON:0010944	UBERON:0001577
UBERON:0010944	UBERON:0010940
UBERON:0010945	UBERON:0002377
UBERON:0010946	UBERON:0001630
UBERON:0010947	UBERON:0010938
UBERON:0010948	UBERON:0000933
UBERON:0010948	UBERON:0014892
UBERON:0010949	UBERON:0002377
UBERON:0010950	UBERON:0002376
UBERON:0010951	UBERON:0002376
UBERON:0010952	UBERON:0010938
UBERON:0010953	UBERON:0008522
UBERON:0010953	UBERON:0015212
UBERON:0010954	UBERON:0000933
UBERON:0010955	UBERON:0005865
UBERON:0010955	UBERON:0010258
UBERON:0010956	UBERON:0000064
UBERON:0010958	UBERON:0006328
UBERON:0010959	UBERON:0014892
UBERON:0010961	UBERON:0005865
UBERON:0010962	UBERON:0005865
UBERON:0010963	UBERON:0002050
UBERON:0010963	UBERON:0003082
UBERON:0010970	UBERON:0005865
UBERON:0010970	UBERON:8450004
UBERON:0010974	UBERON:0010970
UBERON:0010975	UBERON:0005865
UBERON:0010977	UBERON:0005865
UBERON:0010981	UBERON:0010970
UBERON:0010982	UBERON:0005865
UBERON:0010983	UBERON:0005865
UBERON:0010984	UBERON:0005865
UBERON:0010985	UBERON:0005865
UBERON:0010986	UBERON:0005865
UBERON:0010987	UBERON:0005865
UBERON:0010987	UBERON:0006904
UBERON:0010988	UBERON:0005865
UBERON:0010989	UBERON:0005865
UBERON:0010990	UBERON:0003897
UBERON:0010993	UBERON:0005865
UBERON:0010994	UBERON:0004529
UBERON:0010994	UBERON:4100000
UBERON:0010995	UBERON:0000064
UBERON:0010996	UBERON:0001994
UBERON:0011002	UBERON:0011004
UBERON:0011004	UBERON:0003933
UBERON:0011005	UBERON:0002166
UBERON:0011006	UBERON:0011005
UBERON:0011006	UBERON:0034903
UBERON:0011007	UBERON:0009129
UBERON:0011007	UBERON:0011005
UBERON:0011011	UBERON:0001482
UBERON:0011011	UBERON:0001499
UBERON:0011012	UBERON:0001500
UBERON:0011013	UBERON:0004518
UBERON:0011014	UBERON:0011013
UBERON:0011015	UBERON:0005913
UBERON:0011016	UBERON:0002461
UBERON:0011017	UBERON:0004518
UBERON:0011022	UBERON:0000366
UBERON:0011022	UBERON:0014378
UBERON:0011024	UBERON:0000311
UBERON:0011024	UBERON:0004254
UBERON:0011025	UBERON:0001568
UBERON:0011043	UBERON:0002000
UBERON:0011048	UBERON:0011043
UBERON:0011049	UBERON:0034696
UBERON:0011050	UBERON:0002347
UBERON:0011060	UBERON:0000025
UBERON:0011078	UBERON:0002553
UBERON:0011079	UBERON:0004768
UBERON:0011079	UBERON:0008907
UBERON:0011079	UBERON:0015212
UBERON:0011085	UBERON:0010912
UBERON:0011087	UBERON:0008896
UBERON:0011088	UBERON:0008846
UBERON:0011090	UBERON:0007832
UBERON:0011091	UBERON:0007832
UBERON:0011092	UBERON:0001271
UBERON:0011093	UBERON:0001271
UBERON:0011094	UBERON:0007844
UBERON:0011094	UBERON:0010913
UBERON:0011095	UBERON:0010913
UBERON:0011096	UBERON:0011779
UBERON:0011104	UBERON:0004390
UBERON:0011106	UBERON:0000211
UBERON:0011106	UBERON:0005174
UBERON:0011107	UBERON:0002217
UBERON:0011107	UBERON:0008114
UBERON:0011108	UBERON:0002217
UBERON:0011108	UBERON:0008114
UBERON:0011110	UBERON:0002217
UBERON:0011110	UBERON:0003839
UBERON:0011110	UBERON:0011139
UBERON:0011111	UBERON:0003839
UBERON:0011112	UBERON:0002210
UBERON:0011112	UBERON:0003840
UBERON:0011113	UBERON:0011112
UBERON:0011117	UBERON:0011112
UBERON:0011118	UBERON:0001487
UBERON:0011118	UBERON:0002217
UBERON:0011119	UBERON:0001489
UBERON:0011119	UBERON:0002217
UBERON:0011120	UBERON:0002217
UBERON:0011121	UBERON:0011120
UBERON:0011122	UBERON:0011120
UBERON:0011123	UBERON:0001485
UBERON:0011124	UBERON:0002216
UBERON:0011130	UBERON:0001048
UBERON:0011131	UBERON:0001489
UBERON:0011131	UBERON:0002217
UBERON:0011132	UBERON:0001489
UBERON:0011132	UBERON:0002217
UBERON:0011133	UBERON:0001487
UBERON:0011133	UBERON:0002217
UBERON:0011134	UBERON:0000982
UBERON:0011135	UBERON:0007844
UBERON:0011136	UBERON:0008846
UBERON:0011137	UBERON:0000075
UBERON:0011138	UBERON:0000075
UBERON:0011139	UBERON:0002217
UBERON:0011139	UBERON:0003657
UBERON:0011140	UBERON:0034944
UBERON:0011141	UBERON:0010911
UBERON:0011142	UBERON:0010911
UBERON:0011143	UBERON:0011216
UBERON:0011143	UBERON:0015212
UBERON:0011144	UBERON:0003658
UBERON:0011144	UBERON:0011145
UBERON:0011145	UBERON:0014892
UBERON:0011146	UBERON:0002365
UBERON:0011147	UBERON:0002365
UBERON:0011148	UBERON:0000414
UBERON:0011149	UBERON:0002365
UBERON:0011150	UBERON:0002535
UBERON:0011150	UBERON:0004119
UBERON:0011151	UBERON:0005493
UBERON:0011152	UBERON:0010912
UBERON:0011153	UBERON:0010912
UBERON:0011154	UBERON:0003102
UBERON:0011155	UBERON:0004050
UBERON:0011156	UBERON:0010313
UBERON:0011156	UBERON:0011158
UBERON:0011157	UBERON:0001739
UBERON:0011157	UBERON:0001996
UBERON:0011157	UBERON:0003583
UBERON:0011158	UBERON:0000075
UBERON:0011159	UBERON:0000075
UBERON:0011160	UBERON:0009199
UBERON:0011161	UBERON:0001725
UBERON:0011162	UBERON:0003932
UBERON:0011162	UBERON:0015015
UBERON:0011163	UBERON:0005253
UBERON:0011163	UBERON:0005866
UBERON:0011163	UBERON:0015015
UBERON:0011164	UBERON:0003457
UBERON:0011164	UBERON:0004766
UBERON:0011165	UBERON:0008845
UBERON:0011166	UBERON:0003840
UBERON:0011166	UBERON:0011139
UBERON:0011167	UBERON:0002514
UBERON:0011167	UBERON:0003457
UBERON:0011167	UBERON:0008907
UBERON:0011168	UBERON:0003462
UBERON:0011168	UBERON:0008907
UBERON:0011169	UBERON:0003462
UBERON:0011169	UBERON:0008907
UBERON:0011170	UBERON:0011171
UBERON:0011171	UBERON:0002217
UBERON:0011172	UBERON:0002616
UBERON:0011173	UBERON:0002616
UBERON:0011175	UBERON:0009663
UBERON:0011176	UBERON:0009663
UBERON:0011177	UBERON:0002616
UBERON:0011178	UBERON:0009663
UBERON:0011179	UBERON:0009663
UBERON:0011183	UBERON:0005156
UBERON:0011183	UBERON:0008324
UBERON:0011183	UBERON:0009010
UBERON:0011184	UBERON:0001277
UBERON:0011185	UBERON:0004590
UBERON:0011185	UBERON:0013765
UBERON:0011186	UBERON:0013226
UBERON:0011187	UBERON:0005813
UBERON:0011187	UBERON:4100000
UBERON:0011188	UBERON:0005813
UBERON:0011188	UBERON:4100000
UBERON:0011189	UBERON:0004780
UBERON:0011190	UBERON:0013754
UBERON:0011191	UBERON:0009141
UBERON:0011192	UBERON:0011191
UBERON:0011193	UBERON:0011191
UBERON:0011194	UBERON:0001810
UBERON:0011195	UBERON:0011197
UBERON:0011196	UBERON:0011197
UBERON:0011197	UBERON:0000486
UBERON:0011197	UBERON:0005911
UBERON:0011198	UBERON:0012367
UBERON:0011199	UBERON:0000064
UBERON:0011200	UBERON:0001468
UBERON:0011201	UBERON:0012367
UBERON:0011202	UBERON:0003914
UBERON:0011202	UBERON:0006555
UBERON:0011203	UBERON:0007524
UBERON:0011204	UBERON:0002553
UBERON:0011205	UBERON:0005897
UBERON:0011206	UBERON:0000982
UBERON:0011207	UBERON:0002251
UBERON:0011208	UBERON:0011210
UBERON:0011209	UBERON:0011210
UBERON:0011210	UBERON:0007214
UBERON:0011210	UBERON:0007530
UBERON:0011213	UBERON:0002211
UBERON:0011214	UBERON:0009661
UBERON:0011215	UBERON:0005162
UBERON:0011216	UBERON:0010000
UBERON:0011217	UBERON:0004518
UBERON:0011218	UBERON:0011013
UBERON:0011219	UBERON:0000392
UBERON:0011220	UBERON:0000075
UBERON:0011221	UBERON:0007651
UBERON:0011222	UBERON:0001630
UBERON:0011222	UBERON:0004277
UBERON:0011233	UBERON:0007616
UBERON:0011234	UBERON:0004923
UBERON:0011236	UBERON:0008982
UBERON:0011237	UBERON:0008982
UBERON:0011238	UBERON:0002513
UBERON:0011238	UBERON:0010892
UBERON:0011238	UBERON:0011164
UBERON:0011241	UBERON:0034921
UBERON:0011242	UBERON:0003932
UBERON:0011244	UBERON:0005913
UBERON:0011245	UBERON:0013685
UBERON:0011246	UBERON:0002513
UBERON:0011246	UBERON:0007829
UBERON:0011246	UBERON:0011248
UBERON:0011247	UBERON:0007844
UBERON:0011247	UBERON:0011248
UBERON:0011248	UBERON:0004765
UBERON:0011249	UBERON:0000075
UBERON:0011250	UBERON:0002428
UBERON:0011250	UBERON:0015063
UBERON:0011251	UBERON:0002377
UBERON:0011251	UBERON:0004518
UBERON:0011252	UBERON:0002365
UBERON:0011255	UBERON:0000020
UBERON:0011256	UBERON:0003102
UBERON:0011263	UBERON:0019319
UBERON:0011264	UBERON:0000161
UBERON:0011265	UBERON:0011119
UBERON:0011267	UBERON:0002514
UBERON:0011267	UBERON:0008907
UBERON:0011267	UBERON:0011597
UBERON:0011268	UBERON:0013765
UBERON:0011270	UBERON:0009569
UBERON:0011271	UBERON:0006077
UBERON:0011272	UBERON:0000490
UBERON:0011273	UBERON:0009565
UBERON:0011274	UBERON:0009565
UBERON:0011275	UBERON:0009565
UBERON:0011276	UBERON:0009565
UBERON:0011277	UBERON:0009565
UBERON:0011278	UBERON:0009567
UBERON:0011279	UBERON:0009567
UBERON:0011280	UBERON:0009567
UBERON:0011281	UBERON:0009567
UBERON:0011282	UBERON:0009567
UBERON:0011283	UBERON:0004120
UBERON:0011283	UBERON:0006590
UBERON:0011287	UBERON:0010521
UBERON:0011288	UBERON:0000481
UBERON:0011289	UBERON:0006614
UBERON:0011298	UBERON:0000009
UBERON:0011298	UBERON:0005156
UBERON:0011299	UBERON:0019261
UBERON:0011300	UBERON:0019264
UBERON:0011301	UBERON:0005256
UBERON:0011301	UBERON:0005866
UBERON:0011302	UBERON:0003102
UBERON:0011303	UBERON:0000475
UBERON:0011304	UBERON:0000475
UBERON:0011305	UBERON:0034944
UBERON:0011306	UBERON:0034944
UBERON:0011307	UBERON:0034944
UBERON:0011308	UBERON:0000064
UBERON:0011309	UBERON:0005913
UBERON:0011310	UBERON:0005913
UBERON:0011311	UBERON:0001730
UBERON:0011312	UBERON:0001568
UBERON:0011313	UBERON:0034944
UBERON:0011314	UBERON:0034944
UBERON:0011315	UBERON:0011779
UBERON:0011316	UBERON:0011779
UBERON:0011317	UBERON:0011779
UBERON:0011318	UBERON:0001484
UBERON:0011318	UBERON:0013765
UBERON:0011319	UBERON:0007844
UBERON:0011319	UBERON:0013765
UBERON:0011320	UBERON:0008846
UBERON:0011320	UBERON:0013765
UBERON:0011321	UBERON:0011779
UBERON:0011322	UBERON:0001021
UBERON:0011325	UBERON:0000122
UBERON:0011325	UBERON:0001816
UBERON:0011326	UBERON:0011779
UBERON:0011326	UBERON:0035642
UBERON:0011327	UBERON:0011779
UBERON:0011332	UBERON:0005865
UBERON:0011342	UBERON:0036215
UBERON:0011343	UBERON:0011342
UBERON:0011344	UBERON:0011342
UBERON:0011345	UBERON:0003570
UBERON:0011346	UBERON:0003566
UBERON:0011347	UBERON:0011346
UBERON:0011348	UBERON:0011346
UBERON:0011349	UBERON:0002384
UBERON:0011350	UBERON:0002384
UBERON:0011357	UBERON:0000476
UBERON:0011358	UBERON:0000073
UBERON:0011359	UBERON:0002368
UBERON:0011359	UBERON:0005174
UBERON:0011360	UBERON:0000464
UBERON:0011362	UBERON:0002200
UBERON:0011362	UBERON:0004537
UBERON:0011363	UBERON:0002200
UBERON:0011363	UBERON:0004536
UBERON:0011364	UBERON:0014892
UBERON:0011366	UBERON:0001482
UBERON:0011368	UBERON:0001482
UBERON:0011369	UBERON:0014892
UBERON:0011370	UBERON:0001077
UBERON:0011370	UBERON:0015212
UBERON:0011371	UBERON:0014892
UBERON:0011374	UBERON:0005156
UBERON:0011374	UBERON:0034929
UBERON:0011375	UBERON:0005298
UBERON:0011376	UBERON:0001630
UBERON:0011376	UBERON:0005173
UBERON:0011376	UBERON:0005174
UBERON:0011377	UBERON:0001630
UBERON:0011377	UBERON:0005173
UBERON:0011377	UBERON:0005174
UBERON:0011379	UBERON:0004919
UBERON:0011379	UBERON:0005156
UBERON:0011380	UBERON:0004919
UBERON:0011380	UBERON:0005156
UBERON:0011383	UBERON:0004690
UBERON:0011384	UBERON:0004690
UBERON:0011385	UBERON:0001583
UBERON:0011386	UBERON:0002385
UBERON:0011387	UBERON:0011389
UBERON:0011388	UBERON:0003135
UBERON:0011388	UBERON:0011389
UBERON:0011389	UBERON:0002379
UBERON:0011390	UBERON:0003444
UBERON:0011391	UBERON:0003444
UBERON:0011392	UBERON:0003614
UBERON:0011415	UBERON:0006821
UBERON:0011464	UBERON:0006821
UBERON:0011465	UBERON:0000392
UBERON:0011472	UBERON:0001630
UBERON:0011495	UBERON:0001630
UBERON:0011495	UBERON:0005181
UBERON:0011495	UBERON:0014398
UBERON:0011508	UBERON:0002377
UBERON:0011509	UBERON:0002377
UBERON:0011510	UBERON:0000063
UBERON:0011511	UBERON:0001325
UBERON:0011512	UBERON:0001325
UBERON:0011528	UBERON:0001325
UBERON:0011531	UBERON:0011528
UBERON:0011532	UBERON:0011528
UBERON:0011533	UBERON:0003662
UBERON:0011534	UBERON:0003662
UBERON:0011534	UBERON:0006845
UBERON:0011535	UBERON:0002385
UBERON:0011564	UBERON:0011145
UBERON:0011565	UBERON:0002553
UBERON:0011566	UBERON:0000464
UBERON:0011574	UBERON:0005082
UBERON:0011575	UBERON:0004529
UBERON:0011575	UBERON:4100000
UBERON:0011576	UBERON:0005913
UBERON:0011577	UBERON:0000481
UBERON:0011579	UBERON:0002365
UBERON:0011580	UBERON:0011579
UBERON:0011581	UBERON:0008784
UBERON:0011582	UBERON:0004120
UBERON:0011582	UBERON:0010912
UBERON:0011583	UBERON:0010712
UBERON:0011584	UBERON:0010712
UBERON:0011585	UBERON:0000061
UBERON:0011587	UBERON:0010313
UBERON:0011587	UBERON:0010365
UBERON:0011588	UBERON:0010365
UBERON:0011589	UBERON:0002418
UBERON:0011590	UBERON:0005970
UBERON:0011590	UBERON:0011591
UBERON:0011591	UBERON:0007702
UBERON:0011592	UBERON:0000490
UBERON:0011592	UBERON:0003235
UBERON:0011593	UBERON:0003267
UBERON:0011594	UBERON:0003268
UBERON:0011595	UBERON:0000475
UBERON:0011595	UBERON:0010314
UBERON:0011596	UBERON:0000490
UBERON:0011596	UBERON:0003236
UBERON:0011597	UBERON:0012360
UBERON:0011598	UBERON:0004768
UBERON:0011598	UBERON:0008907
UBERON:0011599	UBERON:0004530
UBERON:0011601	UBERON:0001828
UBERON:0011602	UBERON:0001828
UBERON:0011603	UBERON:0003268
UBERON:0011604	UBERON:0000064
UBERON:0011605	UBERON:0001482
UBERON:0011605	UBERON:0008196
UBERON:0011606	UBERON:0002513
UBERON:0011606	UBERON:0011608
UBERON:0011607	UBERON:0011004
UBERON:0011607	UBERON:0011608
UBERON:0011608	UBERON:0010363
UBERON:0011609	UBERON:0010522
UBERON:0011610	UBERON:0011004
UBERON:0011610	UBERON:0011609
UBERON:0011611	UBERON:0002513
UBERON:0011611	UBERON:0011609
UBERON:0011612	UBERON:0011004
UBERON:0011612	UBERON:0011613
UBERON:0011613	UBERON:0010522
UBERON:0011614	UBERON:0010363
UBERON:0011615	UBERON:0011004
UBERON:0011615	UBERON:0011614
UBERON:0011618	UBERON:0002513
UBERON:0011618	UBERON:0011614
UBERON:0011619	UBERON:0002513
UBERON:0011620	UBERON:0004530
UBERON:0011621	UBERON:0011004
UBERON:0011622	UBERON:0002513
UBERON:0011623	UBERON:0004765
UBERON:0011624	UBERON:0011623
UBERON:0011625	UBERON:0011623
UBERON:0011626	UBERON:0011004
UBERON:0011627	UBERON:0005913
UBERON:0011627	UBERON:0015212
UBERON:0011628	UBERON:0007842
UBERON:0011628	UBERON:0008907
UBERON:0011628	UBERON:0010313
UBERON:0011628	UBERON:0011597
UBERON:0011629	UBERON:0002514
UBERON:0011629	UBERON:0008907
UBERON:0011630	UBERON:0002514
UBERON:0011630	UBERON:0008907
UBERON:0011631	UBERON:0002514
UBERON:0011631	UBERON:0008907
UBERON:0011634	UBERON:0008907
UBERON:0011634	UBERON:0011597
UBERON:0011634	UBERON:0012071
UBERON:0011635	UBERON:0004768
UBERON:0011635	UBERON:0008907
UBERON:0011636	UBERON:0004768
UBERON:0011636	UBERON:0008907
UBERON:0011637	UBERON:0004768
UBERON:0011637	UBERON:0008907
UBERON:0011638	UBERON:0008896
UBERON:0011639	UBERON:0008907
UBERON:0011640	UBERON:0034921
UBERON:0011641	UBERON:0003856
UBERON:0011642	UBERON:0000490
UBERON:0011642	UBERON:0002424
UBERON:0011642	UBERON:0010371
UBERON:0011643	UBERON:0004518
UBERON:0011643	UBERON:0014842
UBERON:0011644	UBERON:0014842
UBERON:0011645	UBERON:0001325
UBERON:0011646	UBERON:0008196
UBERON:0011647	UBERON:0001577
UBERON:0011647	UBERON:0011648
UBERON:0011648	UBERON:0002376
UBERON:0011649	UBERON:0005493
UBERON:0011650	UBERON:0005493
UBERON:0011651	UBERON:0002230
UBERON:0011652	UBERON:0002230
UBERON:0011653	UBERON:0004529
UBERON:0011653	UBERON:4100000
UBERON:0011655	UBERON:0007829
UBERON:0011655	UBERON:0008907
UBERON:0011657	UBERON:0008907
UBERON:0011658	UBERON:0011657
UBERON:0011658	UBERON:0015212
UBERON:0011659	UBERON:0011657
UBERON:0011660	UBERON:0011657
UBERON:0011660	UBERON:0015212
UBERON:0011661	UBERON:0011657
UBERON:0011661	UBERON:0015212
UBERON:0011662	UBERON:0000075
UBERON:0011663	UBERON:0011662
UBERON:0011664	UBERON:0011662
UBERON:0011665	UBERON:0004247
UBERON:0011666	UBERON:0011665
UBERON:0011667	UBERON:0011665
UBERON:0011667	UBERON:0015212
UBERON:0011669	UBERON:0011665
UBERON:0011670	UBERON:0011665
UBERON:0011671	UBERON:0011665
UBERON:0011672	UBERON:0011665
UBERON:0011673	UBERON:0008201
UBERON:0011674	UBERON:0018317
UBERON:0011675	UBERON:0002384
UBERON:0011676	UBERON:0000475
UBERON:0011677	UBERON:0003463
UBERON:0011677	UBERON:0004247
UBERON:0011677	UBERON:0004451
UBERON:0011678	UBERON:0011679
UBERON:0011679	UBERON:0001447
UBERON:0011679	UBERON:0014395
UBERON:0011679	UBERON:0015081
UBERON:0011683	UBERON:0011145
UBERON:0011683	UBERON:0011648
UBERON:0011683	UBERON:0018544
UBERON:0011684	UBERON:0011648
UBERON:0011684	UBERON:0018544
UBERON:0011685	UBERON:0011648
UBERON:0011685	UBERON:0018544
UBERON:0011686	UBERON:0011648
UBERON:0011686	UBERON:0018544
UBERON:0011687	UBERON:0005493
UBERON:0011688	UBERON:0010365
UBERON:0011692	UBERON:0010365
UBERON:0011692	UBERON:4000013
UBERON:0011693	UBERON:0000478
UBERON:0011693	UBERON:0001637
UBERON:0011694	UBERON:0001637
UBERON:0011695	UBERON:0004535
UBERON:0011696	UBERON:0011693
UBERON:0011697	UBERON:0011693
UBERON:0011698	UBERON:0004921
UBERON:0011737	UBERON:0009548
UBERON:0011737	UBERON:0009549
UBERON:0011738	UBERON:0009549
UBERON:0011741	UBERON:0000064
UBERON:0011742	UBERON:0011741
UBERON:0011745	UBERON:0011741
UBERON:0011754	UBERON:0000481
UBERON:0011754	UBERON:0005156
UBERON:0011755	UBERON:0011754
UBERON:0011756	UBERON:0011754
UBERON:0011757	UBERON:0005423
UBERON:0011765	UBERON:0034953
UBERON:0011766	UBERON:0003716
UBERON:0011766	UBERON:0015212
UBERON:0011767	UBERON:0003716
UBERON:0011767	UBERON:0015212
UBERON:0011768	UBERON:0002616
UBERON:0011769	UBERON:0004529
UBERON:0011770	UBERON:0002513
UBERON:0011770	UBERON:0004768
UBERON:0011772	UBERON:0000464
UBERON:0011773	UBERON:0000464
UBERON:0011774	UBERON:0000025
UBERON:0011775	UBERON:0000126
UBERON:0011775	UBERON:0009662
UBERON:0011776	UBERON:0011777
UBERON:0011777	UBERON:0000125
UBERON:0011778	UBERON:0011775
UBERON:0011779	UBERON:0001021
UBERON:0011782	UBERON:0036150
UBERON:0011783	UBERON:0011817
UBERON:0011784	UBERON:0000025
UBERON:0011785	UBERON:0013703
UBERON:0011786	UBERON:0013703
UBERON:0011792	UBERON:0004253
UBERON:0011793	UBERON:0008297
UBERON:0011794	UBERON:0011793
UBERON:0011794	UBERON:0018537
UBERON:0011795	UBERON:0011793
UBERON:0011795	UBERON:0018536
UBERON:0011796	UBERON:0011795
UBERON:0011797	UBERON:0011795
UBERON:0011798	UBERON:0011795
UBERON:0011799	UBERON:0002553
UBERON:0011800	UBERON:0000479
UBERON:0011801	UBERON:0011585
UBERON:0011802	UBERON:0005423
UBERON:0011803	UBERON:0003104
UBERON:0011804	UBERON:0005153
UBERON:0011805	UBERON:0002553
UBERON:0011806	UBERON:0000479
UBERON:0011807	UBERON:0000479
UBERON:0011808	UBERON:0011807
UBERON:0011809	UBERON:0011807
UBERON:0011810	UBERON:0034925
UBERON:0011814	UBERON:0005085
UBERON:0011817	UBERON:0006598
UBERON:0011817	UBERON:0011814
UBERON:0011818	UBERON:0000479
UBERON:0011819	UBERON:0005082
UBERON:0011820	UBERON:0007651
UBERON:0011821	UBERON:0002384
UBERON:0011822	UBERON:0011821
UBERON:0011822	UBERON:0011823
UBERON:0011823	UBERON:0002384
UBERON:0011824	UBERON:0011822
UBERON:0011825	UBERON:0011821
UBERON:0011826	UBERON:0005398
UBERON:0011827	UBERON:0001821
UBERON:0011828	UBERON:0005813
UBERON:0011828	UBERON:0013703
UBERON:0011830	UBERON:0010146
UBERON:0011830	UBERON:0011831
UBERON:0011831	UBERON:0000058
UBERON:0011831	UBERON:0005156
UBERON:0011844	UBERON:0001765
UBERON:0011844	UBERON:0011845
UBERON:0011845	UBERON:0000058
UBERON:0011846	UBERON:0011858
UBERON:0011847	UBERON:0011850
UBERON:0011847	UBERON:0013232
UBERON:0011850	UBERON:0011858
UBERON:0011854	UBERON:0011846
UBERON:0011854	UBERON:0011856
UBERON:0011856	UBERON:0011858
UBERON:0011857	UBERON:0011858
UBERON:0011858	UBERON:0009842
UBERON:0011859	UBERON:0004111
UBERON:0011860	UBERON:0000476
UBERON:0011861	UBERON:0011860
UBERON:0011862	UBERON:0011860
UBERON:0011863	UBERON:0011860
UBERON:0011864	UBERON:0011860
UBERON:0011865	UBERON:0011860
UBERON:0011866	UBERON:0002217
UBERON:0011867	UBERON:0001482
UBERON:0011867	UBERON:0011024
UBERON:0011868	UBERON:0011132
UBERON:0011869	UBERON:0011132
UBERON:0011870	UBERON:0011132
UBERON:0011871	UBERON:0003685
UBERON:0011873	UBERON:0000982
UBERON:0011874	UBERON:0000982
UBERON:0011875	UBERON:0008846
UBERON:0011876	UBERON:0000064
UBERON:0011877	UBERON:0006800
UBERON:0011878	UBERON:0018261
UBERON:0011879	UBERON:0000481
UBERON:0011879	UBERON:0005156
UBERON:0011892	UBERON:0000481
UBERON:0011892	UBERON:0010314
UBERON:0011893	UBERON:0007794
UBERON:0011894	UBERON:0002558
UBERON:0011895	UBERON:0006804
UBERON:0011896	UBERON:0011895
UBERON:0011897	UBERON:0011895
UBERON:0011898	UBERON:0011895
UBERON:0011899	UBERON:0011822
UBERON:0011900	UBERON:0011822
UBERON:0011901	UBERON:0000021
UBERON:0011903	UBERON:0004222
UBERON:0011904	UBERON:0000476
UBERON:0011905	UBERON:0004256
UBERON:0011906	UBERON:0000064
UBERON:0011907	UBERON:0011906
UBERON:0011908	UBERON:0011906
UBERON:0011909	UBERON:0004256
UBERON:0011910	UBERON:0004256
UBERON:0011915	UBERON:0001047
UBERON:0011917	UBERON:0001047
UBERON:0011918	UBERON:0006800
UBERON:0011919	UBERON:0000478
UBERON:0011919	UBERON:0003061
UBERON:0011921	UBERON:0007503
UBERON:0011921	UBERON:0010303
UBERON:0011921	UBERON:0012275
UBERON:0011922	UBERON:0005769
UBERON:0011924	UBERON:0003041
UBERON:0011925	UBERON:0003041
UBERON:0011926	UBERON:0011924
UBERON:0011927	UBERON:0011925
UBERON:0011929	UBERON:0011924
UBERON:0011930	UBERON:0011925
UBERON:0011931	UBERON:0010171
UBERON:0011932	UBERON:0000063
UBERON:0011933	UBERON:0011932
UBERON:0011936	UBERON:0005932
UBERON:0011937	UBERON:0005933
UBERON:0011938	UBERON:0005941
UBERON:0011938	UBERON:0011937
UBERON:0011939	UBERON:0005942
UBERON:0011939	UBERON:0011937
UBERON:0011940	UBERON:0002033
UBERON:0011941	UBERON:0007172
UBERON:0011944	UBERON:0001638
UBERON:0011945	UBERON:0005162
UBERON:0011946	UBERON:0005162
UBERON:0011947	UBERON:0011945
UBERON:0011948	UBERON:0011946
UBERON:0011949	UBERON:0011945
UBERON:0011950	UBERON:0011945
UBERON:0011951	UBERON:0011945
UBERON:0011952	UBERON:0000483
UBERON:0011953	UBERON:0009870
UBERON:0011954	UBERON:0009870
UBERON:0011955	UBERON:0001143
UBERON:0011956	UBERON:0001143
UBERON:0011957	UBERON:0001143
UBERON:0011958	UBERON:0005179
UBERON:0011958	UBERON:0007844
UBERON:0011959	UBERON:0007844
UBERON:0011960	UBERON:0001484
UBERON:0011961	UBERON:0001484
UBERON:0011961	UBERON:0005179
UBERON:0011962	UBERON:0001487
UBERON:0011962	UBERON:0011139
UBERON:0011963	UBERON:0003698
UBERON:0011964	UBERON:0011969
UBERON:0011965	UBERON:0000982
UBERON:0011966	UBERON:0002216
UBERON:0011967	UBERON:0002292
UBERON:0011968	UBERON:0001491
UBERON:0011969	UBERON:0001487
UBERON:0011969	UBERON:0011980
UBERON:0011970	UBERON:0008846
UBERON:0011971	UBERON:0003701
UBERON:0011972	UBERON:0008846
UBERON:0011973	UBERON:0001437
UBERON:0011974	UBERON:0004446
UBERON:0011974	UBERON:0011973
UBERON:0011975	UBERON:0004446
UBERON:0011975	UBERON:0011973
UBERON:0011976	UBERON:0004446
UBERON:0011976	UBERON:0011973
UBERON:0011977	UBERON:0004387
UBERON:0011978	UBERON:0004387
UBERON:0011979	UBERON:0004387
UBERON:0011980	UBERON:0001488
UBERON:0011981	UBERON:0002389
UBERON:0011981	UBERON:0016856
UBERON:0011982	UBERON:0002389
UBERON:0011982	UBERON:0016857
UBERON:0011983	UBERON:0002389
UBERON:0011983	UBERON:0016858
UBERON:0011984	UBERON:0001466
UBERON:0011985	UBERON:0001825
UBERON:0011986	UBERON:0005030
UBERON:0011996	UBERON:0000933
UBERON:0011997	UBERON:0000481
UBERON:0012054	UBERON:0002553
UBERON:0012055	UBERON:0003539
UBERON:0012056	UBERON:0003539
UBERON:0012059	UBERON:0003538
UBERON:0012063	UBERON:0003404
UBERON:0012065	UBERON:0003405
UBERON:0012066	UBERON:0003405
UBERON:0012067	UBERON:0002186
UBERON:0012068	UBERON:0003538
UBERON:0012069	UBERON:0001744
UBERON:0012070	UBERON:0003267
UBERON:0012071	UBERON:0003457
UBERON:0012071	UBERON:0008907
UBERON:0012072	UBERON:0000075
UBERON:0012073	UBERON:0012070
UBERON:0012074	UBERON:0000075
UBERON:0012075	UBERON:0001474
UBERON:0012075	UBERON:0010522
UBERON:0012076	UBERON:0011980
UBERON:0012078	UBERON:0005055
UBERON:0012079	UBERON:0006800
UBERON:0012080	UBERON:0003860
UBERON:0012080	UBERON:0005863
UBERON:0012081	UBERON:0003321
UBERON:0012081	UBERON:0005866
UBERON:0012082	UBERON:0000464
UBERON:0012083	UBERON:0012082
UBERON:0012084	UBERON:0012082
UBERON:0012085	UBERON:0012082
UBERON:0012086	UBERON:0012085
UBERON:0012087	UBERON:0010000
UBERON:0012088	UBERON:0002185
UBERON:0012100	UBERON:0003831
UBERON:0012101	UBERON:0000105
UBERON:0012102	UBERON:0001044
UBERON:0012103	UBERON:0000158
UBERON:0012103	UBERON:0013754
UBERON:0012104	UBERON:0001479
UBERON:0012104	UBERON:0004251
UBERON:0012104	UBERON:0011141
UBERON:0012105	UBERON:0013765
UBERON:0012106	UBERON:0000061
UBERON:0012108	UBERON:0005913
UBERON:0012109	UBERON:0005913
UBERON:0012110	UBERON:0005913
UBERON:0012111	UBERON:0000464
UBERON:0012112	UBERON:0000463
UBERON:0012113	UBERON:0012112
UBERON:0012114	UBERON:0036017
UBERON:0012115	UBERON:0009678
UBERON:0012116	UBERON:0005744
UBERON:0012117	UBERON:0000464
UBERON:0012118	UBERON:0000043
UBERON:0012118	UBERON:0003579
UBERON:0012119	UBERON:0000043
UBERON:0012119	UBERON:0003588
UBERON:0012120	UBERON:0000043
UBERON:0012121	UBERON:0000171
UBERON:0012124	UBERON:0001480
UBERON:0012125	UBERON:0000467
UBERON:0012125	UBERON:0010314
UBERON:0012126	UBERON:0002513
UBERON:0012126	UBERON:0011679
UBERON:0012127	UBERON:0013703
UBERON:0012128	UBERON:0006983
UBERON:0012129	UBERON:0005055
UBERON:0012130	UBERON:0005055
UBERON:0012131	UBERON:0003656
UBERON:0012131	UBERON:0015067
UBERON:0012132	UBERON:0000982
UBERON:0012133	UBERON:0012132
UBERON:0012134	UBERON:0012132
UBERON:0012135	UBERON:0010712
UBERON:0012136	UBERON:0005881
UBERON:0012137	UBERON:0001466
UBERON:0012138	UBERON:0001466
UBERON:0012139	UBERON:0002529
UBERON:0012140	UBERON:0012139
UBERON:0012141	UBERON:0005451
UBERON:0012141	UBERON:0012140
UBERON:0012142	UBERON:0005445
UBERON:0012142	UBERON:0012140
UBERON:0012150	UBERON:0010712
UBERON:0012151	UBERON:0012150
UBERON:0012152	UBERON:0012150
UBERON:0012167	UBERON:0003566
UBERON:0012167	UBERON:0003916
UBERON:0012168	UBERON:0013755
UBERON:0012170	UBERON:0002616
UBERON:0012171	UBERON:0002616
UBERON:0012172	UBERON:0001048
UBERON:0012173	UBERON:0005624
UBERON:0012173	UBERON:0012254
UBERON:0012175	UBERON:0001714
UBERON:0012175	UBERON:0010313
UBERON:0012176	UBERON:0000021
UBERON:0012177	UBERON:0002419
UBERON:0012177	UBERON:0008974
UBERON:0012177	UBERON:0019319
UBERON:0012179	UBERON:0003828
UBERON:0012179	UBERON:0005179
UBERON:0012180	UBERON:0000014
UBERON:0012181	UBERON:0000483
UBERON:0012181	UBERON:0013696
UBERON:0012186	UBERON:0001305
UBERON:0012187	UBERON:0015156
UBERON:0012193	UBERON:0001638
UBERON:0012194	UBERON:0012197
UBERON:0012195	UBERON:0012194
UBERON:0012195	UBERON:0015212
UBERON:0012196	UBERON:0012194
UBERON:0012196	UBERON:0015212
UBERON:0012197	UBERON:0001638
UBERON:0012198	UBERON:0000464
UBERON:0012199	UBERON:0012197
UBERON:0012200	UBERON:0012197
UBERON:0012236	UBERON:0007644
UBERON:0012236	UBERON:8450004
UBERON:0012237	UBERON:0012193
UBERON:0012238	UBERON:0000083
UBERON:0012238	UBERON:0010137
UBERON:0012238	UBERON:0034969
UBERON:0012239	UBERON:0002201
UBERON:0012239	UBERON:0006876
UBERON:0012240	UBERON:0010418
UBERON:0012241	UBERON:0005156
UBERON:0012241	UBERON:0012240
UBERON:0012242	UBERON:0010418
UBERON:0012243	UBERON:3000981
UBERON:0012244	UBERON:0013754
UBERON:0012245	UBERON:0000463
UBERON:0012246	UBERON:0000464
UBERON:0012247	UBERON:0002451
UBERON:0012248	UBERON:0001295
UBERON:0012249	UBERON:0000064
UBERON:0012249	UBERON:0005156
UBERON:0012250	UBERON:0004801
UBERON:0012250	UBERON:0006799
UBERON:0012251	UBERON:0004801
UBERON:0012252	UBERON:0012250
UBERON:0012253	UBERON:0004801
UBERON:0012254	UBERON:0004573
UBERON:0012255	UBERON:0002057
UBERON:0012255	UBERON:0012254
UBERON:0012256	UBERON:0005162
UBERON:0012260	UBERON:0002389
UBERON:0012261	UBERON:0002389
UBERON:0012262	UBERON:0002389
UBERON:0012267	UBERON:0003821
UBERON:0012268	UBERON:0003607
UBERON:0012268	UBERON:0012267
UBERON:0012268	UBERON:0012358
UBERON:0012269	UBERON:0003608
UBERON:0012269	UBERON:0012267
UBERON:0012269	UBERON:0012359
UBERON:0012270	UBERON:1100000
UBERON:0012271	UBERON:0004914
UBERON:0012272	UBERON:0004914
UBERON:0012273	UBERON:0004921
UBERON:0012274	UBERON:0000483
UBERON:0012275	UBERON:0000483
UBERON:0012275	UBERON:0004120
UBERON:0012276	UBERON:0004811
UBERON:0012276	UBERON:0006929
UBERON:0012276	UBERON:0007589
UBERON:0012276	UBERON:0007592
UBERON:0012278	UBERON:0002365
UBERON:0012278	UBERON:0036225
UBERON:0012279	UBERON:0034978
UBERON:0012281	UBERON:0005179
UBERON:0012281	UBERON:0011252
UBERON:0012281	UBERON:0015251
UBERON:0012281	UBERON:0016852
UBERON:0012282	UBERON:0003916
UBERON:0012282	UBERON:0004180
UBERON:0012283	UBERON:0003916
UBERON:0012283	UBERON:0004266
UBERON:0012284	UBERON:0012286
UBERON:0012285	UBERON:0012286
UBERON:0012286	UBERON:0002050
UBERON:0012287	UBERON:0004906
UBERON:0012287	UBERON:0007499
UBERON:0012287	UBERON:0009854
UBERON:0012287	UBERON:0011642
UBERON:0012288	UBERON:0001447
UBERON:0012289	UBERON:0010721
UBERON:0012290	UBERON:0001481
UBERON:0012291	UBERON:0005055
UBERON:0012292	UBERON:0000481
UBERON:0012293	UBERON:0000481
UBERON:0012294	UBERON:0005156
UBERON:0012294	UBERON:0013522
UBERON:0012295	UBERON:0005156
UBERON:0012295	UBERON:0034944
UBERON:0012296	UBERON:0034944
UBERON:0012297	UBERON:0012296
UBERON:0012298	UBERON:0012296
UBERON:0012299	UBERON:0000344
UBERON:0012300	UBERON:0005423
UBERON:0012301	UBERON:0001336
UBERON:0012302	UBERON:0001336
UBERON:0012303	UBERON:0000161
UBERON:0012303	UBERON:0010418
UBERON:0012304	UBERON:1000021
UBERON:0012305	UBERON:0001459
UBERON:0012306	UBERON:0002429
UBERON:0012307	UBERON:0002429
UBERON:0012308	UBERON:0004870
UBERON:0012308	UBERON:0012306
UBERON:0012309	UBERON:0004870
UBERON:0012309	UBERON:0012307
UBERON:0012310	UBERON:0004722
UBERON:0012310	UBERON:0012306
UBERON:0012311	UBERON:0004722
UBERON:0012311	UBERON:0012307
UBERON:0012312	UBERON:0000490
UBERON:0012312	UBERON:0005291
UBERON:0012313	UBERON:0000490
UBERON:0012313	UBERON:0005291
UBERON:0012313	UBERON:0015833
UBERON:0012314	UBERON:0002050
UBERON:0012315	UBERON:0013685
UBERON:0012316	UBERON:0007375
UBERON:0012317	UBERON:0000161
UBERON:0012317	UBERON:0005156
UBERON:0012318	UBERON:0005193
UBERON:0012319	UBERON:0005193
UBERON:0012320	UBERON:0001637
UBERON:0012320	UBERON:0003502
UBERON:0012321	UBERON:0012320
UBERON:0012322	UBERON:0012320
UBERON:0012324	UBERON:0012320
UBERON:0012325	UBERON:0002368
UBERON:0012326	UBERON:0000064
UBERON:0012326	UBERON:0005156
UBERON:0012327	UBERON:0000479
UBERON:0012327	UBERON:0005156
UBERON:0012328	UBERON:0000479
UBERON:0012328	UBERON:0005156
UBERON:0012329	UBERON:0006915
UBERON:0012330	UBERON:0001962
UBERON:0012331	UBERON:0002095
UBERON:0012332	UBERON:0000211
UBERON:0012333	UBERON:0034696
UBERON:0012334	UBERON:0003668
UBERON:0012335	UBERON:0012334
UBERON:0012336	UBERON:0001415
UBERON:0012337	UBERON:0005162
UBERON:0012343	UBERON:0012334
UBERON:0012344	UBERON:0002365
UBERON:0012348	UBERON:0015790
UBERON:0012349	UBERON:0012348
UBERON:0012350	UBERON:0001518
UBERON:0012350	UBERON:0013622
UBERON:0012351	UBERON:0000464
UBERON:0012352	UBERON:0000463
UBERON:0012353	UBERON:0010912
UBERON:0012354	UBERON:0012139
UBERON:0012355	UBERON:0005451
UBERON:0012355	UBERON:0012354
UBERON:0012356	UBERON:0005445
UBERON:0012356	UBERON:0012354
UBERON:0012357	UBERON:0011250
UBERON:0012358	UBERON:0005897
UBERON:0012358	UBERON:0012357
UBERON:0012359	UBERON:0005899
UBERON:0012359	UBERON:0012357
UBERON:0012360	UBERON:0003462
UBERON:0012360	UBERON:0013765
UBERON:0012361	UBERON:0000481
UBERON:0012363	UBERON:0000484
UBERON:0012363	UBERON:0005911
UBERON:0012364	UBERON:0000463
UBERON:0012367	UBERON:0018261
UBERON:0012368	UBERON:0034933
UBERON:0012369	UBERON:0034933
UBERON:0012373	UBERON:0001816
UBERON:0012374	UBERON:0000429
UBERON:0012375	UBERON:0004923
UBERON:0012376	UBERON:0000479
UBERON:0012377	UBERON:0011201
UBERON:0012378	UBERON:0006660
UBERON:0012398	UBERON:0012368
UBERON:0012399	UBERON:0012369
UBERON:0012401	UBERON:0012368
UBERON:0012402	UBERON:0012369
UBERON:0012416	UBERON:0004297
UBERON:0012416	UBERON:0004695
UBERON:0012418	UBERON:0004696
UBERON:0012419	UBERON:0034933
UBERON:0012420	UBERON:0000064
UBERON:0012421	UBERON:0000064
UBERON:0012422	UBERON:0000463
UBERON:0012423	UBERON:0005162
UBERON:0012424	UBERON:0012423
UBERON:0012425	UBERON:0012423
UBERON:0012426	UBERON:0012423
UBERON:0012427	UBERON:0012424
UBERON:0012428	UBERON:0012424
UBERON:0012429	UBERON:0034769
UBERON:0012430	UBERON:0004923
UBERON:0012430	UBERON:0010314
UBERON:0012437	UBERON:0006800
UBERON:0012438	UBERON:0005306
UBERON:0012439	UBERON:0005306
UBERON:0012441	UBERON:0001915
UBERON:0012441	UBERON:0004819
UBERON:0012442	UBERON:0000464
UBERON:0012443	UBERON:0034926
UBERON:0012444	UBERON:0012443
UBERON:0012447	UBERON:3000981
UBERON:0012448	UBERON:8900000
UBERON:0012449	UBERON:0012451
UBERON:0012450	UBERON:8900000
UBERON:0012451	UBERON:0012453
UBERON:0012453	UBERON:0005162
UBERON:0012456	UBERON:0012449
UBERON:0012457	UBERON:8900000
UBERON:0012458	UBERON:0001084
UBERON:0012459	UBERON:0005913
UBERON:0012462	UBERON:0000064
UBERON:0012463	UBERON:0000464
UBERON:0012464	UBERON:0000161
UBERON:0012465	UBERON:0000464
UBERON:0012466	UBERON:0000464
UBERON:0012467	UBERON:0000464
UBERON:0012468	UBERON:0003913
UBERON:0012469	UBERON:0000481
UBERON:0012470	UBERON:0000061
UBERON:0012471	UBERON:0004120
UBERON:0012471	UBERON:0005172
UBERON:0012471	UBERON:0008845
UBERON:0012471	UBERON:0013765
UBERON:0012472	UBERON:0005172
UBERON:0012472	UBERON:0008845
UBERON:0012472	UBERON:0013765
UBERON:0012473	UBERON:0000062
UBERON:0012474	UBERON:0009854
UBERON:0012475	UBERON:0010912
UBERON:0012476	UBERON:0010912
UBERON:0012477	UBERON:0005434
UBERON:0012478	UBERON:0003408
UBERON:0012479	UBERON:0012478
UBERON:0012480	UBERON:0000344
UBERON:0012481	UBERON:0003929
UBERON:0012481	UBERON:0005911
UBERON:0012482	UBERON:0018257
UBERON:0012483	UBERON:0000042
UBERON:0012485	UBERON:0012423
UBERON:0012486	UBERON:0018261
UBERON:0012487	UBERON:0004590
UBERON:0012487	UBERON:0005156
UBERON:0012488	UBERON:0011201
UBERON:0012489	UBERON:0011198
UBERON:0012490	UBERON:0011198
UBERON:0012494	UBERON:0001210
UBERON:0012497	UBERON:0001239
UBERON:0012497	UBERON:0018112
UBERON:0012498	UBERON:0001209
UBERON:0012499	UBERON:0000042
UBERON:0012499	UBERON:0005156
UBERON:0012503	UBERON:0001201
UBERON:0012504	UBERON:0005742
UBERON:0012520	UBERON:0003662
UBERON:0012615	UBERON:0001135
UBERON:0012615	UBERON:0005292
UBERON:0012621	UBERON:0001630
UBERON:0012621	UBERON:0013765
UBERON:0012641	UBERON:0000468
UBERON:0012642	UBERON:0001630
UBERON:0012643	UBERON:0000062
UBERON:0012644	UBERON:0000062
UBERON:0012645	UBERON:0000062
UBERON:0012646	UBERON:0000062
UBERON:0012648	UBERON:0000064
UBERON:0012648	UBERON:0005156
UBERON:0012649	UBERON:0004231
UBERON:0012650	UBERON:1100000
UBERON:0012651	UBERON:0001199
UBERON:0012652	UBERON:0004921
UBERON:0012925	UBERON:0005153
UBERON:0013067	UBERON:0001207
UBERON:0013068	UBERON:0005913
UBERON:0013069	UBERON:0005055
UBERON:0013070	UBERON:0010858
UBERON:0013073	UBERON:0004529
UBERON:0013074	UBERON:0002553
UBERON:0013075	UBERON:0000058
UBERON:0013076	UBERON:0007113
UBERON:0013078	UBERON:0001091
UBERON:0013106	UBERON:0013076
UBERON:0013110	UBERON:0013076
UBERON:0013112	UBERON:0013076
UBERON:0013113	UBERON:0008907
UBERON:0013114	UBERON:0001630
UBERON:0013115	UBERON:0001630
UBERON:0013116	UBERON:0008229
UBERON:0013118	UBERON:0000093
UBERON:0013119	UBERON:0002075
UBERON:0013119	UBERON:0004177
UBERON:0013119	UBERON:0005057
UBERON:0013120	UBERON:0003581
UBERON:0013121	UBERON:0004447
UBERON:0013121	UBERON:0011973
UBERON:0013122	UBERON:0004448
UBERON:0013122	UBERON:0011973
UBERON:0013124	UBERON:0002065
UBERON:0013124	UBERON:0015212
UBERON:0013125	UBERON:0006296
UBERON:0013125	UBERON:0015212
UBERON:0013126	UBERON:0001638
UBERON:0013126	UBERON:0003497
UBERON:0013127	UBERON:0002049
UBERON:0013128	UBERON:0000064
UBERON:0013128	UBERON:0005156
UBERON:0013129	UBERON:0000064
UBERON:0013129	UBERON:0005156
UBERON:0013129	UBERON:0015212
UBERON:0013131	UBERON:0000064
UBERON:0013132	UBERON:0022292
UBERON:0013133	UBERON:0002057
UBERON:0013133	UBERON:0003834
UBERON:0013135	UBERON:0005913
UBERON:0013136	UBERON:0001638
UBERON:0013137	UBERON:0007312
UBERON:0013138	UBERON:0013139
UBERON:0013139	UBERON:0005172
UBERON:0013139	UBERON:0008845
UBERON:0013139	UBERON:0013765
UBERON:0013140	UBERON:0001638
UBERON:0013141	UBERON:0007502
UBERON:0013142	UBERON:0001551
UBERON:0013143	UBERON:0001551
UBERON:0013144	UBERON:0001638
UBERON:0013144	UBERON:0003503
UBERON:0013145	UBERON:0007318
UBERON:0013146	UBERON:0007798
UBERON:0013147	UBERON:0013150
UBERON:0013148	UBERON:0013150
UBERON:0013149	UBERON:0013150
UBERON:0013150	UBERON:0010000
UBERON:0013151	UBERON:0001637
UBERON:0013152	UBERON:0004111
UBERON:0013153	UBERON:0004529
UBERON:0013154	UBERON:0000490
UBERON:0013154	UBERON:0003258
UBERON:0013154	UBERON:0005291
UBERON:0013155	UBERON:0000490
UBERON:0013155	UBERON:0005291
UBERON:0013155	UBERON:0015833
UBERON:0013156	UBERON:0000490
UBERON:0013156	UBERON:0003258
UBERON:0013156	UBERON:0005291
UBERON:0013157	UBERON:0005879
UBERON:0013158	UBERON:0003408
UBERON:0013159	UBERON:0004061
UBERON:0013160	UBERON:0004060
UBERON:0013161	UBERON:0002285
UBERON:0013161	UBERON:0015212
UBERON:0013162	UBERON:0002285
UBERON:0013162	UBERON:0015212
UBERON:0013164	UBERON:0001091
UBERON:0013165	UBERON:0000064
UBERON:0013166	UBERON:0000064
UBERON:0013167	UBERON:0001730
UBERON:0013168	UBERON:0006325
UBERON:0013169	UBERON:0006325
UBERON:0013170	UBERON:0001730
UBERON:0013171	UBERON:0001743
UBERON:0013172	UBERON:0001730
UBERON:0013173	UBERON:0005913
UBERON:0013174	UBERON:0004530
UBERON:0013175	UBERON:0004111
UBERON:0013176	UBERON:0000481
UBERON:0013177	UBERON:0001013
UBERON:0013177	UBERON:0003566
UBERON:0013177	UBERON:0015212
UBERON:0013178	UBERON:0013177
UBERON:0013179	UBERON:0013177
UBERON:0013180	UBERON:0007844
UBERON:0013181	UBERON:0008845
UBERON:0013182	UBERON:0000479
UBERON:0013188	UBERON:0000481
UBERON:0013188	UBERON:0015212
UBERON:0013189	UBERON:0000062
UBERON:0013190	UBERON:0002513
UBERON:0013190	UBERON:0003457
UBERON:0013191	UBERON:0001851
UBERON:0013191	UBERON:0005156
UBERON:0013192	UBERON:0000958
UBERON:0013192	UBERON:0005156
UBERON:0013193	UBERON:0000488
UBERON:0013194	UBERON:0000488
UBERON:0013195	UBERON:0001949
UBERON:0013195	UBERON:0013193
UBERON:0013196	UBERON:0010509
UBERON:0013198	UBERON:0018657
UBERON:0013199	UBERON:0002316
UBERON:0013201	UBERON:0000122
UBERON:0013201	UBERON:0011215
UBERON:0013203	UBERON:0009569
UBERON:0013204	UBERON:0007830
UBERON:0013204	UBERON:0015212
UBERON:0013206	UBERON:0000021
UBERON:0013207	UBERON:0005744
UBERON:0013208	UBERON:0000045
UBERON:0013208	UBERON:0015245
UBERON:0013211	UBERON:0000382
UBERON:0013212	UBERON:0000456
UBERON:0013213	UBERON:0006969
UBERON:0013216	UBERON:0000481
UBERON:0013217	UBERON:4100000
UBERON:0013218	UBERON:0002049
UBERON:0013219	UBERON:0002530
UBERON:0013220	UBERON:0000464
UBERON:0013221	UBERON:0003663
UBERON:0013222	UBERON:0005913
UBERON:0013223	UBERON:0002530
UBERON:0013224	UBERON:0013226
UBERON:0013224	UBERON:0013229
UBERON:0013226	UBERON:0001817
UBERON:0013227	UBERON:0013226
UBERON:0013228	UBERON:0000382
UBERON:0013228	UBERON:0003605
UBERON:0013228	UBERON:0013229
UBERON:0013229	UBERON:0004859
UBERON:0013229	UBERON:0015152
UBERON:0013230	UBERON:0013229
UBERON:0013230	UBERON:0015153
UBERON:0013231	UBERON:0003484
UBERON:0013231	UBERON:0013229
UBERON:0013232	UBERON:0011858
UBERON:0013233	UBERON:0004759
UBERON:0013233	UBERON:0012278
UBERON:0013234	UBERON:0011252
UBERON:0013235	UBERON:0000475
UBERON:0013236	UBERON:0009569
UBERON:0013237	UBERON:0000064
UBERON:0013237	UBERON:0005156
UBERON:0013238	UBERON:0005423
UBERON:0013239	UBERON:0013238
UBERON:0013240	UBERON:0013238
UBERON:0013241	UBERON:0002050
UBERON:0013244	UBERON:0002050
UBERON:0013245	UBERON:0002050
UBERON:0013247	UBERON:0003914
UBERON:0013247	UBERON:0005156
UBERON:0013247	UBERON:0012275
UBERON:0013248	UBERON:0003914
UBERON:0013248	UBERON:0005156
UBERON:0013249	UBERON:0003914
UBERON:0013249	UBERON:0005156
UBERON:0013249	UBERON:0006590
UBERON:0013250	UBERON:0004120
UBERON:0013250	UBERON:0006590
UBERON:0013262	UBERON:0004120
UBERON:0013262	UBERON:0006590
UBERON:0013277	UBERON:0004120
UBERON:0013277	UBERON:0006590
UBERON:0013278	UBERON:0004120
UBERON:0013278	UBERON:0006590
UBERON:0013279	UBERON:0004769
UBERON:0013280	UBERON:0004769
UBERON:0013397	UBERON:0000957
UBERON:0013398	UBERON:0001593
UBERON:0013398	UBERON:0002203
UBERON:0013398	UBERON:0011362
UBERON:0013399	UBERON:0004923
UBERON:0013403	UBERON:0006983
UBERON:0013406	UBERON:0006983
UBERON:0013411	UBERON:0002553
UBERON:0013412	UBERON:0006983
UBERON:0013417	UBERON:0034921
UBERON:0013420	UBERON:4200230
UBERON:0013422	UBERON:0004704
UBERON:0013423	UBERON:0006983
UBERON:0013424	UBERON:0006983
UBERON:0013426	UBERON:0006983
UBERON:0013427	UBERON:0005913
UBERON:0013428	UBERON:0006983
UBERON:0013436	UBERON:0006983
UBERON:0013442	UBERON:0005913
UBERON:0013445	UBERON:0006800
UBERON:0013447	UBERON:0005913
UBERON:0013448	UBERON:0005913
UBERON:0013450	UBERON:0005913
UBERON:0013454	UBERON:0004704
UBERON:0013455	UBERON:0006800
UBERON:0013459	UBERON:0006983
UBERON:0013460	UBERON:0004704
UBERON:0013462	UBERON:0006983
UBERON:0013463	UBERON:0004704
UBERON:0013468	UBERON:0008789
UBERON:0013469	UBERON:0005913
UBERON:0013471	UBERON:0000464
UBERON:0013472	UBERON:0004921
UBERON:0013473	UBERON:0004921
UBERON:0013474	UBERON:0004921
UBERON:0013475	UBERON:0000409
UBERON:0013475	UBERON:0001044
UBERON:0013475	UBERON:0003409
UBERON:0013476	UBERON:0004923
UBERON:0013477	UBERON:0005928
UBERON:0013478	UBERON:0001962
UBERON:0013479	UBERON:0000115
UBERON:0013479	UBERON:0004702
UBERON:0013481	UBERON:0001241
UBERON:0013482	UBERON:0001241
UBERON:0013483	UBERON:0001241
UBERON:0013485	UBERON:0001984
UBERON:0013486	UBERON:0001984
UBERON:0013487	UBERON:3000981
UBERON:0013488	UBERON:0001013
UBERON:0013488	UBERON:0002190
UBERON:0013489	UBERON:0013491
UBERON:0013490	UBERON:0013491
UBERON:0013491	UBERON:0003568
UBERON:0013491	UBERON:0008982
UBERON:0013492	UBERON:0013491
UBERON:0013493	UBERON:0003567
UBERON:0013493	UBERON:0008982
UBERON:0013494	UBERON:0001037
UBERON:0013494	UBERON:0008260
UBERON:0013495	UBERON:0013494
UBERON:0013496	UBERON:0013494
UBERON:0013497	UBERON:0002036
UBERON:0013498	UBERON:0001714
UBERON:0013499	UBERON:0002050
UBERON:0013500	UBERON:0001714
UBERON:0013501	UBERON:0004590
UBERON:0013501	UBERON:0014783
UBERON:0013502	UBERON:0009494
UBERON:0013503	UBERON:0011094
UBERON:0013503	UBERON:0018142
UBERON:0013503	UBERON:2001457
UBERON:0013504	UBERON:0011095
UBERON:0013504	UBERON:0018142
UBERON:0013505	UBERON:0003601
UBERON:0013505	UBERON:0011094
UBERON:0013505	UBERON:0015007
UBERON:0013505	UBERON:2001457
UBERON:0013506	UBERON:0011095
UBERON:0013506	UBERON:0015007
UBERON:0013507	UBERON:0011094
UBERON:0013507	UBERON:0015008
UBERON:0013507	UBERON:2001457
UBERON:0013508	UBERON:0011095
UBERON:0013508	UBERON:0015008
UBERON:0013509	UBERON:0011094
UBERON:0013509	UBERON:0015009
UBERON:0013509	UBERON:2001457
UBERON:0013510	UBERON:0011095
UBERON:0013510	UBERON:0015009
UBERON:0013511	UBERON:0003663
UBERON:0013512	UBERON:0011810
UBERON:0013512	UBERON:0034926
UBERON:0013513	UBERON:0013512
UBERON:0013514	UBERON:0000464
UBERON:0013515	UBERON:0005156
UBERON:0013515	UBERON:0013522
UBERON:0013516	UBERON:0013515
UBERON:0013519	UBERON:0013515
UBERON:0013522	UBERON:0000064
UBERON:0013523	UBERON:0000996
UBERON:0013523	UBERON:0004111
UBERON:0013523	UBERON:0015212
UBERON:0013524	UBERON:0000996
UBERON:0013525	UBERON:0000464
UBERON:0013526	UBERON:0002553
UBERON:0013526	UBERON:0007473
UBERON:0013527	UBERON:0005813
UBERON:0013528	UBERON:0013529
UBERON:0013529	UBERON:0002616
UBERON:0013531	UBERON:0002616
UBERON:0013533	UBERON:0013529
UBERON:0013535	UBERON:0013529
UBERON:0013538	UBERON:0013529
UBERON:0013539	UBERON:0013529
UBERON:0013540	UBERON:0013529
UBERON:0013541	UBERON:0013529
UBERON:0013543	UBERON:0013529
UBERON:0013544	UBERON:0013529
UBERON:0013545	UBERON:0013529
UBERON:0013546	UBERON:0013529
UBERON:0013547	UBERON:0013529
UBERON:0013550	UBERON:0013529
UBERON:0013551	UBERON:0013529
UBERON:0013552	UBERON:0013529
UBERON:0013553	UBERON:0013529
UBERON:0013554	UBERON:0013529
UBERON:0013556	UBERON:0013529
UBERON:0013558	UBERON:0013529
UBERON:0013559	UBERON:0013529
UBERON:0013560	UBERON:0013529
UBERON:0013561	UBERON:0013529
UBERON:0013562	UBERON:0013529
UBERON:0013573	UBERON:0013529
UBERON:0013581	UBERON:0003821
UBERON:0013582	UBERON:0003821
UBERON:0013583	UBERON:0003821
UBERON:0013584	UBERON:0003821
UBERON:0013585	UBERON:0003821
UBERON:0013586	UBERON:0003821
UBERON:0013587	UBERON:0002374
UBERON:0013587	UBERON:0013586
UBERON:0013588	UBERON:0001448
UBERON:0013588	UBERON:0013586
UBERON:0013589	UBERON:0002616
UBERON:0013590	UBERON:0013118
UBERON:0013591	UBERON:0008334
UBERON:0013592	UBERON:0008334
UBERON:0013593	UBERON:0008334
UBERON:0013594	UBERON:0008334
UBERON:0013595	UBERON:0008334
UBERON:0013596	UBERON:0008334
UBERON:0013598	UBERON:0009661
UBERON:0013599	UBERON:0013598
UBERON:0013600	UBERON:0013598
UBERON:0013601	UBERON:0013598
UBERON:0013605	UBERON:0011215
UBERON:0013605	UBERON:0022303
UBERON:0013606	UBERON:0013605
UBERON:0013607	UBERON:0013605
UBERON:0013608	UBERON:0007244
UBERON:0013609	UBERON:0007244
UBERON:0013610	UBERON:0007244
UBERON:0013612	UBERON:0017295
UBERON:0013613	UBERON:0017295
UBERON:0013614	UBERON:0002473
UBERON:0013614	UBERON:0005838
UBERON:0013614	UBERON:0022248
UBERON:0013615	UBERON:0013605
UBERON:0013616	UBERON:0003655
UBERON:0013616	UBERON:0007115
UBERON:0013617	UBERON:0003666
UBERON:0013617	UBERON:0013616
UBERON:0013617	UBERON:0018616
UBERON:0013618	UBERON:0003655
UBERON:0013618	UBERON:0007775
UBERON:0013619	UBERON:0003666
UBERON:0013619	UBERON:0013618
UBERON:0013619	UBERON:0018613
UBERON:0013620	UBERON:0003667
UBERON:0013620	UBERON:0013616
UBERON:0013620	UBERON:0018617
UBERON:0013621	UBERON:0003667
UBERON:0013621	UBERON:0013618
UBERON:0013621	UBERON:0018614
UBERON:0013622	UBERON:0001519
UBERON:0013622	UBERON:0012348
UBERON:0013623	UBERON:0001513
UBERON:0013623	UBERON:0012348
UBERON:0013626	UBERON:0008840
UBERON:0013627	UBERON:0008840
UBERON:0013628	UBERON:0003533
UBERON:0013628	UBERON:0012349
UBERON:0013628	UBERON:0013622
UBERON:0013629	UBERON:0003530
UBERON:0013629	UBERON:0012349
UBERON:0013629	UBERON:0013623
UBERON:0013630	UBERON:0001474
UBERON:0013631	UBERON:0010911
UBERON:0013632	UBERON:0007844
UBERON:0013632	UBERON:0013631
UBERON:0013633	UBERON:0006800
UBERON:0013634	UBERON:0006800
UBERON:0013635	UBERON:0002377
UBERON:0013636	UBERON:0001902
UBERON:0013637	UBERON:0001328
UBERON:0013637	UBERON:0015212
UBERON:0013638	UBERON:0001726
UBERON:0013639	UBERON:0001726
UBERON:0013640	UBERON:0008802
UBERON:0013641	UBERON:0008802
UBERON:0013642	UBERON:0000062
UBERON:0013643	UBERON:0013642
UBERON:0013644	UBERON:0004921
UBERON:0013645	UBERON:0002530
UBERON:0013646	UBERON:0011779
UBERON:0013647	UBERON:0011779
UBERON:0013648	UBERON:0001637
UBERON:0013649	UBERON:0010721
UBERON:0013653	UBERON:0010912
UBERON:0013655	UBERON:0000479
UBERON:0013656	UBERON:0000481
UBERON:0013657	UBERON:0000481
UBERON:0013658	UBERON:0003103
UBERON:0013659	UBERON:0008324
UBERON:0013670	UBERON:0006800
UBERON:0013671	UBERON:0012453
UBERON:0013672	UBERON:0008811
UBERON:0013673	UBERON:0003457
UBERON:0013673	UBERON:0007719
UBERON:0013674	UBERON:0003457
UBERON:0013674	UBERON:0007719
UBERON:0013675	UBERON:0000062
UBERON:0013675	UBERON:0005156
UBERON:0013676	UBERON:0003457
UBERON:0013676	UBERON:0007719
UBERON:0013677	UBERON:0004530
UBERON:0013678	UBERON:0006800
UBERON:0013679	UBERON:0005611
UBERON:0013680	UBERON:0005611
UBERON:0013682	UBERON:0000073
UBERON:0013683	UBERON:0004703
UBERON:0013683	UBERON:0015212
UBERON:0013684	UBERON:0004703
UBERON:0013684	UBERON:0015212
UBERON:0013685	UBERON:0005744
UBERON:0013686	UBERON:0000464
UBERON:0013687	UBERON:0002515
UBERON:0013688	UBERON:0010754
UBERON:0013689	UBERON:0001744
UBERON:0013691	UBERON:0015212
UBERON:0013691	UBERON:0034929
UBERON:0013692	UBERON:0006800
UBERON:0013693	UBERON:0002606
UBERON:0013694	UBERON:0001986
UBERON:0013695	UBERON:0000397
UBERON:0013695	UBERON:0001986
UBERON:0013696	UBERON:0003351
UBERON:0013697	UBERON:0000483
UBERON:0013698	UBERON:0001037
UBERON:0013699	UBERON:0001037
UBERON:0013700	UBERON:0001015
UBERON:0013701	UBERON:0000475
UBERON:0013702	UBERON:0000475
UBERON:0013703	UBERON:0004529
UBERON:0013703	UBERON:0006003
UBERON:0013704	UBERON:0004111
UBERON:0013705	UBERON:0003427
UBERON:0013705	UBERON:0003916
UBERON:0013706	UBERON:0004530
UBERON:0013707	UBERON:0013706
UBERON:0013708	UBERON:0013712
UBERON:0013709	UBERON:0013712
UBERON:0013710	UBERON:0013713
UBERON:0013711	UBERON:0013713
UBERON:0013712	UBERON:0013707
UBERON:0013713	UBERON:0013707
UBERON:0013715	UBERON:0001630
UBERON:0013715	UBERON:0004120
UBERON:0013716	UBERON:0000064
UBERON:0013717	UBERON:0006674
UBERON:0013718	UBERON:0008982
UBERON:0013719	UBERON:0005156
UBERON:0013719	UBERON:0013718
UBERON:0013720	UBERON:0005156
UBERON:0013720	UBERON:0013718
UBERON:0013721	UBERON:0006674
UBERON:0013725	UBERON:0011970
UBERON:0013726	UBERON:0011970
UBERON:0013727	UBERON:0006314
UBERON:0013730	UBERON:0010001
UBERON:0013731	UBERON:0000020
UBERON:0013732	UBERON:0001349
UBERON:0013733	UBERON:0002308
UBERON:0013734	UBERON:0002308
UBERON:0013734	UBERON:0006331
UBERON:0013734	UBERON:0007414
UBERON:0013734	UBERON:0009661
UBERON:0013736	UBERON:0002308
UBERON:0013737	UBERON:0006331
UBERON:0013737	UBERON:0007414
UBERON:0013737	UBERON:0009661
UBERON:0013738	UBERON:0006331
UBERON:0013738	UBERON:0007414
UBERON:0013738	UBERON:0009661
UBERON:0013739	UBERON:0011184
UBERON:0013740	UBERON:0011184
UBERON:0013741	UBERON:0001278
UBERON:0013741	UBERON:0013739
UBERON:0013742	UBERON:0001278
UBERON:0013742	UBERON:0013740
UBERON:0013743	UBERON:0001902
UBERON:0013743	UBERON:0013739
UBERON:0013744	UBERON:0001902
UBERON:0013744	UBERON:0013740
UBERON:0013745	UBERON:0009753
UBERON:0013746	UBERON:0010363
UBERON:0013747	UBERON:0011004
UBERON:0013747	UBERON:0013746
UBERON:0013748	UBERON:0001438
UBERON:0013749	UBERON:0001438
UBERON:0013750	UBERON:0001438
UBERON:0013751	UBERON:0001438
UBERON:0013752	UBERON:0004769
UBERON:0013753	UBERON:0004379
UBERON:0013753	UBERON:0004390
UBERON:0013754	UBERON:0004923
UBERON:0013755	UBERON:0000178
UBERON:0013756	UBERON:0000178
UBERON:0013757	UBERON:0000178
UBERON:0013758	UBERON:0000161
UBERON:0013758	UBERON:0005156
UBERON:0013759	UBERON:0013758
UBERON:0013760	UBERON:0013758
UBERON:0013761	UBERON:0002553
UBERON:0013764	UBERON:0010000
UBERON:0013765	UBERON:0000062
UBERON:0013766	UBERON:0001457
UBERON:0013767	UBERON:0004529
UBERON:0013767	UBERON:4100000
UBERON:0013768	UBERON:0001981
UBERON:0013769	UBERON:0002558
UBERON:0013770	UBERON:0006800
UBERON:0013771	UBERON:0006800
UBERON:0013772	UBERON:0002030
UBERON:0013772	UBERON:0015212
UBERON:0013773	UBERON:0002030
UBERON:0013773	UBERON:0015212
UBERON:0013774	UBERON:0004769
UBERON:0013776	UBERON:0015790
UBERON:0013777	UBERON:0001519
UBERON:0013777	UBERON:0013776
UBERON:0013778	UBERON:0001513
UBERON:0013778	UBERON:0013776
UBERON:0014169	UBERON:0007702
UBERON:0014277	UBERON:0011215
UBERON:0014277	UBERON:0022303
UBERON:0014280	UBERON:0011215
UBERON:0014280	UBERON:0022303
UBERON:0014283	UBERON:0011215
UBERON:0014283	UBERON:0022303
UBERON:0014284	UBERON:0009663
UBERON:0014286	UBERON:0002616
UBERON:0014287	UBERON:0002616
UBERON:0014370	UBERON:0010009
UBERON:0014371	UBERON:0006598
UBERON:0014372	UBERON:0000094
UBERON:0014374	UBERON:0002050
UBERON:0014375	UBERON:0001500
UBERON:0014375	UBERON:0035112
UBERON:0014376	UBERON:0014375
UBERON:0014377	UBERON:0014375
UBERON:0014378	UBERON:0001498
UBERON:0014378	UBERON:0035112
UBERON:0014379	UBERON:0014378
UBERON:0014380	UBERON:0014378
UBERON:0014381	UBERON:0010164
UBERON:0014382	UBERON:0010164
UBERON:0014385	UBERON:0000481
UBERON:0014385	UBERON:0015212
UBERON:0014386	UBERON:0005913
UBERON:0014387	UBERON:0003104
UBERON:0014387	UBERON:0010313
UBERON:0014388	UBERON:0000484
UBERON:0014388	UBERON:0004211
UBERON:0014389	UBERON:0001726
UBERON:0014390	UBERON:0011201
UBERON:0014391	UBERON:0000423
UBERON:0014392	UBERON:0001089
UBERON:0014393	UBERON:0001089
UBERON:0014394	UBERON:0003916
UBERON:0014394	UBERON:0005156
UBERON:0014395	UBERON:0003656
UBERON:0014395	UBERON:0017750
UBERON:0014396	UBERON:0003579
UBERON:0014396	UBERON:0003916
UBERON:0014397	UBERON:0004529
UBERON:0014397	UBERON:4100000
UBERON:0014398	UBERON:0003831
UBERON:0014399	UBERON:0010161
UBERON:0014400	UBERON:0014399
UBERON:0014401	UBERON:0003517
UBERON:0014401	UBERON:0003920
UBERON:0014402	UBERON:0000061
UBERON:0014403	UBERON:0014402
UBERON:0014404	UBERON:0014402
UBERON:0014405	UBERON:0000069
UBERON:0014406	UBERON:0000105
UBERON:0014409	UBERON:0004530
UBERON:0014410	UBERON:0009132
UBERON:0014411	UBERON:0014430
UBERON:0014430	UBERON:0005744
UBERON:0014436	UBERON:0014430
UBERON:0014437	UBERON:0005913
UBERON:0014438	UBERON:0014444
UBERON:0014439	UBERON:0014444
UBERON:0014440	UBERON:0005913
UBERON:0014441	UBERON:0005913
UBERON:0014442	UBERON:0014441
UBERON:0014443	UBERON:0014441
UBERON:0014444	UBERON:0005913
UBERON:0014445	UBERON:0004704
UBERON:0014446	UBERON:0005744
UBERON:0014447	UBERON:0011810
UBERON:0014448	UBERON:0011810
UBERON:0014450	UBERON:0002308
UBERON:0014451	UBERON:0001727
UBERON:0014451	UBERON:0013765
UBERON:0014452	UBERON:0002926
UBERON:0014452	UBERON:0003357
UBERON:0014453	UBERON:0002424
UBERON:0014453	UBERON:0002926
UBERON:0014454	UBERON:0007808
UBERON:0014455	UBERON:0002190
UBERON:0014455	UBERON:0007808
UBERON:0014456	UBERON:0000464
UBERON:0014458	UBERON:0005156
UBERON:0014458	UBERON:0011389
UBERON:0014459	UBERON:0004705
UBERON:0014460	UBERON:0014459
UBERON:0014461	UBERON:0014459
UBERON:0014463	UBERON:0001808
UBERON:0014464	UBERON:0003427
UBERON:0014465	UBERON:0004705
UBERON:0014466	UBERON:0000464
UBERON:0014468	UBERON:0003980
UBERON:0014468	UBERON:0014466
UBERON:0014471	UBERON:0003980
UBERON:0014471	UBERON:0014466
UBERON:0014473	UBERON:0003980
UBERON:0014473	UBERON:0014466
UBERON:0014474	UBERON:0003980
UBERON:0014474	UBERON:0014466
UBERON:0014475	UBERON:0000025
UBERON:0014477	UBERON:0010912
UBERON:0014478	UBERON:0000075
UBERON:0014479	UBERON:0000026
UBERON:0014480	UBERON:0000022
UBERON:0014481	UBERON:0000014
UBERON:0014482	UBERON:8480024
UBERON:0014483	UBERON:0004300
UBERON:0014484	UBERON:0004300
UBERON:0014485	UBERON:0004300
UBERON:0014486	UBERON:0004300
UBERON:0014487	UBERON:0004300
UBERON:0014488	UBERON:0004301
UBERON:0014489	UBERON:0004301
UBERON:0014490	UBERON:0004301
UBERON:0014491	UBERON:0004301
UBERON:0014501	UBERON:0004302
UBERON:0014502	UBERON:0004302
UBERON:0014503	UBERON:0004302
UBERON:0014504	UBERON:0004302
UBERON:0014505	UBERON:0004302
UBERON:0014506	UBERON:0009768
UBERON:0014507	UBERON:0007726
UBERON:0014507	UBERON:0014506
UBERON:0014508	UBERON:0007730
UBERON:0014508	UBERON:0014506
UBERON:0014509	UBERON:0008846
UBERON:0014510	UBERON:0004923
UBERON:0014521	UBERON:0015233
UBERON:0014522	UBERON:0006331
UBERON:0014522	UBERON:0007414
UBERON:0014522	UBERON:0009661
UBERON:0014523	UBERON:0007245
UBERON:0014523	UBERON:0019267
UBERON:0014524	UBERON:0007245
UBERON:0014524	UBERON:0019267
UBERON:0014525	UBERON:0002437
UBERON:0014526	UBERON:0014525
UBERON:0014527	UBERON:0014525
UBERON:0014528	UBERON:0002437
UBERON:0014529	UBERON:0005838
UBERON:0014529	UBERON:0022254
UBERON:0014530	UBERON:0011215
UBERON:0014530	UBERON:0022303
UBERON:0014531	UBERON:0014530
UBERON:0014532	UBERON:0014530
UBERON:0014533	UBERON:0014531
UBERON:0014534	UBERON:0014533
UBERON:0014537	UBERON:0002616
UBERON:0014538	UBERON:0004111
UBERON:0014539	UBERON:0007702
UBERON:0014540	UBERON:0014530
UBERON:0014541	UBERON:0014538
UBERON:0014542	UBERON:0014538
UBERON:0014543	UBERON:0014538
UBERON:0014544	UBERON:0013118
UBERON:0014547	UBERON:0014538
UBERON:0014548	UBERON:0035786
UBERON:0014549	UBERON:0035787
UBERON:0014550	UBERON:0035788
UBERON:0014551	UBERON:0035787
UBERON:0014552	UBERON:0035786
UBERON:0014553	UBERON:0035788
UBERON:0014554	UBERON:0035786
UBERON:0014555	UBERON:0035787
UBERON:0014556	UBERON:0035788
UBERON:0014557	UBERON:0035786
UBERON:0014558	UBERON:0035787
UBERON:0014559	UBERON:0035788
UBERON:0014560	UBERON:0014567
UBERON:0014567	UBERON:0000119
UBERON:0014568	UBERON:0002616
UBERON:0014569	UBERON:0002616
UBERON:0014570	UBERON:0035786
UBERON:0014571	UBERON:0035788
UBERON:0014589	UBERON:0000481
UBERON:0014589	UBERON:0002616
UBERON:0014590	UBERON:0000481
UBERON:0014590	UBERON:0002616
UBERON:0014591	UBERON:0000481
UBERON:0014591	UBERON:0002616
UBERON:0014592	UBERON:0000481
UBERON:0014592	UBERON:0002616
UBERON:0014593	UBERON:0000481
UBERON:0014593	UBERON:0002616
UBERON:0014594	UBERON:0000481
UBERON:0014594	UBERON:0002616
UBERON:0014595	UBERON:0000481
UBERON:0014595	UBERON:0002616
UBERON:0014596	UBERON:0000481
UBERON:0014596	UBERON:0002616
UBERON:0014597	UBERON:0000481
UBERON:0014597	UBERON:0002616
UBERON:0014598	UBERON:0000481
UBERON:0014598	UBERON:0002616
UBERON:0014599	UBERON:0000481
UBERON:0014599	UBERON:0002616
UBERON:0014600	UBERON:0000481
UBERON:0014600	UBERON:0002616
UBERON:0014601	UBERON:0000481
UBERON:0014601	UBERON:0002616
UBERON:0014602	UBERON:0000481
UBERON:0014602	UBERON:0002616
UBERON:0014603	UBERON:0000481
UBERON:0014603	UBERON:0002616
UBERON:0014604	UBERON:0000481
UBERON:0014604	UBERON:0002616
UBERON:0014605	UBERON:0000481
UBERON:0014605	UBERON:0002616
UBERON:0014607	UBERON:0004676
UBERON:0014608	UBERON:0014640
UBERON:0014609	UBERON:0002256
UBERON:0014610	UBERON:0002257
UBERON:0014611	UBERON:0006983
UBERON:0014612	UBERON:0002181
UBERON:0014613	UBERON:0002315
UBERON:0014614	UBERON:0002318
UBERON:0014615	UBERON:0002211
UBERON:0014616	UBERON:0009630
UBERON:0014617	UBERON:0009630
UBERON:0014618	UBERON:0014639
UBERON:0014619	UBERON:0004676
UBERON:0014620	UBERON:0002256
UBERON:0014621	UBERON:0002257
UBERON:0014622	UBERON:0006983
UBERON:0014623	UBERON:0002181
UBERON:0014624	UBERON:0005913
UBERON:0014626	UBERON:0005913
UBERON:0014628	UBERON:0005913
UBERON:0014629	UBERON:0005913
UBERON:0014630	UBERON:0002315
UBERON:0014631	UBERON:0002315
UBERON:0014632	UBERON:0006983
UBERON:0014633	UBERON:0002181
UBERON:0014634	UBERON:0002260
UBERON:0014634	UBERON:0009632
UBERON:0014635	UBERON:0002261
UBERON:0014635	UBERON:0009632
UBERON:0014636	UBERON:0002315
UBERON:0014637	UBERON:0002318
UBERON:0014638	UBERON:0002256
UBERON:0014639	UBERON:0013118
UBERON:0014640	UBERON:0000200
UBERON:0014641	UBERON:0002211
UBERON:0014642	UBERON:0002616
UBERON:0014643	UBERON:0002616
UBERON:0014644	UBERON:0002749
UBERON:0014645	UBERON:0006331
UBERON:0014645	UBERON:0007414
UBERON:0014645	UBERON:0009661
UBERON:0014646	UBERON:0006331
UBERON:0014646	UBERON:0007414
UBERON:0014646	UBERON:0009661
UBERON:0014647	UBERON:0002749
UBERON:0014648	UBERON:0002749
UBERON:0014649	UBERON:0014891
UBERON:0014649	UBERON:0019262
UBERON:0014650	UBERON:0006568
UBERON:0014663	UBERON:0036177
UBERON:0014664	UBERON:0036177
UBERON:0014665	UBERON:0006568
UBERON:0014666	UBERON:0006568
UBERON:0014667	UBERON:0006568
UBERON:0014668	UBERON:0007729
UBERON:0014668	UBERON:0014677
UBERON:0014670	UBERON:0007731
UBERON:0014670	UBERON:0014679
UBERON:0014671	UBERON:0007732
UBERON:0014671	UBERON:0014680
UBERON:0014672	UBERON:0007725
UBERON:0014672	UBERON:0014677
UBERON:0014674	UBERON:0007727
UBERON:0014674	UBERON:0014679
UBERON:0014675	UBERON:0007728
UBERON:0014675	UBERON:0014680
UBERON:0014677	UBERON:0009768
UBERON:0014679	UBERON:0009768
UBERON:0014680	UBERON:0009768
UBERON:0014682	UBERON:0009678
UBERON:0014683	UBERON:0009679
UBERON:0014683	UBERON:0014682
UBERON:0014684	UBERON:0009679
UBERON:0014684	UBERON:0014682
UBERON:0014685	UBERON:0001593
UBERON:0014685	UBERON:0011362
UBERON:0014686	UBERON:0003496
UBERON:0014686	UBERON:0009141
UBERON:0014687	UBERON:0013118
UBERON:0014689	UBERON:0014687
UBERON:0014690	UBERON:0004450
UBERON:0014691	UBERON:0004450
UBERON:0014692	UBERON:0006356
UBERON:0014693	UBERON:0009654
UBERON:0014694	UBERON:0009655
UBERON:0014694	UBERON:0035398
UBERON:0014695	UBERON:0009655
UBERON:0014696	UBERON:0013151
UBERON:0014697	UBERON:0003496
UBERON:0014697	UBERON:0004573
UBERON:0014697	UBERON:0013151
UBERON:0014697	UBERON:0035508
UBERON:0014698	UBERON:0010305
UBERON:0014699	UBERON:0004582
UBERON:0014699	UBERON:0014701
UBERON:0014701	UBERON:0007798
UBERON:0014702	UBERON:0000490
UBERON:0014702	UBERON:0005291
UBERON:0014703	UBERON:0000490
UBERON:0014703	UBERON:0010371
UBERON:0014704	UBERON:0000464
UBERON:0014705	UBERON:0000490
UBERON:0014705	UBERON:0003929
UBERON:0014705	UBERON:0005291
UBERON:0014705	UBERON:0005911
UBERON:0014706	UBERON:0007501
UBERON:0014706	UBERON:0012275
UBERON:0014707	UBERON:0011657
UBERON:0014707	UBERON:0015212
UBERON:0014708	UBERON:0011665
UBERON:0014708	UBERON:0015212
UBERON:0014709	UBERON:0006598
UBERON:0014710	UBERON:0002050
UBERON:0014711	UBERON:0003104
UBERON:0014711	UBERON:0005291
UBERON:0014712	UBERON:0000483
UBERON:0014712	UBERON:0005291
UBERON:0014716	UBERON:0035050
UBERON:0014717	UBERON:0011858
UBERON:0014719	UBERON:0000058
UBERON:0014720	UBERON:0035050
UBERON:0014725	UBERON:0014719
UBERON:0014726	UBERON:0014725
UBERON:0014727	UBERON:0001837
UBERON:0014727	UBERON:0014725
UBERON:0014729	UBERON:0001837
UBERON:0014729	UBERON:0014719
UBERON:0014730	UBERON:0000064
UBERON:0014731	UBERON:0005744
UBERON:0014732	UBERON:0000062
UBERON:0014733	UBERON:0002616
UBERON:0014734	UBERON:0002616
UBERON:0014735	UBERON:0014734
UBERON:0014736	UBERON:0002616
UBERON:0014738	UBERON:0002616
UBERON:0014740	UBERON:0002616
UBERON:0014741	UBERON:0002616
UBERON:0014742	UBERON:0009663
UBERON:0014751	UBERON:0002616
UBERON:0014752	UBERON:0002616
UBERON:0014753	UBERON:0002616
UBERON:0014754	UBERON:0002616
UBERON:0014755	UBERON:0002616
UBERON:0014756	UBERON:0007245
UBERON:0014756	UBERON:0011300
UBERON:0014757	UBERON:0002616
UBERON:0014758	UBERON:0002616
UBERON:0014759	UBERON:0002616
UBERON:0014760	UBERON:0009050
UBERON:0014761	UBERON:0007702
UBERON:0014762	UBERON:0013586
UBERON:0014763	UBERON:0013588
UBERON:0014763	UBERON:0014762
UBERON:0014764	UBERON:0006800
UBERON:0014765	UBERON:0000063
UBERON:0014766	UBERON:0014765
UBERON:0014766	UBERON:0015212
UBERON:0014767	UBERON:0014765
UBERON:0014767	UBERON:0015212
UBERON:0014768	UBERON:0014769
UBERON:0014769	UBERON:0003496
UBERON:0014769	UBERON:0009141
UBERON:0014770	UBERON:0001637
UBERON:0014770	UBERON:0003496
UBERON:0014772	UBERON:0014770
UBERON:0014773	UBERON:0014770
UBERON:0014775	UBERON:0004731
UBERON:0014776	UBERON:0004731
UBERON:0014777	UBERON:0004731
UBERON:0014778	UBERON:0000061
UBERON:0014779	UBERON:0000363
UBERON:0014780	UBERON:0006614
UBERON:0014781	UBERON:0000483
UBERON:0014781	UBERON:0005291
UBERON:0014782	UBERON:0000481
UBERON:0014783	UBERON:0001630
UBERON:0014783	UBERON:0013765
UBERON:0014784	UBERON:0014783
UBERON:0014785	UBERON:0014783
UBERON:0014786	UBERON:0001638
UBERON:0014786	UBERON:0004120
UBERON:0014787	UBERON:0014786
UBERON:0014787	UBERON:0015212
UBERON:0014788	UBERON:0014786
UBERON:0014788	UBERON:0015212
UBERON:0014789	UBERON:0001638
UBERON:0014790	UBERON:0003037
UBERON:0014791	UBERON:0004474
UBERON:0014792	UBERON:0001015
UBERON:0014793	UBERON:0001015
UBERON:0014794	UBERON:0010891
UBERON:0014795	UBERON:0010890
UBERON:0014796	UBERON:0000481
UBERON:0014797	UBERON:0001630
UBERON:0014798	UBERON:0002380
UBERON:0014799	UBERON:0002380
UBERON:0014800	UBERON:0002380
UBERON:0014800	UBERON:0034908
UBERON:0014801	UBERON:4200047
UBERON:0014802	UBERON:0014801
UBERON:0014803	UBERON:0014801
UBERON:0014804	UBERON:0014801
UBERON:0014805	UBERON:0014801
UBERON:0014835	UBERON:0001630
UBERON:0014836	UBERON:0004164
UBERON:0014837	UBERON:0001495
UBERON:0014838	UBERON:0001495
UBERON:0014840	UBERON:0001482
UBERON:0014840	UBERON:0008196
UBERON:0014842	UBERON:0014892
UBERON:0014847	UBERON:0001377
UBERON:0014848	UBERON:0000043
UBERON:0014848	UBERON:0003589
UBERON:0014849	UBERON:0009002
UBERON:0014850	UBERON:0009002
UBERON:0014851	UBERON:0005994
UBERON:0014852	UBERON:0005994
UBERON:0014853	UBERON:0007151
UBERON:0014854	UBERON:0007151
UBERON:0014855	UBERON:0007151
UBERON:0014856	UBERON:0000105
UBERON:0014857	UBERON:0000105
UBERON:0014858	UBERON:0000105
UBERON:0014859	UBERON:0014858
UBERON:0014860	UBERON:0000105
UBERON:0014861	UBERON:0000105
UBERON:0014862	UBERON:0000105
UBERON:0014863	UBERON:0000105
UBERON:0014864	UBERON:0000069
UBERON:0014870	UBERON:0006271
UBERON:0014871	UBERON:0014876
UBERON:0014872	UBERON:0014876
UBERON:0014873	UBERON:0014876
UBERON:0014874	UBERON:0014876
UBERON:0014875	UBERON:0014876
UBERON:0014876	UBERON:0011976
UBERON:0014876	UBERON:0013122
UBERON:0014876	UBERON:0014887
UBERON:0014881	UBERON:0014886
UBERON:0014882	UBERON:0014886
UBERON:0014883	UBERON:0014886
UBERON:0014884	UBERON:0014886
UBERON:0014885	UBERON:0014886
UBERON:0014886	UBERON:0004409
UBERON:0014886	UBERON:0011979
UBERON:0014886	UBERON:0014887
UBERON:0014887	UBERON:0004448
UBERON:0014888	UBERON:0003663
UBERON:0014889	UBERON:0002245
UBERON:0014890	UBERON:0002245
UBERON:0014891	UBERON:0003544
UBERON:0014892	UBERON:0001630
UBERON:0014895	UBERON:0005090
UBERON:0014896	UBERON:0014895
UBERON:0014897	UBERON:0014895
UBERON:0014898	UBERON:0005913
UBERON:0014899	UBERON:0011088
UBERON:0014903	UBERON:0001048
UBERON:0014904	UBERON:0002016
UBERON:0014907	UBERON:0001981
UBERON:0014907	UBERON:0004120
UBERON:0014908	UBERON:0002616
UBERON:0014912	UBERON:0002616
UBERON:0014913	UBERON:0002616
UBERON:0014914	UBERON:0000119
UBERON:0014914	UBERON:0005156
UBERON:0014915	UBERON:0007702
UBERON:0014916	UBERON:0013765
UBERON:0014916	UBERON:0015212
UBERON:0014916	UBERON:0034681
UBERON:0014917	UBERON:0004590
UBERON:0014918	UBERON:0002616
UBERON:0014930	UBERON:0000464
UBERON:0014931	UBERON:0015249
UBERON:0014932	UBERON:0002316
UBERON:0014933	UBERON:0003528
UBERON:0014935	UBERON:0014950
UBERON:0014936	UBERON:0014950
UBERON:0014940	UBERON:0014950
UBERON:0014950	UBERON:0005423
UBERON:0014951	UBERON:0002616
UBERON:0015001	UBERON:0015021
UBERON:0015002	UBERON:0015021
UBERON:0015003	UBERON:0015021
UBERON:0015004	UBERON:0015022
UBERON:0015007	UBERON:0005174
UBERON:0015007	UBERON:0010913
UBERON:0015008	UBERON:0005174
UBERON:0015008	UBERON:0005181
UBERON:0015008	UBERON:0010913
UBERON:0015009	UBERON:0005173
UBERON:0015009	UBERON:0005174
UBERON:0015009	UBERON:0010913
UBERON:0015010	UBERON:0005174
UBERON:0015010	UBERON:0005179
UBERON:0015010	UBERON:0010913
UBERON:0015011	UBERON:0015022
UBERON:0015012	UBERON:0015022
UBERON:0015012	UBERON:0015063
UBERON:0015013	UBERON:0015022
UBERON:0015014	UBERON:0015050
UBERON:0015015	UBERON:0010363
UBERON:0015016	UBERON:0035130
UBERON:0015017	UBERON:0035130
UBERON:0015018	UBERON:0035130
UBERON:0015019	UBERON:0010363
UBERON:0015021	UBERON:0015061
UBERON:0015022	UBERON:0015061
UBERON:0015023	UBERON:0015063
UBERON:0015024	UBERON:0015021
UBERON:0015024	UBERON:0015023
UBERON:0015025	UBERON:0015024
UBERON:0015026	UBERON:0015024
UBERON:0015027	UBERON:0015024
UBERON:0015028	UBERON:0015024
UBERON:0015029	UBERON:0015024
UBERON:0015030	UBERON:0015022
UBERON:0015030	UBERON:0015023
UBERON:0015031	UBERON:0015030
UBERON:0015032	UBERON:0015030
UBERON:0015033	UBERON:0015030
UBERON:0015034	UBERON:0015030
UBERON:0015035	UBERON:0015030
UBERON:0015036	UBERON:0015022
UBERON:0015036	UBERON:0015063
UBERON:0015037	UBERON:0015036
UBERON:0015038	UBERON:0015036
UBERON:0015039	UBERON:0015036
UBERON:0015040	UBERON:0015036
UBERON:0015041	UBERON:0015036
UBERON:0015042	UBERON:0015021
UBERON:0015042	UBERON:0015063
UBERON:0015043	UBERON:0015042
UBERON:0015044	UBERON:0015042
UBERON:0015045	UBERON:0015042
UBERON:0015046	UBERON:0015042
UBERON:0015047	UBERON:0015042
UBERON:0015048	UBERON:0010363
UBERON:0015049	UBERON:0015021
UBERON:0015049	UBERON:0015063
UBERON:0015050	UBERON:0015022
UBERON:0015050	UBERON:0015063
UBERON:0015051	UBERON:0010363
UBERON:0015052	UBERON:0015022
UBERON:0015053	UBERON:0015021
UBERON:0015054	UBERON:0005179
UBERON:0015054	UBERON:0010363
UBERON:0015055	UBERON:0005179
UBERON:0015055	UBERON:0010363
UBERON:0015056	UBERON:0005179
UBERON:0015056	UBERON:0010363
UBERON:0015057	UBERON:0010363
UBERON:0015058	UBERON:0010363
UBERON:0015059	UBERON:0010363
UBERON:0015060	UBERON:0010363
UBERON:0015061	UBERON:0010363
UBERON:0015062	UBERON:0005856
UBERON:0015063	UBERON:0015061
UBERON:0015064	UBERON:0010881
UBERON:0015064	UBERON:0015063
UBERON:0015067	UBERON:0015063
UBERON:0015068	UBERON:0015049
UBERON:0015068	UBERON:0018099
UBERON:0015069	UBERON:0015068
UBERON:0015069	UBERON:0018100
UBERON:0015069	UBERON:0035128
UBERON:0015077	UBERON:0015064
UBERON:0015077	UBERON:0015067
UBERON:0015078	UBERON:0015049
UBERON:0015078	UBERON:0017750
UBERON:0015079	UBERON:0015078
UBERON:0015079	UBERON:0017751
UBERON:0015079	UBERON:0035128
UBERON:0015080	UBERON:0010884
UBERON:0015080	UBERON:0015078
UBERON:0015081	UBERON:0015050
UBERON:0015081	UBERON:0017750
UBERON:0015082	UBERON:0015081
UBERON:0015082	UBERON:0017751
UBERON:0015082	UBERON:0035129
UBERON:0015083	UBERON:0010886
UBERON:0015083	UBERON:0015081
UBERON:0015084	UBERON:0015049
UBERON:0015085	UBERON:0015084
UBERON:0015085	UBERON:0035128
UBERON:0015086	UBERON:0010884
UBERON:0015086	UBERON:0015084
UBERON:0015087	UBERON:0015049
UBERON:0015088	UBERON:0015087
UBERON:0015088	UBERON:0035128
UBERON:0015089	UBERON:0010884
UBERON:0015089	UBERON:0015087
UBERON:0015090	UBERON:0015049
UBERON:0015091	UBERON:0015090
UBERON:0015091	UBERON:0035128
UBERON:0015092	UBERON:0010884
UBERON:0015092	UBERON:0015090
UBERON:0015093	UBERON:0015049
UBERON:0015094	UBERON:0015093
UBERON:0015094	UBERON:0035128
UBERON:0015095	UBERON:0010884
UBERON:0015095	UBERON:0015093
UBERON:0015096	UBERON:0015049
UBERON:0015097	UBERON:0015096
UBERON:0015097	UBERON:0035128
UBERON:0015098	UBERON:0010884
UBERON:0015098	UBERON:0015096
UBERON:0015099	UBERON:0015050
UBERON:0015099	UBERON:0018099
UBERON:0015100	UBERON:0015099
UBERON:0015100	UBERON:0018100
UBERON:0015100	UBERON:0035129
UBERON:0015101	UBERON:0010886
UBERON:0015101	UBERON:0015099
UBERON:0015101	UBERON:0018101
UBERON:0015102	UBERON:0015099
UBERON:0015103	UBERON:0015100
UBERON:0015103	UBERON:0015102
UBERON:0015104	UBERON:0015101
UBERON:0015104	UBERON:0015102
UBERON:0015105	UBERON:0015099
UBERON:0015106	UBERON:0015100
UBERON:0015106	UBERON:0015105
UBERON:0015107	UBERON:0015101
UBERON:0015107	UBERON:0015105
UBERON:0015108	UBERON:0015099
UBERON:0015109	UBERON:0015100
UBERON:0015109	UBERON:0015108
UBERON:0015110	UBERON:0015101
UBERON:0015110	UBERON:0015108
UBERON:0015111	UBERON:0015099
UBERON:0015112	UBERON:0015100
UBERON:0015112	UBERON:0015111
UBERON:0015113	UBERON:0015101
UBERON:0015113	UBERON:0015111
UBERON:0015114	UBERON:0015099
UBERON:0015115	UBERON:0015100
UBERON:0015115	UBERON:0015114
UBERON:0015116	UBERON:0015101
UBERON:0015116	UBERON:0015114
UBERON:0015117	UBERON:0004121
UBERON:0015117	UBERON:0014532
UBERON:0015119	UBERON:0000062
UBERON:0015120	UBERON:0006726
UBERON:0015121	UBERON:0006726
UBERON:0015122	UBERON:0006800
UBERON:0015125	UBERON:0009966
UBERON:0015126	UBERON:0009966
UBERON:0015127	UBERON:0009966
UBERON:0015128	UBERON:0001136
UBERON:0015128	UBERON:0007188
UBERON:0015129	UBERON:0003837
UBERON:0015129	UBERON:0035814
UBERON:0015130	UBERON:0005156
UBERON:0015130	UBERON:0011822
UBERON:0015131	UBERON:0015130
UBERON:0015132	UBERON:0001765
UBERON:0015133	UBERON:0001765
UBERON:0015134	UBERON:0001765
UBERON:0015135	UBERON:0001765
UBERON:0015136	UBERON:0001765
UBERON:0015137	UBERON:0001765
UBERON:0015138	UBERON:0001765
UBERON:0015139	UBERON:0000064
UBERON:0015142	UBERON:0003427
UBERON:0015142	UBERON:0005291
UBERON:0015142	UBERON:0015143
UBERON:0015143	UBERON:0003916
UBERON:0015144	UBERON:0037459
UBERON:0015145	UBERON:0015144
UBERON:0015146	UBERON:0015144
UBERON:0015147	UBERON:0022279
UBERON:0015148	UBERON:0001037
UBERON:0015149	UBERON:0001037
UBERON:0015150	UBERON:0001037
UBERON:0015151	UBERON:0000058
UBERON:0015152	UBERON:0002530
UBERON:0015153	UBERON:0015152
UBERON:0015154	UBERON:0015152
UBERON:0015155	UBERON:0000464
UBERON:0015156	UBERON:0001637
UBERON:0015157	UBERON:0001637
UBERON:0015158	UBERON:0001637
UBERON:0015160	UBERON:0001637
UBERON:0015161	UBERON:0011779
UBERON:0015162	UBERON:0003437
UBERON:0015162	UBERON:0011779
UBERON:0015165	UBERON:0000970
UBERON:0015169	UBERON:0000957
UBERON:0015170	UBERON:0000970
UBERON:0015171	UBERON:0001637
UBERON:0015171	UBERON:0015172
UBERON:0015172	UBERON:0001981
UBERON:0015172	UBERON:0005156
UBERON:0015173	UBERON:0015177
UBERON:0015174	UBERON:0015177
UBERON:0015174	UBERON:0036269
UBERON:0015177	UBERON:0001637
UBERON:0015177	UBERON:0005156
UBERON:0015178	UBERON:0007651
UBERON:0015179	UBERON:0000483
UBERON:0015180	UBERON:0018664
UBERON:0015181	UBERON:0001560
UBERON:0015189	UBERON:0013141
UBERON:0015202	UBERON:0015229
UBERON:0015203	UBERON:0034923
UBERON:0015204	UBERON:0015203
UBERON:0015212	UBERON:0000061
UBERON:0015213	UBERON:0002365
UBERON:0015214	UBERON:0000211
UBERON:0015214	UBERON:0005181
UBERON:0015215	UBERON:0015214
UBERON:0015216	UBERON:0002553
UBERON:0015219	UBERON:0015216
UBERON:0015220	UBERON:0015216
UBERON:0015221	UBERON:0015216
UBERON:0015222	UBERON:0015216
UBERON:0015223	UBERON:0015216
UBERON:0015224	UBERON:0004111
UBERON:0015225	UBERON:0004111
UBERON:0015226	UBERON:0002099
UBERON:0015227	UBERON:0000025
UBERON:0015227	UBERON:0000055
UBERON:0015227	UBERON:0007100
UBERON:0015228	UBERON:0003103
UBERON:0015229	UBERON:0015228
UBERON:0015230	UBERON:0007100
UBERON:0015231	UBERON:0000055
UBERON:0015231	UBERON:0004120
UBERON:0015232	UBERON:0006562
UBERON:0015232	UBERON:0013765
UBERON:0015233	UBERON:0007692
UBERON:0015234	UBERON:0007692
UBERON:0015238	UBERON:0000477
UBERON:0015241	UBERON:0003103
UBERON:0015243	UBERON:0013515
UBERON:0015244	UBERON:0004001
UBERON:0015245	UBERON:0010001
UBERON:0015246	UBERON:0015245
UBERON:0015247	UBERON:0000064
UBERON:0015249	UBERON:0015790
UBERON:0015250	UBERON:0034763
UBERON:0015251	UBERON:0001821
UBERON:0015252	UBERON:0002073
UBERON:0015280	UBERON:0007324
UBERON:0015280	UBERON:0015212
UBERON:0015281	UBERON:0007324
UBERON:0015281	UBERON:0015212
UBERON:0015329	UBERON:0005769
UBERON:0015350	UBERON:0001637
UBERON:0015410	UBERON:0005178
UBERON:0015418	UBERON:0003104
UBERON:0015420	UBERON:0003978
UBERON:0015423	UBERON:0005171
UBERON:0015430	UBERON:0001630
UBERON:0015432	UBERON:0004001
UBERON:0015433	UBERON:0003614
UBERON:0015445	UBERON:0001837
UBERON:0015453	UBERON:0000029
UBERON:0015454	UBERON:0003586
UBERON:0015454	UBERON:0003916
UBERON:0015455	UBERON:0001143
UBERON:0015458	UBERON:0003593
UBERON:0015458	UBERON:0003916
UBERON:0015469	UBERON:0000029
UBERON:0015472	UBERON:0000029
UBERON:0015472	UBERON:0005178
UBERON:0015472	UBERON:0007644
UBERON:0015474	UBERON:8480025
UBERON:0015476	UBERON:1000021
UBERON:0015477	UBERON:0003916
UBERON:0015479	UBERON:8480029
UBERON:0015480	UBERON:0001193
UBERON:0015481	UBERON:0001193
UBERON:0015481	UBERON:0015796
UBERON:0015482	UBERON:0001193
UBERON:0015482	UBERON:0015796
UBERON:0015484	UBERON:0009200
UBERON:0015484	UBERON:0019204
UBERON:0015485	UBERON:1100000
UBERON:0015488	UBERON:0003431
UBERON:0015510	UBERON:0002437
UBERON:0015593	UBERON:0000200
UBERON:0015599	UBERON:0002616
UBERON:0015703	UBERON:0002437
UBERON:0015704	UBERON:0017640
UBERON:0015708	UBERON:0002437
UBERON:0015716	UBERON:0001278
UBERON:0015716	UBERON:0014703
UBERON:0015717	UBERON:0001135
UBERON:0015717	UBERON:0005156
UBERON:0015751	UBERON:0003386
UBERON:0015757	UBERON:0000479
UBERON:0015760	UBERON:0000486
UBERON:0015764	UBERON:0002521
UBERON:0015764	UBERON:0007845
UBERON:0015766	UBERON:0004809
UBERON:0015766	UBERON:0010371
UBERON:0015766	UBERON:0034969
UBERON:0015777	UBERON:0004787
UBERON:0015777	UBERON:0005911
UBERON:0015777	UBERON:0016510
UBERON:0015783	UBERON:0001135
UBERON:0015784	UBERON:0000058
UBERON:0015785	UBERON:0011858
UBERON:0015786	UBERON:0001826
UBERON:0015787	UBERON:0004111
UBERON:0015788	UBERON:0015787
UBERON:0015789	UBERON:0002376
UBERON:0015790	UBERON:0001419
UBERON:0015791	UBERON:0003587
UBERON:0015792	UBERON:0001328
UBERON:0015793	UBERON:0013199
UBERON:0015793	UBERON:0016536
UBERON:0015793	UBERON:0016555
UBERON:0015794	UBERON:0002339
UBERON:0015794	UBERON:0003365
UBERON:0015795	UBERON:0002339
UBERON:0015795	UBERON:0003364
UBERON:0015796	UBERON:0003497
UBERON:0015800	UBERON:0016536
UBERON:0015800	UBERON:0016555
UBERON:0015807	UBERON:0019304
UBERON:0015808	UBERON:0019304
UBERON:0015813	UBERON:0015807
UBERON:0015814	UBERON:0015807
UBERON:0015828	UBERON:0004130
UBERON:0015829	UBERON:0011215
UBERON:0015829	UBERON:0022303
UBERON:0015833	UBERON:0003929
UBERON:0015834	UBERON:0001238
UBERON:0015837	UBERON:0001754
UBERON:0015838	UBERON:0001754
UBERON:0015839	UBERON:0003843
UBERON:0015840	UBERON:0003355
UBERON:0015840	UBERON:0004825
UBERON:0015841	UBERON:0004825
UBERON:0015841	UBERON:0015839
UBERON:0015842	UBERON:0005176
UBERON:0015843	UBERON:0005176
UBERON:0015844	UBERON:0001763
UBERON:0015846	UBERON:0003856
UBERON:0015847	UBERON:0003450
UBERON:0015847	UBERON:0015212
UBERON:0015848	UBERON:0001098
UBERON:0015848	UBERON:0010879
UBERON:0015849	UBERON:0003674
UBERON:0015849	UBERON:0010879
UBERON:0015850	UBERON:0015847
UBERON:0015850	UBERON:0015848
UBERON:0015851	UBERON:0003450
UBERON:0015851	UBERON:0015212
UBERON:0015851	UBERON:0015848
UBERON:0015852	UBERON:0003450
UBERON:0015852	UBERON:0015848
UBERON:0015853	UBERON:0003566
UBERON:0015853	UBERON:0015837
UBERON:0015854	UBERON:0006800
UBERON:0015855	UBERON:0002050
UBERON:0015857	UBERON:0000029
UBERON:0015857	UBERON:0015870
UBERON:0015859	UBERON:0015860
UBERON:0015860	UBERON:0002507
UBERON:0015863	UBERON:0015860
UBERON:0015865	UBERON:0015860
UBERON:0015866	UBERON:0015860
UBERON:0015867	UBERON:0015860
UBERON:0015868	UBERON:0015860
UBERON:0015869	UBERON:0012311
UBERON:0015870	UBERON:0000029
UBERON:0015871	UBERON:0015870
UBERON:0015872	UBERON:0015871
UBERON:0015873	UBERON:0001512
UBERON:0015875	UBERON:0005445
UBERON:0015876	UBERON:0000029
UBERON:0015876	UBERON:0005179
UBERON:0015877	UBERON:0015876
UBERON:0015878	UBERON:0015877
UBERON:0015880	UBERON:0015877
UBERON:0015881	UBERON:0015877
UBERON:0015881	UBERON:8470001
UBERON:0015883	UBERON:0015877
UBERON:0015884	UBERON:0015877
UBERON:0015885	UBERON:0000064
UBERON:0015886	UBERON:0000479
UBERON:0015895	UBERON:0009006
UBERON:0015917	UBERON:0000029
UBERON:0015918	UBERON:0000029
UBERON:0015922	UBERON:0015871
UBERON:0015923	UBERON:0015857
UBERON:0015923	UBERON:0015917
UBERON:0015925	UBERON:0015917
UBERON:0015925	UBERON:0035080
UBERON:0015926	UBERON:0015870
UBERON:0016374	UBERON:0000029
UBERON:0016374	UBERON:0016398
UBERON:0016378	UBERON:0000029
UBERON:0016382	UBERON:0002429
UBERON:0016386	UBERON:0000029
UBERON:0016390	UBERON:0000029
UBERON:0016391	UBERON:0000029
UBERON:0016392	UBERON:0015870
UBERON:0016393	UBERON:0015857
UBERON:0016393	UBERON:0015918
UBERON:0016394	UBERON:0016393
UBERON:0016395	UBERON:0016393
UBERON:0016396	UBERON:0016393
UBERON:0016397	UBERON:0015870
UBERON:0016398	UBERON:0000029
UBERON:0016399	UBERON:0000029
UBERON:0016400	UBERON:0003577
UBERON:0016400	UBERON:0003916
UBERON:0016401	UBERON:0015860
UBERON:0016401	UBERON:0017672
UBERON:0016402	UBERON:0039168
UBERON:0016403	UBERON:0000060
UBERON:0016404	UBERON:0001067
UBERON:0016405	UBERON:0003512
UBERON:0016405	UBERON:0003526
UBERON:0016408	UBERON:0000064
UBERON:0016408	UBERON:0005156
UBERON:0016409	UBERON:0000064
UBERON:0016409	UBERON:0005156
UBERON:0016410	UBERON:0000310
UBERON:0016412	UBERON:0005913
UBERON:0016413	UBERON:0002484
UBERON:0016416	UBERON:0000475
UBERON:0016418	UBERON:0006983
UBERON:0016419	UBERON:0005913
UBERON:0016422	UBERON:0001439
UBERON:0016422	UBERON:0005808
UBERON:0016423	UBERON:0001439
UBERON:0016423	UBERON:0005808
UBERON:0016425	UBERON:0002516
UBERON:0016425	UBERON:0004268
UBERON:0016425	UBERON:0007390
UBERON:0016426	UBERON:0007732
UBERON:0016426	UBERON:0009767
UBERON:0016430	UBERON:0003433
UBERON:0016435	UBERON:0000060
UBERON:0016440	UBERON:0005913
UBERON:0016442	UBERON:0035127
UBERON:0016446	UBERON:0001037
UBERON:0016447	UBERON:0001037
UBERON:0016452	UBERON:0016944
UBERON:0016452	UBERON:0017270
UBERON:0016452	UBERON:0018613
UBERON:0016453	UBERON:0016943
UBERON:0016453	UBERON:0017270
UBERON:0016453	UBERON:0018614
UBERON:0016454	UBERON:0018603
UBERON:0016454	UBERON:0019253
UBERON:0016455	UBERON:0018604
UBERON:0016455	UBERON:0019253
UBERON:0016458	UBERON:0000161
UBERON:0016459	UBERON:0019210
UBERON:0016462	UBERON:1000021
UBERON:0016464	UBERON:0000064
UBERON:0016466	UBERON:0000481
UBERON:0016467	UBERON:0000481
UBERON:0016475	UBERON:1000021
UBERON:0016476	UBERON:0001098
UBERON:0016476	UBERON:0007115
UBERON:0016477	UBERON:0004529
UBERON:0016478	UBERON:0003891
UBERON:0016479	UBERON:0003893
UBERON:0016480	UBERON:0016478
UBERON:0016481	UBERON:0000029
UBERON:0016482	UBERON:0000463
UBERON:0016484	UBERON:0016482
UBERON:0016485	UBERON:0016482
UBERON:0016486	UBERON:0000051
UBERON:0016487	UBERON:0000051
UBERON:0016490	UBERON:0007037
UBERON:0016491	UBERON:0004765
UBERON:0016492	UBERON:0013685
UBERON:0016493	UBERON:0003662
UBERON:0016496	UBERON:0000043
UBERON:0016496	UBERON:0003575
UBERON:0016497	UBERON:0005055
UBERON:0016497	UBERON:0009978
UBERON:0016498	UBERON:1100000
UBERON:0016499	UBERON:0007652
UBERON:0016500	UBERON:0006912
UBERON:0016501	UBERON:0001203
UBERON:0016502	UBERON:0000464
UBERON:0016504	UBERON:0000161
UBERON:0016505	UBERON:0002050
UBERON:0016508	UBERON:0003964
UBERON:0016509	UBERON:0035763
UBERON:0016510	UBERON:0002325
UBERON:0016511	UBERON:8600138
UBERON:0016512	UBERON:0000464
UBERON:0016513	UBERON:0035763
UBERON:0016514	UBERON:0035763
UBERON:0016515	UBERON:0006660
UBERON:0016516	UBERON:0002326
UBERON:0016517	UBERON:0000464
UBERON:0016519	UBERON:0001210
UBERON:0016520	UBERON:0002325
UBERON:0016522	UBERON:0035763
UBERON:0016524	UBERON:0005156
UBERON:0016524	UBERON:0006660
UBERON:0016525	UBERON:0016526
UBERON:0016526	UBERON:0000064
UBERON:0016527	UBERON:0002437
UBERON:0016528	UBERON:0016527
UBERON:0016529	UBERON:0005401
UBERON:0016530	UBERON:0016529
UBERON:0016531	UBERON:0016527
UBERON:0016534	UBERON:0016527
UBERON:0016535	UBERON:0016527
UBERON:0016536	UBERON:0016527
UBERON:0016538	UBERON:0016529
UBERON:0016540	UBERON:0016529
UBERON:0016542	UBERON:0016529
UBERON:0016545	UBERON:0000490
UBERON:0016545	UBERON:0003351
UBERON:0016545	UBERON:0005291
UBERON:0016547	UBERON:0000490
UBERON:0016547	UBERON:0003929
UBERON:0016547	UBERON:0005911
UBERON:0016548	UBERON:0022303
UBERON:0016549	UBERON:0022303
UBERON:0016550	UBERON:0011215
UBERON:0016551	UBERON:0016550
UBERON:0016552	UBERON:0000912
UBERON:0016553	UBERON:0000912
UBERON:0016554	UBERON:0003544
UBERON:0016555	UBERON:0011299
UBERON:0016555	UBERON:0013199
UBERON:0016559	UBERON:0001663
UBERON:0016559	UBERON:0035550
UBERON:0016564	UBERON:0001663
UBERON:0016565	UBERON:0003499
UBERON:0016566	UBERON:0036215
UBERON:0016567	UBERON:0005764
UBERON:0016568	UBERON:0000476
UBERON:0016569	UBERON:0000476
UBERON:0016570	UBERON:0011215
UBERON:0016570	UBERON:0022303
UBERON:0016574	UBERON:0016570
UBERON:0016575	UBERON:0016570
UBERON:0016576	UBERON:0016570
UBERON:0016577	UBERON:0016570
UBERON:0016578	UBERON:0016570
UBERON:0016579	UBERON:0016570
UBERON:0016580	UBERON:0016570
UBERON:0016610	UBERON:0002315
UBERON:0016611	UBERON:0000477
UBERON:0016612	UBERON:0000477
UBERON:0016618	UBERON:0011216
UBERON:0016619	UBERON:0007844
UBERON:0016619	UBERON:0013765
UBERON:0016620	UBERON:0006846
UBERON:0016621	UBERON:0000020
UBERON:0016621	UBERON:0013765
UBERON:0016622	UBERON:2001995
UBERON:0016624	UBERON:0011933
UBERON:0016628	UBERON:0010912
UBERON:0016629	UBERON:0010912
UBERON:0016629	UBERON:0015212
UBERON:0016630	UBERON:0034921
UBERON:0016631	UBERON:0002209
UBERON:0016631	UBERON:0003685
UBERON:0016632	UBERON:0013515
UBERON:0016633	UBERON:0002154
UBERON:0016633	UBERON:0007635
UBERON:0016634	UBERON:0002616
UBERON:0016635	UBERON:0007635
UBERON:0016636	UBERON:0002616
UBERON:0016637	UBERON:0002971
UBERON:0016641	UBERON:0002308
UBERON:0016641	UBERON:0006569
UBERON:0016824	UBERON:0016635
UBERON:0016825	UBERON:0016635
UBERON:0016826	UBERON:0007245
UBERON:0016826	UBERON:0019263
UBERON:0016827	UBERON:0007635
UBERON:0016832	UBERON:0007635
UBERON:0016843	UBERON:0007247
UBERON:0016848	UBERON:0007635
UBERON:0016850	UBERON:0011777
UBERON:0016851	UBERON:0013493
UBERON:0016852	UBERON:0002419
UBERON:0016852	UBERON:0011252
UBERON:0016852	UBERON:0019319
UBERON:0016853	UBERON:0016852
UBERON:0016854	UBERON:0000481
UBERON:0016855	UBERON:0000481
UBERON:0016856	UBERON:0002544
UBERON:0016857	UBERON:0002544
UBERON:0016858	UBERON:0002544
UBERON:0016866	UBERON:5002544
UBERON:0016867	UBERON:5002544
UBERON:0016868	UBERON:5002544
UBERON:0016876	UBERON:5102544
UBERON:0016877	UBERON:5102544
UBERON:0016878	UBERON:5102544
UBERON:0016879	UBERON:0006598
UBERON:0016880	UBERON:0006598
UBERON:0016881	UBERON:0013685
UBERON:0016882	UBERON:0001488
UBERON:0016883	UBERON:0000464
UBERON:0016884	UBERON:0000982
UBERON:0016885	UBERON:0003929
UBERON:0016886	UBERON:0002385
UBERON:0016887	UBERON:0000481
UBERON:0016888	UBERON:0005423
UBERON:0016890	UBERON:0013126
UBERON:0016890	UBERON:0015796
UBERON:0016896	UBERON:0002515
UBERON:0016910	UBERON:0036293
UBERON:0016910	UBERON:0036294
UBERON:0016912	UBERON:0005031
UBERON:0016912	UBERON:0016910
UBERON:0016913	UBERON:0005032
UBERON:0016913	UBERON:0016910
UBERON:0016914	UBERON:0005764
UBERON:0016915	UBERON:0000014
UBERON:0016918	UBERON:0016915
UBERON:0016918	UBERON:0018151
UBERON:0016919	UBERON:0016915
UBERON:0016919	UBERON:0018150
UBERON:0016920	UBERON:0013522
UBERON:0016923	UBERON:0013522
UBERON:0016924	UBERON:0013522
UBERON:0016925	UBERON:0013522
UBERON:0016926	UBERON:0010152
UBERON:0016927	UBERON:0000912
UBERON:0016928	UBERON:0001438
UBERON:0016929	UBERON:0006844
UBERON:0016930	UBERON:4100000
UBERON:0016931	UBERON:0016930
UBERON:0016932	UBERON:0016930
UBERON:0016933	UBERON:0016930
UBERON:0016934	UBERON:0016930
UBERON:0016937	UBERON:0016934
UBERON:0016938	UBERON:0016934
UBERON:0016939	UBERON:0016934
UBERON:0016942	UBERON:0005913
UBERON:0016943	UBERON:0003268
UBERON:0016943	UBERON:0007120
UBERON:0016944	UBERON:0003267
UBERON:0016944	UBERON:0007120
UBERON:0017098	UBERON:0017196
UBERON:0017099	UBERON:0017196
UBERON:0017102	UBERON:0017156
UBERON:0017156	UBERON:0000366
UBERON:0017156	UBERON:0003663
UBERON:0017157	UBERON:0002217
UBERON:0017160	UBERON:0000464
UBERON:0017161	UBERON:0000414
UBERON:0017161	UBERON:0005399
UBERON:0017162	UBERON:0005399
UBERON:0017162	UBERON:0012344
UBERON:0017163	UBERON:0005813
UBERON:0017163	UBERON:0013703
UBERON:0017164	UBERON:0012478
UBERON:0017180	UBERON:0005156
UBERON:0017180	UBERON:0012329
UBERON:0017196	UBERON:0001630
UBERON:0017249	UBERON:4100000
UBERON:0017258	UBERON:0005156
UBERON:0017258	UBERON:0034921
UBERON:0017259	UBERON:0000478
UBERON:0017261	UBERON:0011141
UBERON:0017261	UBERON:0013631
UBERON:0017269	UBERON:0007115
UBERON:0017269	UBERON:0007120
UBERON:0017270	UBERON:0007120
UBERON:0017270	UBERON:0007775
UBERON:0017271	UBERON:0016944
UBERON:0017271	UBERON:0017269
UBERON:0017271	UBERON:0018616
UBERON:0017272	UBERON:0016943
UBERON:0017272	UBERON:0017269
UBERON:0017272	UBERON:0018617
UBERON:0017294	UBERON:0004529
UBERON:0017295	UBERON:0016930
UBERON:0017296	UBERON:0017295
UBERON:0017297	UBERON:0017295
UBERON:0017298	UBERON:0013613
UBERON:0017298	UBERON:0017296
UBERON:0017299	UBERON:0013612
UBERON:0017299	UBERON:0017296
UBERON:0017312	UBERON:0013613
UBERON:0017312	UBERON:0017297
UBERON:0017313	UBERON:0013612
UBERON:0017313	UBERON:0017297
UBERON:0017612	UBERON:0013612
UBERON:0017612	UBERON:0017614
UBERON:0017613	UBERON:0013613
UBERON:0017613	UBERON:0017614
UBERON:0017614	UBERON:0017295
UBERON:0017615	UBERON:0003672
UBERON:0017615	UBERON:0010314
UBERON:0017616	UBERON:0001637
UBERON:0017617	UBERON:0001637
UBERON:0017618	UBERON:0011024
UBERON:0017620	UBERON:0008260
UBERON:0017621	UBERON:0017620
UBERON:0017623	UBERON:0010516
UBERON:0017624	UBERON:0004529
UBERON:0017625	UBERON:0002530
UBERON:0017626	UBERON:0000064
UBERON:0017627	UBERON:0003978
UBERON:0017628	UBERON:0002530
UBERON:0017628	UBERON:0005177
UBERON:0017629	UBERON:0010521
UBERON:0017631	UBERON:0000476
UBERON:0017632	UBERON:0017631
UBERON:0017633	UBERON:0017631
UBERON:0017634	UBERON:0001468
UBERON:0017635	UBERON:0003496
UBERON:0017635	UBERON:0005486
UBERON:0017635	UBERON:0015212
UBERON:0017637	UBERON:0017635
UBERON:0017638	UBERON:0017635
UBERON:0017639	UBERON:0002050
UBERON:0017640	UBERON:0005486
UBERON:0017641	UBERON:0001021
UBERON:0017642	UBERON:0001021
UBERON:0017643	UBERON:0005194
UBERON:0017646	UBERON:0001638
UBERON:0017647	UBERON:0002377
UBERON:0017647	UBERON:0008549
UBERON:0017648	UBERON:0000309
UBERON:0017649	UBERON:0000309
UBERON:0017650	UBERON:0005423
UBERON:0017651	UBERON:0001048
UBERON:0017651	UBERON:0006598
UBERON:0017652	UBERON:0002530
UBERON:0017653	UBERON:0001044
UBERON:0017654	UBERON:0000414
UBERON:0017659	UBERON:0036215
UBERON:0017670	UBERON:0016419
UBERON:0017671	UBERON:0016419
UBERON:0017672	UBERON:0002075
UBERON:0017672	UBERON:0005172
UBERON:0017690	UBERON:0005913
UBERON:0017692	UBERON:0005913
UBERON:0017716	UBERON:0034929
UBERON:0017717	UBERON:0034929
UBERON:0017732	UBERON:0004120
UBERON:0017732	UBERON:0005156
UBERON:0017732	UBERON:0034929
UBERON:0017748	UBERON:0003451
UBERON:0017748	UBERON:0016476
UBERON:0017748	UBERON:0018617
UBERON:0017749	UBERON:0034929
UBERON:0017750	UBERON:0015063
UBERON:0017751	UBERON:0015064
UBERON:0017751	UBERON:0017750
UBERON:0018099	UBERON:0015063
UBERON:0018100	UBERON:0015064
UBERON:0018100	UBERON:0018099
UBERON:0018101	UBERON:0010882
UBERON:0018101	UBERON:0018099
UBERON:0018102	UBERON:0003656
UBERON:0018102	UBERON:0018099
UBERON:0018103	UBERON:0000064
UBERON:0018104	UBERON:0000064
UBERON:0018105	UBERON:0000064
UBERON:0018107	UBERON:0000064
UBERON:0018108	UBERON:0001583
UBERON:0018109	UBERON:0001583
UBERON:0018110	UBERON:0001583
UBERON:0018111	UBERON:0011198
UBERON:0018112	UBERON:0004220
UBERON:0018112	UBERON:0004231
UBERON:0018112	UBERON:0016886
UBERON:0018113	UBERON:0005215
UBERON:0018114	UBERON:0005215
UBERON:0018115	UBERON:0001224
UBERON:0018116	UBERON:0001224
UBERON:0018117	UBERON:0005270
UBERON:0018117	UBERON:0018113
UBERON:0018118	UBERON:0005270
UBERON:0018118	UBERON:0018114
UBERON:0018119	UBERON:0005211
UBERON:0018119	UBERON:0018113
UBERON:0018120	UBERON:0005211
UBERON:0018120	UBERON:0018114
UBERON:0018131	UBERON:0003428
UBERON:0018132	UBERON:0003599
UBERON:0018132	UBERON:0003916
UBERON:0018133	UBERON:0006333
UBERON:0018134	UBERON:0015479
UBERON:0018135	UBERON:0011824
UBERON:0018136	UBERON:0004705
UBERON:0018137	UBERON:0004705
UBERON:0018140	UBERON:0009912
UBERON:0018141	UBERON:0002616
UBERON:0018142	UBERON:0005174
UBERON:0018142	UBERON:0010913
UBERON:0018143	UBERON:0001077
UBERON:0018144	UBERON:0002228
UBERON:0018144	UBERON:0003458
UBERON:0018145	UBERON:0002228
UBERON:0018146	UBERON:0001077
UBERON:0018148	UBERON:0006530
UBERON:0018149	UBERON:0010000
UBERON:0018150	UBERON:0001458
UBERON:0018151	UBERON:0001458
UBERON:0018152	UBERON:0000064
UBERON:0018153	UBERON:0000064
UBERON:0018154	UBERON:0000211
UBERON:0018155	UBERON:0008841
UBERON:0018155	UBERON:0018154
UBERON:0018156	UBERON:0008846
UBERON:0018156	UBERON:0018154
UBERON:0018157	UBERON:0018156
UBERON:0018158	UBERON:0018156
UBERON:0018159	UBERON:0018156
UBERON:0018160	UBERON:0004529
UBERON:0018160	UBERON:4100000
UBERON:0018161	UBERON:0008845
UBERON:0018226	UBERON:0011216
UBERON:0018227	UBERON:0003456
UBERON:0018228	UBERON:0002017
UBERON:0018229	UBERON:0011216
UBERON:0018230	UBERON:0004111
UBERON:0018231	UBERON:0001637
UBERON:0018231	UBERON:0003496
UBERON:0018232	UBERON:0000382
UBERON:0018233	UBERON:0013231
UBERON:0018234	UBERON:0003891
UBERON:0018235	UBERON:0003893
UBERON:0018236	UBERON:0018238
UBERON:0018237	UBERON:0000122
UBERON:0018238	UBERON:0007635
UBERON:0018239	UBERON:0007651
UBERON:0018240	UBERON:0008876
UBERON:0018241	UBERON:0000105
UBERON:0018242	UBERON:0005913
UBERON:0018243	UBERON:0001637
UBERON:0018244	UBERON:0009114
UBERON:0018245	UBERON:0009114
UBERON:0018246	UBERON:0001638
UBERON:0018247	UBERON:0018243
UBERON:0018248	UBERON:0018247
UBERON:0018249	UBERON:0018247
UBERON:0018250	UBERON:0003847
UBERON:0018250	UBERON:0035398
UBERON:0018251	UBERON:0001638
UBERON:0018252	UBERON:0009029
UBERON:0018253	UBERON:0009029
UBERON:0018254	UBERON:0000061
UBERON:0018255	UBERON:0001637
UBERON:0018256	UBERON:0001638
UBERON:0018257	UBERON:0000009
UBERON:0018260	UBERON:0004923
UBERON:0018261	UBERON:0006660
UBERON:0018262	UBERON:0000064
UBERON:0018263	UBERON:0002616
UBERON:0018264	UBERON:0002050
UBERON:0018265	UBERON:0005913
UBERON:0018266	UBERON:0003221
UBERON:0018267	UBERON:0005744
UBERON:0018267	UBERON:4200105
UBERON:0018268	UBERON:0018303
UBERON:0018269	UBERON:0018303
UBERON:0018270	UBERON:0018303
UBERON:0018271	UBERON:0018303
UBERON:0018272	UBERON:0003678
UBERON:0018273	UBERON:0005913
UBERON:0018274	UBERON:0018290
UBERON:0018275	UBERON:0018292
UBERON:0018276	UBERON:0003913
UBERON:0018277	UBERON:0001091
UBERON:0018277	UBERON:0018276
UBERON:0018278	UBERON:0018276
UBERON:0018279	UBERON:0006844
UBERON:0018281	UBERON:0017272
UBERON:0018281	UBERON:0018375
UBERON:0018282	UBERON:0003667
UBERON:0018282	UBERON:0018377
UBERON:0018283	UBERON:2001647
UBERON:0018284	UBERON:0016943
UBERON:0018284	UBERON:0018294
UBERON:0018285	UBERON:0016943
UBERON:0018285	UBERON:0018640
UBERON:0018286	UBERON:0018291
UBERON:0018287	UBERON:0018279
UBERON:0018288	UBERON:0006844
UBERON:0018289	UBERON:0016930
UBERON:0018290	UBERON:0016930
UBERON:0018291	UBERON:0016930
UBERON:0018292	UBERON:0016930
UBERON:0018293	UBERON:0016930
UBERON:0018294	UBERON:0007120
UBERON:0018295	UBERON:0016930
UBERON:0018296	UBERON:0001091
UBERON:0018297	UBERON:0002553
UBERON:0018298	UBERON:0006844
UBERON:0018299	UBERON:0003268
UBERON:0018300	UBERON:0018621
UBERON:0018301	UBERON:0017271
UBERON:0018301	UBERON:0018375
UBERON:0018302	UBERON:0003666
UBERON:0018302	UBERON:0018376
UBERON:0018303	UBERON:0000479
UBERON:0018304	UBERON:0010538
UBERON:0018305	UBERON:0036215
UBERON:0018307	UBERON:0004529
UBERON:0018308	UBERON:2002283
UBERON:0018309	UBERON:0000061
UBERON:0018310	UBERON:0007380
UBERON:0018310	UBERON:3000972
UBERON:0018312	UBERON:0002542
UBERON:0018313	UBERON:4300006
UBERON:0018314	UBERON:0006846
UBERON:0018315	UBERON:0010518
UBERON:0018316	UBERON:4200230
UBERON:0018316	UBERON:4300038
UBERON:0018317	UBERON:0008201
UBERON:0018318	UBERON:0008789
UBERON:0018319	UBERON:0000064
UBERON:0018319	UBERON:0005156
UBERON:0018320	UBERON:0001479
UBERON:0018321	UBERON:0013685
UBERON:0018322	UBERON:0003221
UBERON:0018323	UBERON:0004905
UBERON:0018324	UBERON:0018325
UBERON:0018325	UBERON:2105225
UBERON:0018326	UBERON:0005744
UBERON:0018328	UBERON:0004704
UBERON:0018328	UBERON:0010276
UBERON:0018329	UBERON:0005913
UBERON:0018330	UBERON:0004704
UBERON:0018331	UBERON:0002217
UBERON:0018332	UBERON:0005913
UBERON:0018333	UBERON:0003933
UBERON:0018333	UBERON:0013765
UBERON:0018334	UBERON:0009979
UBERON:0018335	UBERON:0003513
UBERON:0018335	UBERON:0004573
UBERON:0018336	UBERON:0005913
UBERON:0018337	UBERON:0009979
UBERON:0018338	UBERON:4200050
UBERON:0018339	UBERON:0006846
UBERON:0018340	UBERON:2002283
UBERON:0018341	UBERON:4100000
UBERON:0018342	UBERON:0003102
UBERON:0018343	UBERON:0019042
UBERON:0018344	UBERON:0006844
UBERON:0018345	UBERON:4100000
UBERON:0018346	UBERON:0005913
UBERON:0018347	UBERON:0000064
UBERON:0018348	UBERON:0004766
UBERON:0018349	UBERON:0006770
UBERON:0018351	UBERON:3000051
UBERON:0018352	UBERON:0002418
UBERON:0018353	UBERON:0009979
UBERON:0018354	UBERON:0000464
UBERON:0018355	UBERON:0000022
UBERON:0018356	UBERON:0013190
UBERON:0018357	UBERON:0008915
UBERON:0018358	UBERON:0004530
UBERON:0018359	UBERON:0005913
UBERON:0018360	UBERON:0005744
UBERON:0018361	UBERON:0004529
UBERON:0018362	UBERON:0017163
UBERON:0018364	UBERON:0005744
UBERON:0018365	UBERON:4100000
UBERON:0018366	UBERON:0001474
UBERON:0018367	UBERON:0004530
UBERON:0018368	UBERON:0004530
UBERON:0018369	UBERON:0010202
UBERON:0018370	UBERON:0010202
UBERON:0018371	UBERON:4200177
UBERON:0018372	UBERON:4200177
UBERON:0018373	UBERON:0013685
UBERON:0018374	UBERON:0000063
UBERON:0018375	UBERON:0017269
UBERON:0018375	UBERON:0018646
UBERON:0018376	UBERON:0003655
UBERON:0018377	UBERON:0003655
UBERON:0018378	UBERON:0000069
UBERON:0018379	UBERON:0002548
UBERON:0018382	UBERON:0002548
UBERON:0018385	UBERON:0002548
UBERON:0018388	UBERON:0002548
UBERON:0018389	UBERON:0012451
UBERON:0018391	UBERON:0018389
UBERON:0018392	UBERON:0004019
UBERON:0018393	UBERON:0004019
UBERON:0018394	UBERON:0018393
UBERON:0018395	UBERON:0018393
UBERON:0018396	UBERON:0018393
UBERON:0018397	UBERON:0001637
UBERON:0018398	UBERON:0011779
UBERON:0018401	UBERON:0018398
UBERON:0018405	UBERON:0011779
UBERON:0018406	UBERON:0001027
UBERON:0018406	UBERON:0011779
UBERON:0018407	UBERON:0013685
UBERON:0018408	UBERON:0011779
UBERON:0018408	UBERON:0022298
UBERON:0018409	UBERON:4200230
UBERON:0018410	UBERON:0006842
UBERON:0018411	UBERON:0005179
UBERON:0018411	UBERON:0008846
UBERON:0018412	UBERON:0011779
UBERON:0018413	UBERON:0013685
UBERON:0018415	UBERON:0013685
UBERON:0018424	UBERON:0013685
UBERON:0018508	UBERON:0013685
UBERON:0018529	UBERON:0005156
UBERON:0018529	UBERON:0006674
UBERON:0018530	UBERON:0005156
UBERON:0018530	UBERON:0006674
UBERON:0018531	UBERON:0013721
UBERON:0018531	UBERON:0018529
UBERON:0018532	UBERON:0013721
UBERON:0018532	UBERON:0018530
UBERON:0018533	UBERON:0000064
UBERON:0018535	UBERON:0000022
UBERON:0018536	UBERON:0018535
UBERON:0018537	UBERON:0000022
UBERON:0018538	UBERON:0000022
UBERON:0018539	UBERON:0000022
UBERON:0018540	UBERON:0013512
UBERON:0018542	UBERON:0005913
UBERON:0018543	UBERON:0000464
UBERON:0018544	UBERON:0001630
UBERON:0018545	UBERON:0011777
UBERON:0018549	UBERON:0000479
UBERON:0018550	UBERON:0001098
UBERON:0018550	UBERON:0007775
UBERON:0018551	UBERON:0001098
UBERON:0018552	UBERON:0001098
UBERON:0018553	UBERON:0016476
UBERON:0018554	UBERON:0015212
UBERON:0018554	UBERON:0016476
UBERON:0018561	UBERON:0018584
UBERON:0018561	UBERON:0018613
UBERON:0018561	UBERON:0018621
UBERON:0018562	UBERON:0018584
UBERON:0018562	UBERON:0018614
UBERON:0018562	UBERON:0018622
UBERON:0018568	UBERON:0018601
UBERON:0018568	UBERON:0018623
UBERON:0018570	UBERON:0018602
UBERON:0018570	UBERON:0018623
UBERON:0018571	UBERON:0016452
UBERON:0018571	UBERON:0018294
UBERON:0018572	UBERON:0016452
UBERON:0018572	UBERON:0018640
UBERON:0018573	UBERON:0016453
UBERON:0018573	UBERON:0018284
UBERON:0018574	UBERON:0016453
UBERON:0018574	UBERON:0018285
UBERON:0018575	UBERON:0013619
UBERON:0018575	UBERON:0018302
UBERON:0018575	UBERON:0018608
UBERON:0018576	UBERON:0013619
UBERON:0018576	UBERON:0018607
UBERON:0018577	UBERON:0013619
UBERON:0018577	UBERON:0018377
UBERON:0018578	UBERON:0013621
UBERON:0018578	UBERON:0018608
UBERON:0018579	UBERON:0013621
UBERON:0018579	UBERON:0018607
UBERON:0018580	UBERON:0013621
UBERON:0018580	UBERON:0018282
UBERON:0018583	UBERON:0003674
UBERON:0018583	UBERON:0007115
UBERON:0018584	UBERON:0003674
UBERON:0018584	UBERON:0007775
UBERON:0018588	UBERON:0013617
UBERON:0018588	UBERON:0018302
UBERON:0018588	UBERON:0018644
UBERON:0018589	UBERON:0013620
UBERON:0018589	UBERON:0018644
UBERON:0018591	UBERON:0003450
UBERON:0018591	UBERON:0016476
UBERON:0018591	UBERON:0018616
UBERON:0018593	UBERON:0018553
UBERON:0018593	UBERON:0018591
UBERON:0018593	UBERON:0018603
UBERON:0018594	UBERON:0018554
UBERON:0018594	UBERON:0018591
UBERON:0018594	UBERON:0018604
UBERON:0018595	UBERON:0017748
UBERON:0018595	UBERON:0018553
UBERON:0018595	UBERON:0018601
UBERON:0018596	UBERON:0017748
UBERON:0018596	UBERON:0018554
UBERON:0018596	UBERON:0018602
UBERON:0018597	UBERON:0018583
UBERON:0018597	UBERON:0018616
UBERON:0018597	UBERON:0018621
UBERON:0018598	UBERON:0018583
UBERON:0018598	UBERON:0018617
UBERON:0018598	UBERON:0018622
UBERON:0018599	UBERON:0013617
UBERON:0018599	UBERON:0018643
UBERON:0018600	UBERON:0013620
UBERON:0018600	UBERON:0018643
UBERON:0018601	UBERON:0003451
UBERON:0018602	UBERON:0003451
UBERON:0018602	UBERON:0015212
UBERON:0018603	UBERON:0003450
UBERON:0018604	UBERON:0003450
UBERON:0018604	UBERON:0015212
UBERON:0018606	UBERON:0003655
UBERON:0018607	UBERON:0013618
UBERON:0018607	UBERON:0018606
UBERON:0018608	UBERON:0013618
UBERON:0018608	UBERON:0018376
UBERON:0018613	UBERON:0003267
UBERON:0018613	UBERON:0007775
UBERON:0018614	UBERON:0003268
UBERON:0018614	UBERON:0007775
UBERON:0018616	UBERON:0003267
UBERON:0018616	UBERON:0007115
UBERON:0018617	UBERON:0003268
UBERON:0018617	UBERON:0007115
UBERON:0018621	UBERON:0003267
UBERON:0018621	UBERON:0003674
UBERON:0018622	UBERON:0003268
UBERON:0018622	UBERON:0003674
UBERON:0018623	UBERON:0003451
UBERON:0018623	UBERON:0018550
UBERON:0018623	UBERON:0018614
UBERON:0018640	UBERON:0007120
UBERON:0018643	UBERON:0013616
UBERON:0018643	UBERON:0018606
UBERON:0018644	UBERON:0013616
UBERON:0018644	UBERON:0018376
UBERON:0018645	UBERON:0010314
UBERON:0018646	UBERON:0007120
UBERON:0018647	UBERON:0007120
UBERON:0018648	UBERON:0016944
UBERON:0018648	UBERON:0018647
UBERON:0018649	UBERON:0004493
UBERON:0018650	UBERON:0000914
UBERON:0018651	UBERON:0013685
UBERON:0018652	UBERON:0000464
UBERON:0018653	UBERON:0013685
UBERON:0018654	UBERON:0013685
UBERON:0018655	UBERON:0005913
UBERON:0018656	UBERON:0001001
UBERON:0018656	UBERON:0018657
UBERON:0018657	UBERON:0000476
UBERON:0018663	UBERON:0000064
UBERON:0018664	UBERON:0001560
UBERON:0018664	UBERON:0005913
UBERON:0018667	UBERON:0018664
UBERON:0018673	UBERON:0005055
UBERON:0018673	UBERON:0018664
UBERON:0018674	UBERON:0002201
UBERON:0018674	UBERON:0006876
UBERON:0018675	UBERON:0003715
UBERON:0018675	UBERON:0004293
UBERON:0018676	UBERON:0001816
UBERON:0018679	UBERON:0003715
UBERON:0018679	UBERON:0003824
UBERON:0018680	UBERON:0018679
UBERON:0018681	UBERON:0018679
UBERON:0018683	UBERON:0003715
UBERON:0018684	UBERON:0003715
UBERON:0018685	UBERON:0000105
UBERON:0018687	UBERON:0005162
UBERON:0018688	UBERON:0000022
UBERON:0018689	UBERON:0018688
UBERON:0018690	UBERON:0013512
UBERON:0018691	UBERON:0034929
UBERON:0018692	UBERON:0034929
UBERON:0018707	UBERON:0000489
UBERON:0018707	UBERON:0009856
UBERON:0019042	UBERON:0000344
UBERON:0019042	UBERON:0005156
UBERON:0019143	UBERON:0001013
UBERON:0019189	UBERON:0001917
UBERON:0019190	UBERON:0000414
UBERON:0019190	UBERON:0005181
UBERON:0019190	UBERON:0036225
UBERON:0019196	UBERON:0001917
UBERON:0019197	UBERON:0003444
UBERON:0019197	UBERON:0035649
UBERON:0019198	UBERON:0003444
UBERON:0019198	UBERON:0035650
UBERON:0019199	UBERON:0000475
UBERON:0019200	UBERON:0001868
UBERON:0019201	UBERON:0004252
UBERON:0019202	UBERON:0019201
UBERON:0019203	UBERON:0019201
UBERON:0019204	UBERON:0000483
UBERON:0019206	UBERON:0002424
UBERON:0019206	UBERON:0003357
UBERON:0019207	UBERON:0000481
UBERON:0019208	UBERON:0019210
UBERON:0019210	UBERON:0034944
UBERON:0019211	UBERON:0000064
UBERON:0019212	UBERON:0000064
UBERON:0019221	UBERON:0002544
UBERON:0019222	UBERON:0002544
UBERON:0019231	UBERON:0002389
UBERON:0019231	UBERON:0019221
UBERON:0019232	UBERON:0002389
UBERON:0019232	UBERON:0019222
UBERON:0019241	UBERON:0001466
UBERON:0019241	UBERON:0019221
UBERON:0019242	UBERON:0001466
UBERON:0019242	UBERON:0019222
UBERON:0019243	UBERON:3000961
UBERON:0019246	UBERON:0019243
UBERON:0019246	UBERON:3000981
UBERON:0019247	UBERON:0019243
UBERON:0019247	UBERON:3000981
UBERON:0019248	UBERON:0000922
UBERON:0019249	UBERON:0019248
UBERON:0019250	UBERON:0019248
UBERON:0019251	UBERON:0019248
UBERON:0019252	UBERON:0019250
UBERON:0019253	UBERON:0003450
UBERON:0019253	UBERON:0018550
UBERON:0019253	UBERON:0018613
UBERON:0019254	UBERON:0001702
UBERON:0019254	UBERON:0010171
UBERON:0019255	UBERON:0001702
UBERON:0019255	UBERON:0010171
UBERON:0019258	UBERON:0003544
UBERON:0019261	UBERON:0003544
UBERON:0019262	UBERON:0019258
UBERON:0019263	UBERON:0003528
UBERON:0019264	UBERON:0003528
UBERON:0019267	UBERON:0003528
UBERON:0019269	UBERON:0019264
UBERON:0019272	UBERON:0014776
UBERON:0019274	UBERON:0014776
UBERON:0019275	UBERON:0002616
UBERON:0019278	UBERON:0002616
UBERON:0019279	UBERON:0002616
UBERON:0019280	UBERON:0000200
UBERON:0019283	UBERON:0016536
UBERON:0019283	UBERON:0016555
UBERON:0019284	UBERON:0001892
UBERON:0019285	UBERON:0001892
UBERON:0019286	UBERON:0001892
UBERON:0019289	UBERON:0004001
UBERON:0019290	UBERON:0004001
UBERON:0019291	UBERON:0019258
UBERON:0019292	UBERON:0014891
UBERON:0019292	UBERON:0019291
UBERON:0019293	UBERON:0019292
UBERON:0019294	UBERON:0005970
UBERON:0019295	UBERON:0015233
UBERON:0019303	UBERON:0013118
UBERON:0019304	UBERON:0000483
UBERON:0019306	UBERON:0019304
UBERON:0019307	UBERON:0012329
UBERON:0019307	UBERON:0019306
UBERON:0019308	UBERON:0009663
UBERON:0019310	UBERON:0006843
UBERON:0019311	UBERON:0002211
UBERON:0019312	UBERON:0009050
UBERON:0019314	UBERON:0009662
UBERON:0019315	UBERON:0001866
UBERON:0019319	UBERON:0002365
UBERON:0019319	UBERON:0003297
UBERON:0019320	UBERON:0009569
UBERON:0019324	UBERON:0001817
UBERON:0019325	UBERON:0001817
UBERON:0019326	UBERON:0009912
UBERON:0019327	UBERON:0019326
UBERON:0019328	UBERON:0019326
UBERON:0020358	UBERON:0000126
UBERON:0020358	UBERON:0006331
UBERON:0020358	UBERON:0007635
UBERON:0020550	UBERON:0001981
UBERON:0022229	UBERON:0009663
UBERON:0022230	UBERON:0000481
UBERON:0022230	UBERON:0002616
UBERON:0022232	UBERON:0035014
UBERON:0022232	UBERON:8440011
UBERON:0022234	UBERON:0016536
UBERON:0022234	UBERON:0016555
UBERON:0022235	UBERON:0003931
UBERON:0022235	UBERON:0007417
UBERON:0022236	UBERON:0022235
UBERON:0022237	UBERON:0011299
UBERON:0022237	UBERON:0022236
UBERON:0022241	UBERON:0022236
UBERON:0022242	UBERON:0022236
UBERON:0022243	UBERON:0022236
UBERON:0022244	UBERON:0007193
UBERON:0022246	UBERON:0022248
UBERON:0022247	UBERON:0005838
UBERON:0022248	UBERON:0005838
UBERON:0022250	UBERON:0034754
UBERON:0022252	UBERON:0008334
UBERON:0022252	UBERON:0014639
UBERON:0022254	UBERON:0005838
UBERON:0022256	UBERON:0005838
UBERON:0022258	UBERON:0002308
UBERON:0022258	UBERON:0009662
UBERON:0022259	UBERON:0002316
UBERON:0022260	UBERON:0002437
UBERON:0022260	UBERON:0022259
UBERON:0022262	UBERON:0022260
UBERON:0022264	UBERON:0022260
UBERON:0022268	UBERON:0000481
UBERON:0022268	UBERON:0002616
UBERON:0022271	UBERON:0000122
UBERON:0022271	UBERON:0011215
UBERON:0022272	UBERON:0007702
UBERON:0022273	UBERON:0000064
UBERON:0022274	UBERON:0000064
UBERON:0022275	UBERON:0000064
UBERON:0022276	UBERON:0022275
UBERON:0022277	UBERON:0022275
UBERON:0022278	UBERON:0011777
UBERON:0022279	UBERON:0016446
UBERON:0022280	UBERON:0001902
UBERON:0022280	UBERON:0011184
UBERON:0022281	UBERON:0001278
UBERON:0022281	UBERON:0011184
UBERON:0022282	UBERON:0000456
UBERON:0022283	UBERON:0002553
UBERON:0022284	UBERON:0005153
UBERON:0022284	UBERON:0015808
UBERON:0022285	UBERON:0001037
UBERON:0022286	UBERON:0000456
UBERON:0022287	UBERON:0000456
UBERON:0022287	UBERON:0006314
UBERON:0022288	UBERON:0036215
UBERON:0022292	UBERON:0001980
UBERON:0022292	UBERON:0003497
UBERON:0022293	UBERON:0000463
UBERON:0022294	UBERON:0010199
UBERON:0022295	UBERON:0022294
UBERON:0022296	UBERON:0022297
UBERON:0022296	UBERON:0022298
UBERON:0022297	UBERON:0003437
UBERON:0022297	UBERON:0011779
UBERON:0022298	UBERON:0003437
UBERON:0022299	UBERON:0003437
UBERON:0022300	UBERON:0011779
UBERON:0022301	UBERON:0003438
UBERON:0022301	UBERON:0011779
UBERON:0022302	UBERON:0003438
UBERON:0022302	UBERON:0004293
UBERON:0022302	UBERON:0011779
UBERON:0022303	UBERON:0005162
UBERON:0022314	UBERON:0006783
UBERON:0022314	UBERON:0022303
UBERON:0022315	UBERON:0002301
UBERON:0022315	UBERON:0022303
UBERON:0022316	UBERON:0002301
UBERON:0022316	UBERON:0022303
UBERON:0022317	UBERON:0011215
UBERON:0022317	UBERON:0022303
UBERON:0022318	UBERON:0011215
UBERON:0022318	UBERON:0022303
UBERON:0022319	UBERON:0013605
UBERON:0022319	UBERON:0022303
UBERON:0022320	UBERON:0011215
UBERON:0022320	UBERON:0022303
UBERON:0022323	UBERON:0011215
UBERON:0022323	UBERON:0022303
UBERON:0022325	UBERON:0011215
UBERON:0022325	UBERON:0022303
UBERON:0022326	UBERON:0011215
UBERON:0022326	UBERON:0022303
UBERON:0022327	UBERON:0011215
UBERON:0022327	UBERON:0022303
UBERON:0022329	UBERON:0011215
UBERON:0022329	UBERON:0022303
UBERON:0022336	UBERON:0011215
UBERON:0022336	UBERON:0022303
UBERON:0022337	UBERON:0011215
UBERON:0022337	UBERON:0022303
UBERON:0022340	UBERON:0011215
UBERON:0022340	UBERON:0022303
UBERON:0022341	UBERON:0011215
UBERON:0022341	UBERON:0022303
UBERON:0022346	UBERON:0002304
UBERON:0022346	UBERON:0022303
UBERON:0022347	UBERON:0002304
UBERON:0022347	UBERON:0022303
UBERON:0022348	UBERON:0002304
UBERON:0022348	UBERON:0022303
UBERON:0022349	UBERON:0002304
UBERON:0022349	UBERON:0022303
UBERON:0022350	UBERON:0004923
UBERON:0022351	UBERON:0004923
UBERON:0022352	UBERON:0002616
UBERON:0022353	UBERON:0002616
UBERON:0022355	UBERON:0004811
UBERON:0022356	UBERON:0004811
UBERON:0022357	UBERON:0001170
UBERON:0022358	UBERON:0001981
UBERON:0022358	UBERON:0005156
UBERON:0022360	UBERON:0001765
UBERON:0022361	UBERON:0007688
UBERON:0022364	UBERON:0002616
UBERON:0022367	UBERON:0002616
UBERON:0022368	UBERON:0002616
UBERON:0022383	UBERON:0002616
UBERON:0022394	UBERON:0016534
UBERON:0022394	UBERON:0016536
UBERON:0022395	UBERON:0002616
UBERON:0022396	UBERON:0002616
UBERON:0022397	UBERON:0002616
UBERON:0022398	UBERON:0002616
UBERON:0022420	UBERON:0022248
UBERON:0022421	UBERON:0007702
UBERON:0022423	UBERON:0002308
UBERON:0022423	UBERON:0011214
UBERON:0022424	UBERON:0006331
UBERON:0022424	UBERON:0009662
UBERON:0022425	UBERON:0002616
UBERON:0022426	UBERON:0002616
UBERON:0022427	UBERON:0002616
UBERON:0022428	UBERON:0003961
UBERON:0022429	UBERON:0003961
UBERON:0022430	UBERON:0003961
UBERON:0022434	UBERON:0007245
UBERON:0022434	UBERON:0019263
UBERON:0022437	UBERON:0007247
UBERON:0022438	UBERON:0002616
UBERON:0022453	UBERON:0002616
UBERON:0022469	UBERON:0002616
UBERON:0022534	UBERON:0002616
UBERON:0022649	UBERON:0005838
UBERON:0022695	UBERON:0002616
UBERON:0022716	UBERON:0002616
UBERON:0022730	UBERON:0002616
UBERON:0022776	UBERON:0034925
UBERON:0022783	UBERON:0002616
UBERON:0022791	UBERON:0002616
UBERON:0022941	UBERON:0009633
UBERON:0022943	UBERON:0001018
UBERON:0023094	UBERON:0015233
UBERON:0023255	UBERON:0016526
UBERON:0023378	UBERON:0019263
UBERON:0023390	UBERON:0009050
UBERON:0023415	UBERON:0002616
UBERON:0023416	UBERON:0002616
UBERON:0023417	UBERON:0002616
UBERON:0023443	UBERON:0002616
UBERON:0023462	UBERON:0002616
UBERON:0023541	UBERON:0001726
UBERON:0023564	UBERON:0002616
UBERON:0023623	UBERON:0009633
UBERON:0023740	UBERON:0005838
UBERON:0023752	UBERON:0002616
UBERON:0023752	UBERON:0005156
UBERON:0023787	UBERON:0002616
UBERON:0023836	UBERON:0002616
UBERON:0023852	UBERON:0002616
UBERON:0023855	UBERON:0009050
UBERON:0023859	UBERON:0002301
UBERON:0023861	UBERON:0002616
UBERON:0023862	UBERON:0002616
UBERON:0023865	UBERON:0002616
UBERON:0023867	UBERON:0002616
UBERON:0023868	UBERON:0002616
UBERON:0023879	UBERON:0011216
UBERON:0023900	UBERON:0011215
UBERON:0023900	UBERON:0022303
UBERON:0023901	UBERON:0011215
UBERON:0023901	UBERON:0022303
UBERON:0023920	UBERON:0010011
UBERON:0023927	UBERON:0006119
UBERON:0023928	UBERON:0002616
UBERON:0023932	UBERON:0002616
UBERON:0023934	UBERON:0005377
UBERON:0023936	UBERON:0006083
UBERON:0023943	UBERON:0000467
UBERON:0023958	UBERON:0002616
UBERON:0023983	UBERON:0001018
UBERON:0023984	UBERON:0001018
UBERON:0023998	UBERON:0004003
UBERON:0023998	UBERON:0014647
UBERON:0023999	UBERON:0004003
UBERON:0023999	UBERON:0014647
UBERON:0024000	UBERON:0004003
UBERON:0024000	UBERON:0014647
UBERON:0024001	UBERON:0004003
UBERON:0024001	UBERON:0014647
UBERON:0024003	UBERON:0004003
UBERON:0024009	UBERON:0004003
UBERON:0024009	UBERON:0027331
UBERON:0024037	UBERON:0004720
UBERON:0024043	UBERON:0002616
UBERON:0024045	UBERON:0019291
UBERON:0024046	UBERON:0002616
UBERON:0024078	UBERON:0002616
UBERON:0024079	UBERON:0006568
UBERON:0024090	UBERON:0002616
UBERON:0024110	UBERON:0002616
UBERON:0024151	UBERON:0022776
UBERON:0024183	UBERON:0002616
UBERON:0024193	UBERON:0002616
UBERON:0024201	UBERON:0002616
UBERON:0024382	UBERON:0009631
UBERON:0024900	UBERON:0023255
UBERON:0024901	UBERON:0023255
UBERON:0024914	UBERON:0000073
UBERON:0024940	UBERON:0000073
UBERON:0025096	UBERON:0019303
UBERON:0025102	UBERON:0019303
UBERON:0025103	UBERON:0019303
UBERON:0025104	UBERON:0019303
UBERON:0025261	UBERON:0011591
UBERON:0025525	UBERON:0023879
UBERON:0025533	UBERON:0023879
UBERON:0025534	UBERON:0023879
UBERON:0025581	UBERON:0023936
UBERON:0025584	UBERON:0023936
UBERON:0025588	UBERON:0023943
UBERON:0025589	UBERON:0023943
UBERON:0025591	UBERON:0023943
UBERON:0025592	UBERON:0023943
UBERON:0025593	UBERON:0023943
UBERON:0025595	UBERON:0023943
UBERON:0025677	UBERON:0002749
UBERON:0025736	UBERON:0024090
UBERON:0025763	UBERON:0013118
UBERON:0025768	UBERON:0014687
UBERON:0025772	UBERON:0013118
UBERON:0025829	UBERON:0013118
UBERON:0025883	UBERON:0013118
UBERON:0025903	UBERON:0013118
UBERON:0026006	UBERON:0009631
UBERON:0026137	UBERON:0014640
UBERON:0026246	UBERON:0002318
UBERON:0026293	UBERON:0014631
UBERON:0026293	UBERON:0014636
UBERON:0026382	UBERON:0013118
UBERON:0026384	UBERON:0013118
UBERON:0026386	UBERON:0002318
UBERON:0026391	UBERON:0013118
UBERON:0026541	UBERON:0019263
UBERON:0026546	UBERON:0024914
UBERON:0026547	UBERON:0024914
UBERON:0026584	UBERON:0013685
UBERON:0026586	UBERON:0013685
UBERON:0026663	UBERON:0019263
UBERON:0026666	UBERON:0019263
UBERON:0026719	UBERON:0013118
UBERON:0026721	UBERON:0013118
UBERON:0026722	UBERON:0035927
UBERON:0026723	UBERON:0035927
UBERON:0026724	UBERON:0035927
UBERON:0026725	UBERON:0014687
UBERON:0026725	UBERON:0035927
UBERON:0026760	UBERON:0034968
UBERON:0026761	UBERON:0034968
UBERON:0026765	UBERON:0002616
UBERON:0026775	UBERON:0002616
UBERON:0026776	UBERON:0002616
UBERON:0026777	UBERON:0002616
UBERON:0027061	UBERON:0002616
UBERON:0027109	UBERON:0000064
UBERON:0027109	UBERON:0005156
UBERON:0027113	UBERON:0014687
UBERON:0027221	UBERON:0025589
UBERON:0027225	UBERON:0025589
UBERON:0027239	UBERON:0025589
UBERON:0027244	UBERON:0029004
UBERON:0027245	UBERON:0029001
UBERON:0027246	UBERON:0029001
UBERON:0027285	UBERON:0004003
UBERON:0027285	UBERON:0004004
UBERON:0027309	UBERON:0025677
UBERON:0027310	UBERON:0025677
UBERON:0027331	UBERON:0002749
UBERON:0027333	UBERON:0002317
UBERON:0027368	UBERON:0025736
UBERON:0027371	UBERON:0025736
UBERON:0027513	UBERON:0000464
UBERON:0027716	UBERON:0000464
UBERON:0027768	UBERON:0002616
UBERON:0027771	UBERON:0002616
UBERON:0028194	UBERON:0000481
UBERON:0028395	UBERON:0000464
UBERON:0028396	UBERON:0000464
UBERON:0028398	UBERON:0026765
UBERON:0028399	UBERON:0026765
UBERON:0028401	UBERON:0026765
UBERON:0028402	UBERON:0026765
UBERON:0028403	UBERON:0026765
UBERON:0028404	UBERON:0026765
UBERON:0028405	UBERON:0026765
UBERON:0028406	UBERON:0026765
UBERON:0028412	UBERON:0026777
UBERON:0028413	UBERON:0026777
UBERON:0028414	UBERON:0026777
UBERON:0028415	UBERON:0026777
UBERON:0028416	UBERON:0026777
UBERON:0028417	UBERON:0026777
UBERON:0028418	UBERON:0026777
UBERON:0028419	UBERON:0026777
UBERON:0028420	UBERON:0026777
UBERON:0028421	UBERON:0026777
UBERON:0028422	UBERON:0026777
UBERON:0028423	UBERON:0026777
UBERON:0028424	UBERON:0026777
UBERON:0028425	UBERON:0026777
UBERON:0028426	UBERON:0026777
UBERON:0028427	UBERON:0026777
UBERON:0028428	UBERON:0026777
UBERON:0028429	UBERON:0026777
UBERON:0028430	UBERON:0026777
UBERON:0028431	UBERON:0026777
UBERON:0028432	UBERON:0026777
UBERON:0028433	UBERON:0026777
UBERON:0028434	UBERON:0026777
UBERON:0028435	UBERON:0026777
UBERON:0028436	UBERON:0026777
UBERON:0028437	UBERON:0026777
UBERON:0028439	UBERON:0026777
UBERON:0028440	UBERON:0026777
UBERON:0028622	UBERON:0000464
UBERON:0028715	UBERON:0002616
UBERON:0028918	UBERON:0027285
UBERON:0028919	UBERON:0027285
UBERON:0028920	UBERON:0027285
UBERON:0028921	UBERON:0027285
UBERON:0028922	UBERON:0027285
UBERON:0028923	UBERON:0027285
UBERON:0028924	UBERON:0027285
UBERON:0028925	UBERON:0027285
UBERON:0029001	UBERON:0027368
UBERON:0029002	UBERON:0027368
UBERON:0029004	UBERON:0027371
UBERON:0029005	UBERON:0027371
UBERON:0029009	UBERON:0011215
UBERON:0029009	UBERON:0022303
UBERON:0029503	UBERON:0002315
UBERON:0029538	UBERON:0004676
UBERON:0029626	UBERON:0014613
UBERON:0029626	UBERON:0014631
UBERON:0029636	UBERON:0002315
UBERON:0030276	UBERON:0002257
UBERON:0030649	UBERON:0002616
UBERON:0031111	UBERON:0014631
UBERON:0031111	UBERON:0029503
UBERON:0031906	UBERON:0004676
UBERON:0032748	UBERON:0002257
UBERON:0033483	UBERON:0014631
UBERON:0033483	UBERON:0029636
UBERON:0033939	UBERON:0002256
UBERON:0034670	UBERON:0013765
UBERON:0034670	UBERON:0034722
UBERON:0034671	UBERON:0013118
UBERON:0034672	UBERON:0000064
UBERON:0034673	UBERON:0005401
UBERON:0034673	UBERON:0007245
UBERON:0034674	UBERON:0013118
UBERON:0034676	UBERON:0002437
UBERON:0034678	UBERON:0002437
UBERON:0034680	UBERON:0034944
UBERON:0034681	UBERON:0000062
UBERON:0034688	UBERON:0008982
UBERON:0034690	UBERON:0034688
UBERON:0034691	UBERON:0005156
UBERON:0034691	UBERON:0034688
UBERON:0034693	UBERON:0001637
UBERON:0034694	UBERON:0000064
UBERON:0034694	UBERON:0005156
UBERON:0034695	UBERON:0000064
UBERON:0034695	UBERON:0005156
UBERON:0034696	UBERON:0002358
UBERON:0034697	UBERON:0004111
UBERON:0034698	UBERON:0034697
UBERON:0034699	UBERON:0034697
UBERON:0034703	UBERON:0034698
UBERON:0034704	UBERON:0034698
UBERON:0034705	UBERON:0000483
UBERON:0034706	UBERON:0034705
UBERON:0034707	UBERON:0034705
UBERON:0034708	UBERON:0034709
UBERON:0034709	UBERON:0004062
UBERON:0034709	UBERON:0011215
UBERON:0034710	UBERON:0004060
UBERON:0034711	UBERON:0014950
UBERON:0034712	UBERON:0001995
UBERON:0034713	UBERON:0000122
UBERON:0034713	UBERON:0015212
UBERON:0034714	UBERON:0011215
UBERON:0034714	UBERON:0034713
UBERON:0034715	UBERON:0034714
UBERON:0034716	UBERON:0011215
UBERON:0034716	UBERON:0034713
UBERON:0034717	UBERON:0001727
UBERON:0034718	UBERON:0034717
UBERON:0034719	UBERON:0001727
UBERON:0034719	UBERON:0013765
UBERON:0034720	UBERON:0034717
UBERON:0034721	UBERON:0001727
UBERON:0034721	UBERON:0013765
UBERON:0034722	UBERON:0001727
UBERON:0034723	UBERON:0001727
UBERON:0034724	UBERON:0001727
UBERON:0034724	UBERON:0013765
UBERON:0034725	UBERON:0011779
UBERON:0034726	UBERON:0005177
UBERON:0034726	UBERON:0034717
UBERON:0034727	UBERON:0001637
UBERON:0034728	UBERON:0011779
UBERON:0034729	UBERON:0001021
UBERON:0034730	UBERON:0002265
UBERON:0034734	UBERON:0013199
UBERON:0034735	UBERON:0005398
UBERON:0034736	UBERON:0008846
UBERON:0034743	UBERON:0022248
UBERON:0034745	UBERON:0003931
UBERON:0034745	UBERON:0022259
UBERON:0034746	UBERON:0022260
UBERON:0034746	UBERON:0034745
UBERON:0034747	UBERON:0022260
UBERON:0034747	UBERON:0034745
UBERON:0034749	UBERON:0002616
UBERON:0034750	UBERON:0035015
UBERON:0034750	UBERON:8440011
UBERON:0034751	UBERON:0002616
UBERON:0034752	UBERON:0002616
UBERON:0034753	UBERON:0034754
UBERON:0034754	UBERON:0022248
UBERON:0034762	UBERON:0000382
UBERON:0034763	UBERON:0005970
UBERON:0034764	UBERON:0006590
UBERON:0034764	UBERON:0010313
UBERON:0034765	UBERON:0016475
UBERON:0034766	UBERON:0001444
UBERON:0034766	UBERON:0010314
UBERON:0034767	UBERON:0000464
UBERON:0034768	UBERON:0000061
UBERON:0034769	UBERON:0015757
UBERON:0034770	UBERON:0005156
UBERON:0034770	UBERON:0016510
UBERON:0034770	UBERON:0034969
UBERON:0034771	UBERON:0011777
UBERON:0034772	UBERON:0034921
UBERON:0034773	UBERON:0002616
UBERON:0034774	UBERON:0002616
UBERON:0034775	UBERON:0002616
UBERON:0034776	UBERON:0002616
UBERON:0034777	UBERON:0002616
UBERON:0034778	UBERON:0002616
UBERON:0034779	UBERON:0002616
UBERON:0034780	UBERON:0002616
UBERON:0034781	UBERON:0002616
UBERON:0034782	UBERON:0002616
UBERON:0034798	UBERON:0014567
UBERON:0034799	UBERON:0014567
UBERON:0034800	UBERON:0014567
UBERON:0034801	UBERON:0014567
UBERON:0034803	UBERON:0014567
UBERON:0034804	UBERON:0014567
UBERON:0034805	UBERON:0014567
UBERON:0034806	UBERON:0014567
UBERON:0034808	UBERON:0014567
UBERON:0034809	UBERON:0014567
UBERON:0034810	UBERON:0014560
UBERON:0034811	UBERON:0014567
UBERON:0034812	UBERON:0014567
UBERON:0034828	UBERON:0014567
UBERON:0034829	UBERON:0014567
UBERON:0034830	UBERON:0014567
UBERON:0034831	UBERON:0014567
UBERON:0034833	UBERON:0014567
UBERON:0034834	UBERON:0014567
UBERON:0034835	UBERON:0014567
UBERON:0034836	UBERON:0014567
UBERON:0034838	UBERON:0014567
UBERON:0034839	UBERON:0014567
UBERON:0034840	UBERON:0014560
UBERON:0034841	UBERON:0014567
UBERON:0034842	UBERON:0014567
UBERON:0034858	UBERON:0014567
UBERON:0034859	UBERON:0014567
UBERON:0034860	UBERON:0014567
UBERON:0034861	UBERON:0014567
UBERON:0034863	UBERON:0014567
UBERON:0034864	UBERON:0014567
UBERON:0034865	UBERON:0014567
UBERON:0034866	UBERON:0014567
UBERON:0034868	UBERON:0014567
UBERON:0034869	UBERON:0014567
UBERON:0034870	UBERON:0014560
UBERON:0034871	UBERON:0014567
UBERON:0034872	UBERON:0014567
UBERON:0034873	UBERON:0000463
UBERON:0034874	UBERON:0034947
UBERON:0034875	UBERON:0006598
UBERON:0034876	UBERON:0006598
UBERON:0034877	UBERON:0001048
UBERON:0034878	UBERON:0002050
UBERON:0034884	UBERON:0001980
UBERON:0034884	UBERON:0003644
UBERON:0034885	UBERON:0000344
UBERON:0034888	UBERON:0002301
UBERON:0034888	UBERON:0022303
UBERON:0034889	UBERON:0002616
UBERON:0034891	UBERON:0016529
UBERON:0034892	UBERON:0002616
UBERON:0034893	UBERON:0002616
UBERON:0034894	UBERON:0009663
UBERON:0034895	UBERON:0009663
UBERON:0034896	UBERON:0000122
UBERON:0034896	UBERON:0011215
UBERON:0034898	UBERON:0004103
UBERON:0034900	UBERON:4100000
UBERON:0034901	UBERON:0004295
UBERON:0034902	UBERON:0004295
UBERON:0034903	UBERON:0002166
UBERON:0034905	UBERON:0000464
UBERON:0034907	UBERON:0005158
UBERON:0034908	UBERON:0014892
UBERON:0034909	UBERON:0003685
UBERON:0034909	UBERON:0009199
UBERON:0034910	UBERON:0011214
UBERON:0034910	UBERON:0014450
UBERON:0034918	UBERON:0011214
UBERON:0034918	UBERON:0014450
UBERON:0034919	UBERON:0000105
UBERON:0034920	UBERON:0000105
UBERON:0034921	UBERON:0010000
UBERON:0034922	UBERON:0010000
UBERON:0034923	UBERON:0000465
UBERON:0034924	UBERON:0034923
UBERON:0034925	UBERON:0000465
UBERON:0034926	UBERON:0034925
UBERON:0034927	UBERON:0001637
UBERON:0034927	UBERON:0003521
UBERON:0034928	UBERON:0036215
UBERON:0034929	UBERON:0010000
UBERON:0034929	UBERON:0010314
UBERON:0034930	UBERON:0000022
UBERON:0034931	UBERON:0007702
UBERON:0034932	UBERON:0000483
UBERON:0034933	UBERON:0018260
UBERON:0034934	UBERON:0001830
UBERON:0034934	UBERON:0003409
UBERON:0034935	UBERON:0000064
UBERON:0034936	UBERON:0000064
UBERON:0034937	UBERON:0004765
UBERON:0034937	UBERON:0013765
UBERON:0034938	UBERON:0002418
UBERON:0034939	UBERON:0007844
UBERON:0034940	UBERON:0010161
UBERON:0034941	UBERON:0000064
UBERON:0034942	UBERON:0012451
UBERON:0034943	UBERON:0005408
UBERON:0034944	UBERON:0000064
UBERON:0034945	UBERON:0000174
UBERON:0034945	UBERON:0034873
UBERON:0034946	UBERON:0034945
UBERON:0034947	UBERON:0034873
UBERON:0034948	UBERON:0034947
UBERON:0034949	UBERON:0003978
UBERON:0034950	UBERON:0001473
UBERON:0034951	UBERON:0034950
UBERON:0034952	UBERON:0034950
UBERON:0034953	UBERON:0005291
UBERON:0034953	UBERON:0007499
UBERON:0034958	UBERON:0034953
UBERON:0034959	UBERON:0015202
UBERON:0034959	UBERON:0015212
UBERON:0034960	UBERON:0015202
UBERON:0034960	UBERON:0015212
UBERON:0034961	UBERON:0015202
UBERON:0034962	UBERON:0015202
UBERON:0034963	UBERON:0000051
UBERON:0034964	UBERON:0004573
UBERON:0034964	UBERON:0006349
UBERON:0034965	UBERON:0018246
UBERON:0034968	UBERON:0013118
UBERON:0034969	UBERON:0003914
UBERON:0034971	UBERON:0005181
UBERON:0034971	UBERON:0034979
UBERON:0034972	UBERON:0034979
UBERON:0034978	UBERON:0010001
UBERON:0034978	UBERON:0010313
UBERON:0034979	UBERON:0034978
UBERON:0034980	UBERON:0013522
UBERON:0034981	UBERON:0034980
UBERON:0034982	UBERON:0034980
UBERON:0034983	UBERON:0005813
UBERON:0034984	UBERON:0001021
UBERON:0034986	UBERON:0001815
UBERON:0034987	UBERON:0001815
UBERON:0034988	UBERON:0000043
UBERON:0034989	UBERON:0002616
UBERON:0034991	UBERON:0009663
UBERON:0034993	UBERON:0007692
UBERON:0034993	UBERON:0015233
UBERON:0034993	UBERON:0015234
UBERON:0034994	UBERON:0004040
UBERON:0034995	UBERON:0003104
UBERON:0034996	UBERON:0034997
UBERON:0034997	UBERON:0001288
UBERON:0034999	UBERON:0002308
UBERON:0034999	UBERON:0009663
UBERON:0035001	UBERON:0002308
UBERON:0035001	UBERON:0009663
UBERON:0035004	UBERON:0002050
UBERON:0035005	UBERON:0035004
UBERON:0035006	UBERON:0035004
UBERON:0035007	UBERON:0003932
UBERON:0035007	UBERON:0035612
UBERON:0035011	UBERON:0002020
UBERON:0035013	UBERON:0035015
UBERON:0035014	UBERON:0002616
UBERON:0035015	UBERON:0035014
UBERON:0035016	UBERON:0012449
UBERON:0035017	UBERON:0012449
UBERON:0035018	UBERON:0012451
UBERON:0035019	UBERON:0007244
UBERON:0035020	UBERON:0003535
UBERON:0035020	UBERON:0015212
UBERON:0035021	UBERON:0003535
UBERON:0035021	UBERON:0015212
UBERON:0035022	UBERON:0005476
UBERON:0035024	UBERON:0011777
UBERON:0035026	UBERON:0002616
UBERON:0035027	UBERON:0002616
UBERON:0035028	UBERON:0002616
UBERON:0035032	UBERON:0002461
UBERON:0035034	UBERON:0015808
UBERON:0035036	UBERON:0000483
UBERON:0035037	UBERON:0003929
UBERON:0035038	UBERON:0004111
UBERON:0035039	UBERON:0001637
UBERON:0035040	UBERON:0004573
UBERON:0035040	UBERON:0035039
UBERON:0035041	UBERON:0001632
UBERON:0035042	UBERON:0001632
UBERON:0035043	UBERON:0001632
UBERON:0035043	UBERON:0004573
UBERON:0035043	UBERON:0014770
UBERON:0035044	UBERON:0011215
UBERON:0035044	UBERON:0022303
UBERON:0035045	UBERON:0001837
UBERON:0035045	UBERON:0014719
UBERON:0035046	UBERON:0014727
UBERON:0035046	UBERON:0035045
UBERON:0035047	UBERON:0014729
UBERON:0035047	UBERON:0035045
UBERON:0035048	UBERON:0035049
UBERON:0035049	UBERON:0001837
UBERON:0035049	UBERON:0035050
UBERON:0035050	UBERON:0000058
UBERON:0035053	UBERON:0014716
UBERON:0035053	UBERON:0035049
UBERON:0035073	UBERON:0000058
UBERON:0035074	UBERON:0000058
UBERON:0035076	UBERON:0000420
UBERON:0035076	UBERON:0003360
UBERON:0035077	UBERON:0012278
UBERON:0035078	UBERON:0035048
UBERON:0035078	UBERON:0035053
UBERON:0035079	UBERON:0035080
UBERON:0035080	UBERON:0015870
UBERON:0035081	UBERON:0013221
UBERON:0035082	UBERON:0013221
UBERON:0035083	UBERON:0002412
UBERON:0035084	UBERON:0002412
UBERON:0035085	UBERON:0006984
UBERON:0035086	UBERON:0035085
UBERON:0035087	UBERON:0035086
UBERON:0035088	UBERON:0035087
UBERON:0035089	UBERON:0035086
UBERON:0035090	UBERON:0035089
UBERON:0035091	UBERON:0003665
UBERON:0035092	UBERON:0035091
UBERON:0035093	UBERON:0035091
UBERON:0035094	UBERON:0035093
UBERON:0035095	UBERON:0035093
UBERON:0035096	UBERON:0003599
UBERON:0035096	UBERON:0008982
UBERON:0035097	UBERON:0035091
UBERON:0035098	UBERON:0005156
UBERON:0035098	UBERON:0035091
UBERON:0035099	UBERON:0035091
UBERON:0035100	UBERON:0035091
UBERON:0035102	UBERON:0001077
UBERON:0035103	UBERON:0004231
UBERON:0035104	UBERON:0005156
UBERON:0035104	UBERON:0034929
UBERON:0035105	UBERON:0000063
UBERON:0035105	UBERON:0005156
UBERON:0035106	UBERON:0004120
UBERON:0035106	UBERON:0034929
UBERON:0035108	UBERON:0003566
UBERON:0035108	UBERON:0008982
UBERON:0035109	UBERON:0003431
UBERON:0035110	UBERON:0035109
UBERON:0035111	UBERON:0035109
UBERON:0035112	UBERON:0014892
UBERON:0035113	UBERON:0019269
UBERON:0035114	UBERON:0019269
UBERON:0035115	UBERON:0035119
UBERON:0035116	UBERON:0035115
UBERON:0035117	UBERON:0035115
UBERON:0035118	UBERON:0000061
UBERON:0035119	UBERON:0012111
UBERON:0035120	UBERON:0000328
UBERON:0035122	UBERON:4200215
UBERON:0035123	UBERON:4200215
UBERON:0035124	UBERON:4200215
UBERON:0035126	UBERON:4200215
UBERON:0035127	UBERON:0003685
UBERON:0035128	UBERON:0010883
UBERON:0035128	UBERON:0015064
UBERON:0035129	UBERON:0010885
UBERON:0035129	UBERON:0015064
UBERON:0035130	UBERON:0010363
UBERON:0035131	UBERON:0011004
UBERON:0035131	UBERON:0035130
UBERON:0035132	UBERON:0035130
UBERON:0035133	UBERON:0000075
UBERON:0035139	UBERON:4100000
UBERON:0035142	UBERON:0035144
UBERON:0035143	UBERON:0035144
UBERON:0035144	UBERON:0000464
UBERON:0035145	UBERON:0000125
UBERON:0035146	UBERON:0001018
UBERON:0035147	UBERON:0001630
UBERON:0035147	UBERON:0004120
UBERON:0035148	UBERON:0004120
UBERON:0035148	UBERON:0005291
UBERON:0035148	UBERON:0005865
UBERON:0035149	UBERON:0007651
UBERON:0035150	UBERON:0016559
UBERON:0035151	UBERON:0001663
UBERON:0035152	UBERON:0001663
UBERON:0035153	UBERON:0005390
UBERON:0035154	UBERON:0005391
UBERON:0035155	UBERON:0005392
UBERON:0035156	UBERON:0005393
UBERON:0035157	UBERON:0005394
UBERON:0035158	UBERON:0005395
UBERON:0035159	UBERON:0006984
UBERON:0035162	UBERON:0015917
UBERON:0035165	UBERON:0035480
UBERON:0035168	UBERON:0000475
UBERON:0035171	UBERON:0015876
UBERON:0035171	UBERON:0015880
UBERON:0035174	UBERON:0001690
UBERON:0035174	UBERON:0015212
UBERON:0035177	UBERON:0013522
UBERON:0035180	UBERON:0001637
UBERON:0035183	UBERON:0001637
UBERON:0035186	UBERON:0013686
UBERON:0035195	UBERON:0001637
UBERON:0035195	UBERON:0003516
UBERON:0035198	UBERON:0001473
UBERON:0035201	UBERON:0034696
UBERON:0035204	UBERON:0015870
UBERON:0035204	UBERON:0015917
UBERON:0035207	UBERON:0003431
UBERON:0035207	UBERON:0035652
UBERON:0035210	UBERON:0000093
UBERON:0035213	UBERON:0034944
UBERON:0035216	UBERON:0013522
UBERON:0035219	UBERON:0007644
UBERON:0035222	UBERON:0035350
UBERON:0035225	UBERON:0001632
UBERON:0035225	UBERON:0035350
UBERON:0035228	UBERON:0000464
UBERON:0035231	UBERON:0001663
UBERON:0035234	UBERON:0001638
UBERON:0035237	UBERON:0005396
UBERON:0035240	UBERON:0000328
UBERON:0035243	UBERON:0000464
UBERON:0035246	UBERON:0011136
UBERON:0035249	UBERON:0001638
UBERON:0035252	UBERON:0001099
UBERON:0035252	UBERON:0015212
UBERON:0035258	UBERON:0000475
UBERON:0035258	UBERON:0005156
UBERON:0035261	UBERON:0001632
UBERON:0035261	UBERON:0035350
UBERON:0035267	UBERON:0001560
UBERON:0035270	UBERON:0000328
UBERON:0035273	UBERON:0001637
UBERON:0035276	UBERON:0034944
UBERON:0035279	UBERON:0002429
UBERON:0035286	UBERON:0000328
UBERON:0035286	UBERON:0015212
UBERON:0035289	UBERON:0000475
UBERON:0035292	UBERON:0001637
UBERON:0035295	UBERON:0001690
UBERON:0035295	UBERON:0015212
UBERON:0035298	UBERON:0034944
UBERON:0035304	UBERON:0001637
UBERON:0035307	UBERON:0001637
UBERON:0035310	UBERON:0036215
UBERON:0035313	UBERON:0000328
UBERON:0035316	UBERON:0003893
UBERON:0035316	UBERON:0005156
UBERON:0035319	UBERON:0014466
UBERON:0035322	UBERON:0001191
UBERON:0035322	UBERON:0015212
UBERON:0035328	UBERON:0035635
UBERON:0035328	UBERON:0035638
UBERON:0035331	UBERON:0005156
UBERON:0035331	UBERON:0034944
UBERON:0035338	UBERON:0017635
UBERON:0035341	UBERON:0001328
UBERON:0035350	UBERON:0001637
UBERON:0035359	UBERON:0001637
UBERON:0035365	UBERON:0035636
UBERON:0035365	UBERON:0035638
UBERON:0035368	UBERON:0036215
UBERON:0035371	UBERON:0000029
UBERON:0035371	UBERON:0002075
UBERON:0035374	UBERON:0004148
UBERON:0035377	UBERON:0034944
UBERON:0035380	UBERON:0001637
UBERON:0035383	UBERON:0000328
UBERON:0035383	UBERON:0015212
UBERON:0035386	UBERON:0000464
UBERON:0035392	UBERON:0001638
UBERON:0035395	UBERON:0001637
UBERON:0035398	UBERON:0001637
UBERON:0035401	UBERON:0000328
UBERON:0035403	UBERON:0001637
UBERON:0035404	UBERON:0035403
UBERON:0035410	UBERON:0008337
UBERON:0035410	UBERON:0015212
UBERON:0035416	UBERON:0034944
UBERON:0035419	UBERON:0011136
UBERON:0035422	UBERON:0003498
UBERON:0035422	UBERON:0004573
UBERON:0035422	UBERON:0035395
UBERON:0035425	UBERON:0000064
UBERON:0035428	UBERON:0001979
UBERON:0035431	UBERON:0034944
UBERON:0035435	UBERON:0001146
UBERON:0035435	UBERON:0015212
UBERON:0035438	UBERON:0011825
UBERON:0035441	UBERON:0006983
UBERON:0035444	UBERON:0000211
UBERON:0035444	UBERON:0005172
UBERON:0035444	UBERON:0013765
UBERON:0035445	UBERON:0000211
UBERON:0035445	UBERON:0005173
UBERON:0035450	UBERON:0013522
UBERON:0035453	UBERON:0034944
UBERON:0035462	UBERON:0035350
UBERON:0035465	UBERON:0002553
UBERON:0035468	UBERON:0034944
UBERON:0035471	UBERON:0036215
UBERON:0035474	UBERON:0001099
UBERON:0035474	UBERON:0015212
UBERON:0035477	UBERON:0035636
UBERON:0035477	UBERON:0035637
UBERON:0035480	UBERON:0036215
UBERON:0035483	UBERON:0001146
UBERON:0035483	UBERON:0015212
UBERON:0035489	UBERON:0001637
UBERON:0035492	UBERON:0035403
UBERON:0035495	UBERON:0004885
UBERON:0035498	UBERON:0005172
UBERON:0035498	UBERON:0008845
UBERON:0035501	UBERON:0035016
UBERON:0035505	UBERON:0008337
UBERON:0035505	UBERON:0015212
UBERON:0035508	UBERON:0001637
UBERON:0035514	UBERON:0011216
UBERON:0035520	UBERON:0002524
UBERON:0035523	UBERON:0035480
UBERON:0035526	UBERON:0003431
UBERON:0035526	UBERON:0035652
UBERON:0035529	UBERON:0001191
UBERON:0035529	UBERON:0015212
UBERON:0035530	UBERON:0016564
UBERON:0035532	UBERON:0001663
UBERON:0035536	UBERON:0034944
UBERON:0035539	UBERON:0004573
UBERON:0035542	UBERON:0035635
UBERON:0035542	UBERON:0035637
UBERON:0035545	UBERON:0001473
UBERON:0035546	UBERON:0001638
UBERON:0035547	UBERON:0035546
UBERON:0035548	UBERON:0001637
UBERON:0035549	UBERON:0002049
UBERON:0035550	UBERON:0001638
UBERON:0035551	UBERON:0002049
UBERON:0035552	UBERON:0001638
UBERON:0035553	UBERON:0004151
UBERON:0035553	UBERON:0015212
UBERON:0035554	UBERON:0004151
UBERON:0035554	UBERON:0015212
UBERON:0035555	UBERON:0010521
UBERON:0035561	UBERON:0015021
UBERON:0035562	UBERON:0014450
UBERON:0035563	UBERON:0006569
UBERON:0035563	UBERON:0035568
UBERON:0035564	UBERON:0006569
UBERON:0035564	UBERON:0035568
UBERON:0035565	UBERON:0006569
UBERON:0035565	UBERON:0035568
UBERON:0035566	UBERON:0014450
UBERON:0035567	UBERON:0006569
UBERON:0035567	UBERON:0035566
UBERON:0035568	UBERON:0014450
UBERON:0035569	UBERON:0006569
UBERON:0035569	UBERON:0014450
UBERON:0035570	UBERON:0011591
UBERON:0035572	UBERON:0014450
UBERON:0035573	UBERON:0035569
UBERON:0035574	UBERON:0035569
UBERON:0035575	UBERON:0009050
UBERON:0035577	UBERON:0035569
UBERON:0035580	UBERON:0014450
UBERON:0035581	UBERON:0014450
UBERON:0035582	UBERON:0014450
UBERON:0035583	UBERON:0014450
UBERON:0035584	UBERON:0014450
UBERON:0035585	UBERON:0014450
UBERON:0035586	UBERON:0014450
UBERON:0035587	UBERON:0014450
UBERON:0035588	UBERON:0003528
UBERON:0035588	UBERON:0007245
UBERON:0035589	UBERON:0014450
UBERON:0035590	UBERON:0014450
UBERON:0035591	UBERON:0014450
UBERON:0035592	UBERON:0014450
UBERON:0035593	UBERON:0014450
UBERON:0035594	UBERON:0011216
UBERON:0035595	UBERON:0011591
UBERON:0035596	UBERON:0006568
UBERON:0035597	UBERON:0009955
UBERON:0035598	UBERON:0009955
UBERON:0035599	UBERON:0001714
UBERON:0035599	UBERON:0004121
UBERON:0035601	UBERON:0001714
UBERON:0035601	UBERON:0004121
UBERON:0035602	UBERON:0005053
UBERON:0035603	UBERON:0000475
UBERON:0035604	UBERON:0000475
UBERON:0035605	UBERON:0000475
UBERON:0035606	UBERON:0034944
UBERON:0035607	UBERON:0011215
UBERON:0035608	UBERON:0001473
UBERON:0035609	UBERON:0013754
UBERON:0035610	UBERON:0004111
UBERON:0035611	UBERON:0005423
UBERON:0035612	UBERON:0010363
UBERON:0035617	UBERON:0000464
UBERON:0035618	UBERON:0035617
UBERON:0035619	UBERON:0035617
UBERON:0035634	UBERON:0000475
UBERON:0035635	UBERON:0035634
UBERON:0035636	UBERON:0035634
UBERON:0035637	UBERON:0015212
UBERON:0035637	UBERON:0035634
UBERON:0035638	UBERON:0015212
UBERON:0035638	UBERON:0035634
UBERON:0035639	UBERON:0034921
UBERON:0035640	UBERON:0001311
UBERON:0035642	UBERON:0001021
UBERON:0035646	UBERON:0018398
UBERON:0035647	UBERON:0035648
UBERON:0035648	UBERON:0011779
UBERON:0035649	UBERON:0001021
UBERON:0035650	UBERON:0001021
UBERON:0035651	UBERON:0000063
UBERON:0035651	UBERON:0005156
UBERON:0035652	UBERON:0001021
UBERON:0035655	UBERON:0013126
UBERON:0035659	UBERON:0001638
UBERON:0035662	UBERON:0001638
UBERON:0035675	UBERON:0001638
UBERON:0035676	UBERON:0005251
UBERON:0035676	UBERON:0009743
UBERON:0035677	UBERON:0005251
UBERON:0035753	UBERON:0004537
UBERON:0035754	UBERON:0035753
UBERON:0035755	UBERON:0035753
UBERON:0035756	UBERON:0006877
UBERON:0035756	UBERON:0035755
UBERON:0035757	UBERON:0035753
UBERON:0035758	UBERON:0035762
UBERON:0035762	UBERON:0006544
UBERON:0035762	UBERON:0035753
UBERON:0035763	UBERON:0002553
UBERON:0035764	UBERON:0000029
UBERON:0035765	UBERON:0035764
UBERON:0035766	UBERON:0001328
UBERON:0035767	UBERON:0002185
UBERON:0035768	UBERON:0001813
UBERON:0035769	UBERON:0003964
UBERON:0035770	UBERON:0000122
UBERON:0035770	UBERON:0035771
UBERON:0035771	UBERON:0001816
UBERON:0035772	UBERON:0001816
UBERON:0035773	UBERON:0035772
UBERON:0035774	UBERON:0035772
UBERON:0035775	UBERON:0000475
UBERON:0035776	UBERON:0035783
UBERON:0035783	UBERON:0001808
UBERON:0035784	UBERON:0001968
UBERON:0035785	UBERON:0009663
UBERON:0035786	UBERON:0002305
UBERON:0035787	UBERON:0002305
UBERON:0035788	UBERON:0002305
UBERON:0035802	UBERON:0035787
UBERON:0035803	UBERON:0002616
UBERON:0035804	UBERON:0013522
UBERON:0035805	UBERON:0012489
UBERON:0035806	UBERON:0005764
UBERON:0035807	UBERON:0002308
UBERON:0035808	UBERON:0000125
UBERON:0035808	UBERON:0009663
UBERON:0035809	UBERON:0002553
UBERON:0035814	UBERON:0035818
UBERON:0035815	UBERON:0035814
UBERON:0035818	UBERON:0001013
UBERON:0035819	UBERON:0000464
UBERON:0035820	UBERON:0002075
UBERON:0035820	UBERON:0005906
UBERON:0035825	UBERON:0001235
UBERON:0035826	UBERON:0001236
UBERON:0035827	UBERON:0001235
UBERON:0035828	UBERON:0001236
UBERON:0035829	UBERON:0009025
UBERON:0035830	UBERON:0009025
UBERON:0035831	UBERON:0000063
UBERON:0035831	UBERON:0015212
UBERON:0035832	UBERON:0007522
UBERON:0035833	UBERON:0011878
UBERON:0035834	UBERON:0002469
UBERON:0035835	UBERON:0035837
UBERON:0035836	UBERON:0035837
UBERON:0035837	UBERON:0034944
UBERON:0035838	UBERON:0000344
UBERON:0035839	UBERON:0000009
UBERON:0035840	UBERON:0006676
UBERON:0035841	UBERON:0006660
UBERON:0035842	UBERON:0000311
UBERON:0035842	UBERON:0001500
UBERON:0035843	UBERON:0001972
UBERON:0035844	UBERON:0004648
UBERON:0035845	UBERON:0002384
UBERON:0035846	UBERON:0035845
UBERON:0035847	UBERON:0035845
UBERON:0035848	UBERON:0005913
UBERON:0035849	UBERON:0005913
UBERON:0035850	UBERON:0005913
UBERON:0035872	UBERON:0002301
UBERON:0035872	UBERON:0022303
UBERON:0035873	UBERON:0002301
UBERON:0035873	UBERON:0022303
UBERON:0035874	UBERON:0002301
UBERON:0035874	UBERON:0022303
UBERON:0035875	UBERON:0002301
UBERON:0035875	UBERON:0022303
UBERON:0035876	UBERON:0002301
UBERON:0035876	UBERON:0022303
UBERON:0035877	UBERON:0002301
UBERON:0035877	UBERON:0022303
UBERON:0035878	UBERON:0005055
UBERON:0035879	UBERON:0003685
UBERON:0035880	UBERON:0003685
UBERON:0035881	UBERON:0003685
UBERON:0035882	UBERON:0003685
UBERON:0035883	UBERON:0003685
UBERON:0035884	UBERON:0003685
UBERON:0035884	UBERON:2002260
UBERON:0035885	UBERON:0002616
UBERON:0035886	UBERON:0002616
UBERON:0035890	UBERON:0002616
UBERON:0035892	UBERON:0002616
UBERON:0035893	UBERON:0002616
UBERON:0035894	UBERON:0002616
UBERON:0035895	UBERON:0002616
UBERON:0035897	UBERON:0002616
UBERON:0035900	UBERON:0002616
UBERON:0035904	UBERON:0002616
UBERON:0035906	UBERON:0002616
UBERON:0035907	UBERON:0002616
UBERON:0035908	UBERON:0002616
UBERON:0035909	UBERON:0002616
UBERON:0035911	UBERON:0002616
UBERON:0035912	UBERON:0002616
UBERON:0035913	UBERON:0002616
UBERON:0035914	UBERON:0002616
UBERON:0035915	UBERON:0002616
UBERON:0035916	UBERON:0002616
UBERON:0035917	UBERON:0002616
UBERON:0035918	UBERON:0002616
UBERON:0035919	UBERON:0002616
UBERON:0035920	UBERON:0002616
UBERON:0035922	UBERON:0003980
UBERON:0035924	UBERON:0000122
UBERON:0035924	UBERON:0011215
UBERON:0035925	UBERON:0008334
UBERON:0035925	UBERON:0019303
UBERON:0035926	UBERON:0003980
UBERON:0035927	UBERON:0013118
UBERON:0035928	UBERON:0002616
UBERON:0035930	UBERON:0007247
UBERON:0035931	UBERON:0001018
UBERON:0035931	UBERON:0007702
UBERON:0035932	UBERON:0002616
UBERON:0035933	UBERON:0000200
UBERON:0035934	UBERON:0002616
UBERON:0035935	UBERON:0022259
UBERON:0035935	UBERON:0022260
UBERON:0035937	UBERON:0022248
UBERON:0035938	UBERON:0019262
UBERON:0035938	UBERON:0035939
UBERON:0035939	UBERON:0002316
UBERON:0035940	UBERON:0007245
UBERON:0035940	UBERON:0019263
UBERON:0035941	UBERON:0005764
UBERON:0035942	UBERON:0000464
UBERON:0035943	BFO:0000001
UBERON:0035944	BFO:0000003
UBERON:0035944	UBERON:0035943
UBERON:0035945	BFO:0000003
UBERON:0035945	UBERON:0035943
UBERON:0035946	BFO:0000003
UBERON:0035946	UBERON:0035943
UBERON:0035956	UBERON:0000464
UBERON:0035957	UBERON:0035959
UBERON:0035958	UBERON:0035959
UBERON:0035959	UBERON:0005913
UBERON:0035960	UBERON:0000062
UBERON:0035962	UBERON:0000064
UBERON:0035962	UBERON:0005156
UBERON:0035963	UBERON:0006314
UBERON:0035964	UBERON:0005913
UBERON:0035965	UBERON:0000060
UBERON:0035966	UBERON:0004923
UBERON:0035967	UBERON:0003729
UBERON:0035968	UBERON:0012451
UBERON:0035969	UBERON:0035016
UBERON:0035970	UBERON:0002616
UBERON:0035971	UBERON:0002616
UBERON:0035972	UBERON:0002616
UBERON:0035973	UBERON:0000125
UBERON:0035973	UBERON:0006331
UBERON:0035973	UBERON:0009662
UBERON:0035974	UBERON:0000125
UBERON:0035974	UBERON:0007251
UBERON:0035975	UBERON:0002616
UBERON:0035976	UBERON:0000125
UBERON:0035976	UBERON:0007413
UBERON:0035977	UBERON:0000125
UBERON:0035977	UBERON:0009663
UBERON:0035999	UBERON:0002616
UBERON:0036000	UBERON:0035999
UBERON:0036001	UBERON:0035999
UBERON:0036002	UBERON:0035999
UBERON:0036003	UBERON:0035999
UBERON:0036004	UBERON:0035999
UBERON:0036005	UBERON:0035999
UBERON:0036006	UBERON:0035999
UBERON:0036007	UBERON:0035999
UBERON:0036008	UBERON:0035999
UBERON:0036009	UBERON:0035999
UBERON:0036010	UBERON:0035999
UBERON:0036011	UBERON:0035999
UBERON:0036012	UBERON:0002616
UBERON:0036013	UBERON:0006800
UBERON:0036014	UBERON:0007651
UBERON:0036015	UBERON:0000456
UBERON:0036016	UBERON:0036017
UBERON:0036017	UBERON:0000463
UBERON:0036018	UBERON:0036017
UBERON:0036019	UBERON:0008978
UBERON:0036043	UBERON:0027285
UBERON:0036043	UBERON:0027331
UBERON:0036044	UBERON:0002616
UBERON:0036044	UBERON:0002749
UBERON:0036063	UBERON:0004003
UBERON:0036065	UBERON:0002616
UBERON:0036065	UBERON:0002749
UBERON:0036066	UBERON:0002062
UBERON:0036067	UBERON:0002062
UBERON:0036068	UBERON:0000072
UBERON:0036069	UBERON:0002050
UBERON:0036070	UBERON:0003037
UBERON:0036070	UBERON:0004120
UBERON:0036071	UBERON:0003830
UBERON:0036071	UBERON:0003831
UBERON:0036072	UBERON:0004185
UBERON:0036072	UBERON:0005911
UBERON:0036072	UBERON:0007499
UBERON:0036072	UBERON:0009854
UBERON:0036072	UBERON:0015833
UBERON:0036073	UBERON:0003104
UBERON:0036074	UBERON:0001638
UBERON:0036143	UBERON:0011779
UBERON:0036144	UBERON:0013686
UBERON:0036145	UBERON:0000467
UBERON:0036146	UBERON:0002050
UBERON:0036146	UBERON:0004120
UBERON:0036146	UBERON:0005291
UBERON:0036146	UBERON:0007688
UBERON:0036147	UBERON:0001630
UBERON:0036148	UBERON:0001630
UBERON:0036149	UBERON:0001416
UBERON:0036150	UBERON:0000063
UBERON:0036151	UBERON:0001987
UBERON:0036152	UBERON:0001987
UBERON:0036153	UBERON:0001987
UBERON:0036154	UBERON:0001987
UBERON:0036161	UBERON:0001987
UBERON:0036162	UBERON:0001987
UBERON:0036163	UBERON:0001987
UBERON:0036164	UBERON:0002616
UBERON:0036167	UBERON:0004923
UBERON:0036168	UBERON:0004923
UBERON:0036172	UBERON:0014377
UBERON:0036173	UBERON:0014377
UBERON:0036174	UBERON:0014377
UBERON:0036176	UBERON:0014377
UBERON:0036177	UBERON:0006568
UBERON:0036185	UBERON:0006914
UBERON:0036185	UBERON:0014914
UBERON:0036186	UBERON:0002521
UBERON:0036186	UBERON:0011824
UBERON:0036212	UBERON:0006846
UBERON:0036214	UBERON:8410024
UBERON:0036215	UBERON:0000001
UBERON:0036216	UBERON:0011779
UBERON:0036217	UBERON:0006314
UBERON:0036218	UBERON:0002616
UBERON:0036219	UBERON:0015249
UBERON:0036224	UBERON:0001018
UBERON:0036225	UBERON:0002530
UBERON:0036242	UBERON:0002328
UBERON:0036243	UBERON:0006314
UBERON:0036244	UBERON:0007779
UBERON:0036245	UBERON:0000353
UBERON:0036246	UBERON:0036248
UBERON:0036247	UBERON:0036248
UBERON:0036248	UBERON:0002217
UBERON:0036249	UBERON:0036250
UBERON:0036250	UBERON:0005764
UBERON:0036252	UBERON:0000464
UBERON:0036253	UBERON:0000161
UBERON:0036254	UBERON:0000161
UBERON:0036255	UBERON:0001032
UBERON:0036256	UBERON:0034953
UBERON:0036259	UBERON:0015229
UBERON:0036260	UBERON:0034953
UBERON:0036261	UBERON:0007499
UBERON:0036262	UBERON:0000211
UBERON:0036262	UBERON:0005156
UBERON:0036263	UBERON:0000072
UBERON:0036264	UBERON:0011779
UBERON:0036265	UBERON:2001995
UBERON:0036266	UBERON:0004765
UBERON:0036267	UBERON:0001638
UBERON:0036268	UBERON:0001638
UBERON:0036269	UBERON:0001981
UBERON:0036270	UBERON:0000211
UBERON:0036271	UBERON:0000158
UBERON:0036272	UBERON:0036271
UBERON:0036273	UBERON:0036271
UBERON:0036274	UBERON:0002385
UBERON:0036285	UBERON:0004784
UBERON:0036286	UBERON:0004784
UBERON:0036288	UBERON:0036285
UBERON:0036289	UBERON:0036286
UBERON:0036290	UBERON:0006566
UBERON:0036291	UBERON:0006567
UBERON:0036292	UBERON:0000064
UBERON:0036292	UBERON:0005156
UBERON:0036293	UBERON:0003729
UBERON:0036294	UBERON:0003729
UBERON:0036295	UBERON:0000477
UBERON:0036300	UBERON:0001638
UBERON:0036301	UBERON:0002201
UBERON:0036301	UBERON:0006876
UBERON:0036302	UBERON:0002049
UBERON:0036303	UBERON:0036302
UBERON:0036304	UBERON:0000061
UBERON:0036328	UBERON:0000415
UBERON:0036328	UBERON:0037144
UBERON:0036337	UBERON:0001169
UBERON:0036343	UBERON:0003697
UBERON:0036351	UBERON:0000415
UBERON:0036352	UBERON:0000415
UBERON:0036362	UBERON:0001169
UBERON:0036375	UBERON:0009916
UBERON:0036376	UBERON:0009916
UBERON:0036422	UBERON:0000415
UBERON:0036441	UBERON:0000060
UBERON:0036441	UBERON:0005156
UBERON:0036521	UBERON:0000060
UBERON:0036523	UBERON:0000060
UBERON:0036523	UBERON:0005156
UBERON:0036553	UBERON:0000042
UBERON:0036553	UBERON:0000060
UBERON:0036654	UBERON:0005358
UBERON:0036654	UBERON:0036661
UBERON:0036655	UBERON:0005358
UBERON:0036655	UBERON:0036661
UBERON:0036656	UBERON:0005358
UBERON:0036656	UBERON:0036661
UBERON:0036657	UBERON:0005358
UBERON:0036657	UBERON:0036661
UBERON:0036658	UBERON:0000060
UBERON:0036658	UBERON:0005358
UBERON:0036661	UBERON:0000060
UBERON:0036661	UBERON:0005358
UBERON:0036925	UBERON:0000060
UBERON:0036990	UBERON:0000060
UBERON:0037089	UBERON:0000060
UBERON:0037089	UBERON:0000075
UBERON:0037094	UBERON:0000415
UBERON:0037144	UBERON:0000060
UBERON:0037191	UBERON:0000060
UBERON:0037237	UBERON:0000060
UBERON:0037447	UBERON:0036521
UBERON:0037455	UBERON:0036521
UBERON:0037458	UBERON:0001037
UBERON:0037459	UBERON:0001037
UBERON:0037461	UBERON:0001037
UBERON:0037462	UBERON:0001037
UBERON:0037463	UBERON:0001037
UBERON:0037464	UBERON:0037463
UBERON:0037465	UBERON:0001037
UBERON:0037466	UBERON:0001037
UBERON:0037467	UBERON:0001037
UBERON:0037468	UBERON:0009569
UBERON:0037480	UBERON:0007644
UBERON:0037494	UBERON:0015863
UBERON:0037500	UBERON:0037560
UBERON:0037501	UBERON:0037560
UBERON:0037502	UBERON:0037560
UBERON:0037503	UBERON:0037560
UBERON:0037514	UBERON:0002509
UBERON:0037515	UBERON:0002509
UBERON:0037518	UBERON:0039168
UBERON:0037521	UBERON:0039168
UBERON:0037522	UBERON:0002509
UBERON:0037527	UBERON:0016401
UBERON:0037528	UBERON:0016401
UBERON:0037530	UBERON:0002527
UBERON:0037531	UBERON:0015860
UBERON:0037532	UBERON:0015878
UBERON:0037532	UBERON:8470001
UBERON:0037533	UBERON:0015878
UBERON:0037534	UBERON:0015878
UBERON:0037535	UBERON:0015878
UBERON:0037536	UBERON:0015878
UBERON:0037538	UBERON:0015880
UBERON:0037539	UBERON:0015880
UBERON:0037540	UBERON:0015880
UBERON:0037541	UBERON:0015880
UBERON:0037548	UBERON:0015883
UBERON:0037549	UBERON:0015883
UBERON:0037559	UBERON:0015860
UBERON:0037560	UBERON:0001097
UBERON:0037566	UBERON:0002524
UBERON:0037580	UBERON:0015212
UBERON:0037580	UBERON:0015863
UBERON:0037590	UBERON:0037560
UBERON:0037601	UBERON:0002526
UBERON:0037601	UBERON:0015212
UBERON:0037614	UBERON:0037531
UBERON:0037615	UBERON:0037531
UBERON:0037722	UBERON:0015212
UBERON:0037722	UBERON:0015869
UBERON:0037723	UBERON:0015212
UBERON:0037723	UBERON:0015869
UBERON:0037763	UBERON:0012310
UBERON:0037764	UBERON:0012310
UBERON:0037765	UBERON:0012310
UBERON:0037766	UBERON:0012310
UBERON:0037787	UBERON:0015212
UBERON:0037787	UBERON:0035204
UBERON:0037788	UBERON:0015212
UBERON:0037788	UBERON:0035204
UBERON:0037789	UBERON:0015212
UBERON:0037789	UBERON:0037503
UBERON:0037790	UBERON:0015212
UBERON:0037790	UBERON:0037503
UBERON:0037793	UBERON:0015212
UBERON:0037793	UBERON:0037500
UBERON:0037794	UBERON:0015212
UBERON:0037794	UBERON:0037500
UBERON:0037795	UBERON:0015212
UBERON:0037795	UBERON:0037501
UBERON:0037796	UBERON:0015212
UBERON:0037796	UBERON:0037501
UBERON:0037797	UBERON:0015212
UBERON:0037797	UBERON:0037502
UBERON:0037798	UBERON:0015212
UBERON:0037798	UBERON:0037502
UBERON:0037865	UBERON:0002429
UBERON:0037995	UBERON:0015870
UBERON:0037998	UBERON:0002429
UBERON:0038001	UBERON:0007644
UBERON:0038002	UBERON:0012236
UBERON:0038003	UBERON:0012236
UBERON:0038037	UBERON:0002429
UBERON:0038048	UBERON:0016399
UBERON:0038053	UBERON:0015860
UBERON:0038054	UBERON:0015860
UBERON:0038093	UBERON:0002509
UBERON:0038094	UBERON:0015860
UBERON:0038124	UBERON:0037566
UBERON:0038137	UBERON:0037601
UBERON:0038139	UBERON:0037601
UBERON:0038587	UBERON:0037566
UBERON:0038632	UBERON:0002524
UBERON:0038633	UBERON:0002524
UBERON:0038634	UBERON:0002524
UBERON:0038635	UBERON:0035764
UBERON:0038638	UBERON:0035764
UBERON:0038641	UBERON:0035764
UBERON:0038647	UBERON:0002524
UBERON:0038651	UBERON:0002524
UBERON:0038684	UBERON:0037580
UBERON:0038685	UBERON:0037580
UBERON:0038687	UBERON:0000029
UBERON:0038687	UBERON:0002507
UBERON:0038691	UBERON:0015859
UBERON:0038694	UBERON:0015859
UBERON:0038695	UBERON:0015865
UBERON:0038696	UBERON:0015865
UBERON:0038697	UBERON:0037527
UBERON:0038698	UBERON:0037527
UBERON:0038699	UBERON:0037528
UBERON:0038700	UBERON:0037528
UBERON:0038707	UBERON:0016401
UBERON:0038727	UBERON:0002509
UBERON:0038734	UBERON:0037531
UBERON:0038735	UBERON:0037515
UBERON:0038736	UBERON:0037515
UBERON:0038737	UBERON:0037514
UBERON:0038738	UBERON:0037514
UBERON:0038746	UBERON:0015863
UBERON:0038784	UBERON:0037615
UBERON:0038787	UBERON:0016378
UBERON:0038796	UBERON:0015859
UBERON:0038818	UBERON:0016401
UBERON:0038849	UBERON:0000029
UBERON:0038853	UBERON:0001543
UBERON:0038854	UBERON:0001543
UBERON:0038855	UBERON:0009007
UBERON:0038856	UBERON:0009007
UBERON:0038857	UBERON:0009007
UBERON:0038859	UBERON:0009006
UBERON:0038860	UBERON:0009006
UBERON:0038861	UBERON:0016398
UBERON:0038864	UBERON:0016398
UBERON:0038867	UBERON:0016399
UBERON:0038868	UBERON:0007644
UBERON:0038870	UBERON:0016399
UBERON:0038871	UBERON:0016399
UBERON:0038878	UBERON:0037566
UBERON:0038879	UBERON:0037566
UBERON:0038882	UBERON:0037566
UBERON:0038885	UBERON:0007644
UBERON:0038888	UBERON:0002524
UBERON:0038894	UBERON:0012311
UBERON:0038897	UBERON:0015472
UBERON:0038900	UBERON:0015472
UBERON:0038920	UBERON:0015871
UBERON:0038922	UBERON:0015871
UBERON:0038923	UBERON:0015871
UBERON:0038925	UBERON:0015870
UBERON:0038929	UBERON:0012311
UBERON:0038930	UBERON:0012311
UBERON:0038931	UBERON:0012311
UBERON:0038932	UBERON:0012311
UBERON:0038934	UBERON:0012310
UBERON:0038935	UBERON:0012310
UBERON:0038936	UBERON:0012310
UBERON:0038938	UBERON:0002429
UBERON:0038943	UBERON:0037566
UBERON:0038951	UBERON:0015866
UBERON:0038952	UBERON:0015866
UBERON:0038953	UBERON:0015866
UBERON:0039162	UBERON:0016378
UBERON:0039163	UBERON:0002528
UBERON:0039164	UBERON:0002528
UBERON:0039167	UBERON:0007644
UBERON:0039168	UBERON:0037531
UBERON:0039169	UBERON:0005612
UBERON:0039170	UBERON:0004573
UBERON:0039175	UBERON:0000315
UBERON:0039176	UBERON:0000315
UBERON:0039185	UBERON:0001638
UBERON:0039186	UBERON:0001638
UBERON:0039187	UBERON:0001638
UBERON:0039188	UBERON:0001638
UBERON:0039215	UBERON:0001637
UBERON:0039222	UBERON:0001637
UBERON:0039222	UBERON:0015796
UBERON:0039228	UBERON:0001638
UBERON:0039230	UBERON:0001638
UBERON:0039232	UBERON:0001621
UBERON:0039256	UBERON:0001638
UBERON:0039258	UBERON:0039259
UBERON:0039259	UBERON:0001593
UBERON:0039260	UBERON:0004573
UBERON:0039261	UBERON:0001637
UBERON:0039262	UBERON:0002012
UBERON:0039288	UBERON:0000464
UBERON:0039351	UBERON:0001637
UBERON:0039355	UBERON:0001637
UBERON:0039376	UBERON:0001638
UBERON:0039377	UBERON:0001638
UBERON:0039379	UBERON:0001638
UBERON:0039418	UBERON:0004111
UBERON:0039421	UBERON:0039422
UBERON:0039422	UBERON:0001638
UBERON:0039422	UBERON:0005156
UBERON:0039835	UBERON:0005612
UBERON:0039838	UBERON:0039169
UBERON:0039839	UBERON:0039169
UBERON:0039840	UBERON:0039169
UBERON:0039841	UBERON:0039169
UBERON:0039842	UBERON:0039169
UBERON:0039843	UBERON:0039169
UBERON:0039844	UBERON:0039169
UBERON:0039845	UBERON:0039169
UBERON:0039846	UBERON:0039169
UBERON:0039847	UBERON:0004573
UBERON:0039848	UBERON:0039258
UBERON:0039849	UBERON:0039258
UBERON:0039850	UBERON:0001637
UBERON:0039851	UBERON:0039262
UBERON:0039856	UBERON:0001145
UBERON:0039857	UBERON:0001145
UBERON:0700019	UBERON:0006134
UBERON:0700019	UBERON:0011215
UBERON:0700020	UBERON:0700019
UBERON:1000000	UBERON:0001444
UBERON:1000001	UBERON:0014382
UBERON:1000002	UBERON:0001444
UBERON:1000003	UBERON:1000021
UBERON:1000004	UBERON:0014382
UBERON:1000005	UBERON:0010000
UBERON:1000006	UBERON:0010165
UBERON:1000007	UBERON:0010188
UBERON:1000008	UBERON:0001444
UBERON:1000008	UBERON:0015212
UBERON:1000009	UBERON:0001444
UBERON:1000010	UBERON:0000479
UBERON:1000011	UBERON:0034929
UBERON:1000012	UBERON:0034929
UBERON:1000013	UBERON:0034929
UBERON:1000014	UBERON:0001444
UBERON:1000014	UBERON:0015212
UBERON:1000015	UBERON:1000021
UBERON:1000016	UBERON:0034929
UBERON:1000017	UBERON:0034929
UBERON:1000018	UBERON:0010164
UBERON:1000019	UBERON:0001444
UBERON:1000020	UBERON:0010165
UBERON:1000021	UBERON:0001084
UBERON:1000022	UBERON:0015251
UBERON:1000023	UBERON:0000064
UBERON:1000024	UBERON:0000353
UBERON:1100000	UBERON:0007651
UBERON:1200000	UBERON:0034696
UBERON:1200001	UBERON:0002836
UBERON:1200002	UBERON:0000481
UBERON:1200003	UBERON:0000064
UBERON:1200003	UBERON:0005156
UBERON:1200005	UBERON:4100000
UBERON:1200006	UBERON:4100000
UBERON:1200007	UBERON:0005913
UBERON:1200008	UBERON:0005814
UBERON:1200009	UBERON:4100000
UBERON:1200010	UBERON:0005913
UBERON:1200011	UBERON:0005744
UBERON:1200012	UBERON:4100000
UBERON:1200013	UBERON:4100000
UBERON:1200014	UBERON:0005913
UBERON:1200015	UBERON:0005913
UBERON:1200016	UBERON:4100000
UBERON:1200017	UBERON:0005913
UBERON:1200018	UBERON:0005055
UBERON:1200019	UBERON:0005055
UBERON:1200020	UBERON:0005055
UBERON:1200021	UBERON:0005055
UBERON:1200022	UBERON:0005913
UBERON:1200023	UBERON:0001075
UBERON:1200024	UBERON:0005913
UBERON:1200025	UBERON:0006846
UBERON:1200026	UBERON:4100000
UBERON:1200027	UBERON:0004704
UBERON:1200028	UBERON:0006846
UBERON:1200029	UBERON:0006846
UBERON:1200030	UBERON:0005913
UBERON:1200031	UBERON:4100000
UBERON:1200031	UBERON:4200133
UBERON:1200032	UBERON:0004704
UBERON:1200033	UBERON:0005913
UBERON:1200034	UBERON:0005913
UBERON:1200035	UBERON:0005913
UBERON:1200036	UBERON:0005744
UBERON:1200038	UBERON:0005913
UBERON:1200039	UBERON:0005913
UBERON:1200040	UBERON:0005913
UBERON:1200041	UBERON:0005913
UBERON:1200042	UBERON:0005055
UBERON:1200043	UBERON:0005744
UBERON:1200044	UBERON:4100000
UBERON:1200045	UBERON:0013685
UBERON:1200046	UBERON:7500103
UBERON:1200047	UBERON:4100000
UBERON:1200047	UBERON:4200133
UBERON:1200048	UBERON:0005913
UBERON:1200050	UBERON:0005913
UBERON:1200051	UBERON:4100000
UBERON:1200052	UBERON:0005913
UBERON:1200053	UBERON:0013685
UBERON:1200054	UBERON:0005913
UBERON:1200055	UBERON:0006846
UBERON:1200056	UBERON:0006846
UBERON:1200057	UBERON:0006846
UBERON:1200058	UBERON:0006846
UBERON:1200060	UBERON:0006846
UBERON:1200061	UBERON:0006846
UBERON:1200062	UBERON:0006846
UBERON:1200063	UBERON:0006846
UBERON:1200064	UBERON:0006846
UBERON:1200065	UBERON:0006846
UBERON:1200066	UBERON:0006846
UBERON:1200067	UBERON:0005055
UBERON:1200068	UBERON:0005055
UBERON:1200069	UBERON:0005055
UBERON:1200070	UBERON:0005055
UBERON:1200071	UBERON:0005055
UBERON:1200072	UBERON:0005055
UBERON:1200073	UBERON:0005055
UBERON:1200074	UBERON:0005744
UBERON:1200075	UBERON:0005744
UBERON:1200076	UBERON:0010273
UBERON:1200080	UBERON:4100000
UBERON:1200081	UBERON:4100000
UBERON:1200082	UBERON:4100000
UBERON:1200084	UBERON:0005913
UBERON:1200085	UBERON:0005913
UBERON:1200086	UBERON:0005913
UBERON:1200087	UBERON:0005913
UBERON:1200088	UBERON:0005913
UBERON:1200089	UBERON:0005913
UBERON:1200090	UBERON:0005913
UBERON:1200091	UBERON:0005913
UBERON:1200092	UBERON:0005913
UBERON:1200093	UBERON:0005913
UBERON:1200094	UBERON:0005913
UBERON:1200095	UBERON:0005913
UBERON:1200096	UBERON:0005913
UBERON:1200097	UBERON:0005913
UBERON:1200098	UBERON:0005913
UBERON:1200099	UBERON:0005913
UBERON:1200100	UBERON:0005913
UBERON:1200101	UBERON:0005913
UBERON:1200102	UBERON:0005913
UBERON:1200103	UBERON:0006061
UBERON:1200104	UBERON:0006061
UBERON:1200105	UBERON:0005913
UBERON:1200106	UBERON:0005913
UBERON:1200107	UBERON:4100000
UBERON:1200108	UBERON:0005913
UBERON:1200109	UBERON:0005744
UBERON:1200110	UBERON:4100000
UBERON:1200112	UBERON:0004704
UBERON:1200113	UBERON:0005744
UBERON:1200114	UBERON:4100000
UBERON:1200114	UBERON:4200133
UBERON:1200115	UBERON:0005744
UBERON:1200116	UBERON:4100000
UBERON:1200117	UBERON:0005055
UBERON:1200118	UBERON:0005913
UBERON:1200120	UBERON:0008789
UBERON:1200121	UBERON:0004662
UBERON:1200122	UBERON:0004662
UBERON:1200123	UBERON:4100000
UBERON:1200125	UBERON:4100000
UBERON:1200125	UBERON:4200133
UBERON:1200126	UBERON:0005913
UBERON:1200127	UBERON:0005913
UBERON:1200128	UBERON:0005913
UBERON:1200129	UBERON:0006061
UBERON:1200130	UBERON:0006061
UBERON:1200131	UBERON:0006061
UBERON:1200132	UBERON:0006061
UBERON:1200133	UBERON:0006061
UBERON:1200134	UBERON:0005913
UBERON:1200135	UBERON:0013685
UBERON:1200136	UBERON:0004704
UBERON:1200137	UBERON:0013685
UBERON:1200138	UBERON:0005744
UBERON:1200139	UBERON:0005744
UBERON:1200140	UBERON:4100000
UBERON:1200141	UBERON:4100000
UBERON:1200142	UBERON:0005913
UBERON:1200143	UBERON:4100000
UBERON:1200143	UBERON:4200133
UBERON:1200144	UBERON:4100000
UBERON:1200145	UBERON:0006846
UBERON:1200146	UBERON:0005913
UBERON:1200147	UBERON:0013685
UBERON:1200148	UBERON:0005055
UBERON:1200149	UBERON:4100000
UBERON:1200150	UBERON:4100000
UBERON:1200151	UBERON:4100000
UBERON:1200152	UBERON:4100000
UBERON:1200153	UBERON:4100000
UBERON:1200154	UBERON:4100000
UBERON:1200155	UBERON:4100000
UBERON:1200156	UBERON:4100000
UBERON:1200157	UBERON:4100000
UBERON:1200158	UBERON:4100000
UBERON:1200160	UBERON:0006846
UBERON:1200164	UBERON:0018415
UBERON:1200166	UBERON:0005913
UBERON:1200167	UBERON:0005055
UBERON:1200168	UBERON:0001078
UBERON:1200169	UBERON:0001078
UBERON:1200170	UBERON:0005913
UBERON:1200171	UBERON:0005744
UBERON:1200172	UBERON:0005814
UBERON:1200173	UBERON:4100000
UBERON:1200174	UBERON:0005913
UBERON:1200175	UBERON:0005744
UBERON:1200177	UBERON:4100000
UBERON:1200179	UBERON:0004704
UBERON:1200180	UBERON:0005913
UBERON:1200181	UBERON:4100000
UBERON:1200182	UBERON:0005913
UBERON:1200183	UBERON:4100000
UBERON:1200183	UBERON:4200133
UBERON:1200185	UBERON:4100000
UBERON:1200186	UBERON:0004704
UBERON:1200187	UBERON:0006846
UBERON:1200188	UBERON:4100000
UBERON:1200189	UBERON:0005913
UBERON:1200190	UBERON:0005744
UBERON:1200191	UBERON:4100000
UBERON:1200192	UBERON:0005744
UBERON:1200193	UBERON:0005913
UBERON:1200194	UBERON:4100000
UBERON:1200195	UBERON:4100000
UBERON:1200196	UBERON:4100000
UBERON:1200197	UBERON:4100000
UBERON:1200198	UBERON:0005744
UBERON:1200199	UBERON:4100000
UBERON:1200201	UBERON:0005055
UBERON:1200202	UBERON:0005055
UBERON:1200203	UBERON:0005055
UBERON:1200204	UBERON:0005055
UBERON:1200205	UBERON:0005055
UBERON:1200206	UBERON:0001076
UBERON:1200207	UBERON:0001076
UBERON:1200208	UBERON:0005913
UBERON:1200209	UBERON:0005913
UBERON:1200210	UBERON:0005913
UBERON:1200211	UBERON:0005913
UBERON:1200212	UBERON:0005913
UBERON:1200213	UBERON:0005913
UBERON:1200214	UBERON:0005913
UBERON:1200215	UBERON:0005913
UBERON:1200216	UBERON:0005913
UBERON:1200217	UBERON:0005913
UBERON:1200218	UBERON:0005913
UBERON:1200219	UBERON:0005913
UBERON:1200220	UBERON:0005913
UBERON:1200221	UBERON:0005913
UBERON:1200222	UBERON:0005744
UBERON:1200223	UBERON:0004704
UBERON:1200224	UBERON:0004704
UBERON:1200225	UBERON:0005913
UBERON:1200226	UBERON:0005913
UBERON:1200227	UBERON:0005913
UBERON:1200228	UBERON:0005913
UBERON:1200229	UBERON:0005913
UBERON:1200230	UBERON:0005913
UBERON:1200231	UBERON:0005913
UBERON:1200232	UBERON:0005913
UBERON:1200233	UBERON:0005913
UBERON:1200234	UBERON:0005913
UBERON:1200235	UBERON:0005913
UBERON:1200236	UBERON:0005913
UBERON:1200237	UBERON:0005913
UBERON:1200238	UBERON:0005913
UBERON:1200239	UBERON:0005913
UBERON:1200240	UBERON:0005913
UBERON:1200241	UBERON:0005913
UBERON:1200242	UBERON:0005913
UBERON:1200243	UBERON:0005913
UBERON:1200244	UBERON:0005913
UBERON:1200245	UBERON:0005913
UBERON:1200246	UBERON:0005913
UBERON:1200247	UBERON:0005913
UBERON:1200248	UBERON:0005913
UBERON:1200249	UBERON:0005913
UBERON:1200250	UBERON:0006061
UBERON:1200251	UBERON:0006061
UBERON:1200252	UBERON:0005913
UBERON:1200253	UBERON:4100000
UBERON:1200254	UBERON:0005913
UBERON:1200255	UBERON:0005744
UBERON:1200256	UBERON:0005744
UBERON:1200257	UBERON:0004704
UBERON:1200259	UBERON:4100000
UBERON:1200259	UBERON:4200133
UBERON:1200260	UBERON:0013685
UBERON:1200261	UBERON:0004704
UBERON:1200262	UBERON:0005913
UBERON:1200264	UBERON:0005055
UBERON:1200265	UBERON:0005913
UBERON:1200266	UBERON:0005913
UBERON:1200267	UBERON:0005913
UBERON:1200268	UBERON:0005913
UBERON:1200269	UBERON:0005913
UBERON:1200270	UBERON:0005913
UBERON:1200271	UBERON:0005913
UBERON:1200272	UBERON:0005913
UBERON:1200273	UBERON:0005913
UBERON:1200274	UBERON:0005913
UBERON:1200275	UBERON:0005913
UBERON:1200278	UBERON:0005913
UBERON:1200279	UBERON:0005913
UBERON:1200281	UBERON:4100000
UBERON:1200282	UBERON:4100000
UBERON:1200283	UBERON:4100000
UBERON:1200284	UBERON:4100000
UBERON:1200285	UBERON:4100000
UBERON:1200286	UBERON:0005913
UBERON:1200287	UBERON:0005913
UBERON:1200288	UBERON:0008436
UBERON:1200289	UBERON:0008436
UBERON:1200290	UBERON:0008434
UBERON:1200291	UBERON:0008433
UBERON:1200292	UBERON:0008436
UBERON:1200293	UBERON:0008433
UBERON:1200294	UBERON:0008436
UBERON:1200295	UBERON:0008434
UBERON:1200296	UBERON:0008433
UBERON:1200297	UBERON:0008436
UBERON:1200298	UBERON:0008436
UBERON:1200299	UBERON:0000218
UBERON:1200300	UBERON:0008433
UBERON:1200301	UBERON:0008436
UBERON:1200302	UBERON:0008434
UBERON:1200303	UBERON:0008436
UBERON:1200304	UBERON:0008434
UBERON:1200305	UBERON:0008436
UBERON:1200306	UBERON:0008436
UBERON:1200307	UBERON:0008434
UBERON:1200308	UBERON:0008433
UBERON:1200309	UBERON:0008436
UBERON:1200310	UBERON:0008436
UBERON:1200338	UBERON:4100000
UBERON:1200339	UBERON:0006271
UBERON:1500000	UBERON:0005913
UBERON:1500003	UBERON:0000464
UBERON:1500005	UBERON:0005179
UBERON:1500005	UBERON:0007844
UBERON:1500006	UBERON:0004375
UBERON:1500006	UBERON:1600006
UBERON:1500006	UBERON:2000271
UBERON:1500007	UBERON:2201587
UBERON:1500007	UBERON:4300081
UBERON:1500008	UBERON:1600008
UBERON:1500008	UBERON:2000508
UBERON:1500009	UBERON:2000508
UBERON:1500010	UBERON:2000508
UBERON:1600006	UBERON:2100271
UBERON:1600008	UBERON:2100508
UBERON:1600010	UBERON:2100508
UBERON:1700006	UBERON:1600006
UBERON:1700006	UBERON:2200271
UBERON:2000000	UBERON:0002050
UBERON:2000001	UBERON:0002050
UBERON:2000004	UBERON:0005291
UBERON:2000006	UBERON:0000475
UBERON:2000033	UBERON:0000479
UBERON:2000033	UBERON:0004120
UBERON:2000039	UBERON:0001638
UBERON:2000040	UBERON:0003102
UBERON:2000044	UBERON:0003082
UBERON:2000052	UBERON:2000089
UBERON:2000058	UBERON:0002050
UBERON:2000068	UBERON:0002050
UBERON:2000072	UBERON:0002329
UBERON:2000073	UBERON:0002329
UBERON:2000074	UBERON:0002329
UBERON:2000078	UBERON:2000089
UBERON:2000083	UBERON:0000926
UBERON:2000084	UBERON:0002050
UBERON:2000088	UBERON:0002050
UBERON:2000089	UBERON:4400006
UBERON:2000090	UBERON:0004356
UBERON:2000096	UBERON:0004537
UBERON:2000098	UBERON:0000477
UBERON:2000102	UBERON:0000481
UBERON:2000103	UBERON:0008907
UBERON:2000103	UBERON:0011597
UBERON:2000104	UBERON:0008907
UBERON:2000106	UBERON:0000475
UBERON:2000116	UBERON:0000054
UBERON:2000120	UBERON:0001714
UBERON:2000120	UBERON:0004121
UBERON:2000125	UBERON:0008904
UBERON:2000127	UBERON:0003462
UBERON:2000127	UBERON:0008907
UBERON:2000127	UBERON:0010321
UBERON:2000136	UBERON:0008904
UBERON:2000139	UBERON:0003103
UBERON:2000156	UBERON:0002329
UBERON:2000157	UBERON:0002329
UBERON:2000164	UBERON:0003104
UBERON:2000165	UBERON:0002616
UBERON:2000168	UBERON:0000054
UBERON:2000171	UBERON:0002513
UBERON:2000171	UBERON:2001892
UBERON:2000174	UBERON:0002317
UBERON:2000175	UBERON:0008906
UBERON:2000176	UBERON:0009663
UBERON:2000177	UBERON:0000933
UBERON:2000178	UBERON:0003102
UBERON:2000182	UBERON:0015233
UBERON:2000183	UBERON:0002616
UBERON:2000185	UBERON:0002437
UBERON:2000187	UBERON:0002616
UBERON:2000188	UBERON:0002616
UBERON:2000193	UBERON:0006568
UBERON:2000194	UBERON:0035566
UBERON:2000195	UBERON:2005270
UBERON:2000196	UBERON:0002513
UBERON:2000199	UBERON:0002616
UBERON:2000201	UBERON:0000933
UBERON:2000202	UBERON:0003469
UBERON:2000203	UBERON:0002513
UBERON:2000203	UBERON:0003462
UBERON:2000203	UBERON:0010321
UBERON:2000203	UBERON:0011164
UBERON:2000205	UBERON:0000366
UBERON:2000209	UBERON:2002226
UBERON:2000210	UBERON:0000479
UBERON:2000211	UBERON:0000481
UBERON:2000212	UBERON:0002616
UBERON:2000214	UBERON:0003498
UBERON:2000216	UBERON:0001774
UBERON:2000221	UBERON:0000933
UBERON:2000222	UBERON:0004132
UBERON:2000223	UBERON:2000376
UBERON:2000224	UBERON:4100000
UBERON:2000225	UBERON:0003240
UBERON:2000225	UBERON:0003249
UBERON:2000226	UBERON:0002513
UBERON:2000226	UBERON:0011164
UBERON:2000226	UBERON:4300111
UBERON:2000228	UBERON:0000479
UBERON:2000230	UBERON:0014892
UBERON:2000232	UBERON:2002215
UBERON:2000233	UBERON:0000479
UBERON:2000234	UBERON:0000054
UBERON:2000238	UBERON:0002265
UBERON:2000239	UBERON:0002513
UBERON:2000239	UBERON:0007829
UBERON:2000239	UBERON:4300092
UBERON:2000240	UBERON:0002513
UBERON:2000240	UBERON:0011597
UBERON:2000241	UBERON:0000477
UBERON:2000245	UBERON:0004132
UBERON:2000248	UBERON:0007251
UBERON:2000250	UBERON:0008907
UBERON:2000251	UBERON:4000162
UBERON:2000259	UBERON:2001470
UBERON:2000261	UBERON:0000933
UBERON:2000264	UBERON:0008907
UBERON:2000267	UBERON:0000479
UBERON:2000268	UBERON:2001671
UBERON:2000268	UBERON:2100268
UBERON:2000269	UBERON:0000366
UBERON:2000271	UBERON:0002513
UBERON:2000271	UBERON:0004376
UBERON:2000271	UBERON:2100271
UBERON:2000274	UBERON:2000401
UBERON:2000276	UBERON:0015234
UBERON:2000278	UBERON:0007635
UBERON:2000280	UBERON:0002616
UBERON:2000284	UBERON:0008907
UBERON:2000285	UBERON:0011145
UBERON:2000285	UBERON:0014794
UBERON:2000286	UBERON:0001774
UBERON:2000287	UBERON:0000366
UBERON:2000288	UBERON:0001774
UBERON:2000289	UBERON:0008907
UBERON:2000291	UBERON:2000381
UBERON:2000293	UBERON:0002616
UBERON:2000294	UBERON:0006569
UBERON:2000296	UBERON:0002164
UBERON:2000297	UBERON:0007635
UBERON:2000298	UBERON:0003102
UBERON:2000300	UBERON:0002513
UBERON:2000305	UBERON:0006846
UBERON:2000307	UBERON:0002616
UBERON:2000309	UBERON:0005291
UBERON:2000311	UBERON:0004120
UBERON:2000311	UBERON:0010959
UBERON:2000311	UBERON:0011145
UBERON:2000313	UBERON:2005276
UBERON:2000315	UBERON:0002280
UBERON:2000318	UBERON:0002316
UBERON:2000319	UBERON:0000479
UBERON:2000321	UBERON:0000933
UBERON:2000322	UBERON:2000401
UBERON:2000324	UBERON:0006568
UBERON:2000335	UBERON:0002164
UBERON:2000336	UBERON:0008907
UBERON:2000337	UBERON:0002513
UBERON:2000337	UBERON:0011164
UBERON:2000341	UBERON:0000366
UBERON:2000342	UBERON:2005276
UBERON:2000347	UBERON:0002616
UBERON:2000348	UBERON:0002513
UBERON:2000348	UBERON:0011164
UBERON:2000349	UBERON:0001774
UBERON:2000350	UBERON:2000526
UBERON:2000352	UBERON:0000479
UBERON:2000356	UBERON:0008907
UBERON:2000358	UBERON:0000479
UBERON:2000362	UBERON:0001774
UBERON:2000363	UBERON:0002513
UBERON:2000363	UBERON:2001893
UBERON:2000364	UBERON:0004376
UBERON:2000364	UBERON:2001364
UBERON:2000371	UBERON:0000933
UBERON:2000372	UBERON:0007635
UBERON:2000373	UBERON:0004120
UBERON:2000373	UBERON:0005174
UBERON:2000373	UBERON:2000089
UBERON:2000375	UBERON:2000089
UBERON:2000376	UBERON:0003462
UBERON:2000376	UBERON:0008907
UBERON:2000376	UBERON:0010321
UBERON:2000381	UBERON:0007635
UBERON:2000384	UBERON:0011648
UBERON:2000388	UBERON:0002616
UBERON:2000389	UBERON:0007635
UBERON:2000390	UBERON:2002226
UBERON:2000392	UBERON:0002616
UBERON:2000394	UBERON:0000479
UBERON:2000397	UBERON:0006569
UBERON:2000398	UBERON:0007635
UBERON:2000399	UBERON:0004132
UBERON:2000401	UBERON:0000126
UBERON:2000401	UBERON:0007635
UBERON:2000408	UBERON:0006569
UBERON:2000410	UBERON:0007829
UBERON:2000410	UBERON:0008907
UBERON:2000411	UBERON:0003239
UBERON:2000411	UBERON:0003249
UBERON:2000412	UBERON:2002215
UBERON:2000414	UBERON:0002050
UBERON:2000419	UBERON:0002513
UBERON:2000419	UBERON:0011164
UBERON:2000422	UBERON:0002513
UBERON:2000422	UBERON:0004768
UBERON:2000424	UBERON:2001470
UBERON:2000425	UBERON:0008906
UBERON:2000426	UBERON:0007251
UBERON:2000426	UBERON:2002219
UBERON:2000429	UBERON:0003861
UBERON:2000429	UBERON:0005814
UBERON:2000430	UBERON:0014649
UBERON:2000437	UBERON:2000089
UBERON:2000438	UBERON:0004376
UBERON:2000438	UBERON:2001364
UBERON:2000439	UBERON:0006845
UBERON:2000439	UBERON:0014795
UBERON:2000440	UBERON:0006331
UBERON:2000440	UBERON:0009662
UBERON:2000442	UBERON:0001474
UBERON:2000442	UBERON:4300035
UBERON:2000448	UBERON:0006569
UBERON:2000449	UBERON:0002616
UBERON:2000451	UBERON:0000479
UBERON:2000452	UBERON:0008907
UBERON:2000454	UBERON:0035566
UBERON:2000455	UBERON:0000366
UBERON:2000459	UBERON:0015234
UBERON:2000460	UBERON:2000089
UBERON:2000461	UBERON:0000491
UBERON:2000461	UBERON:0004765
UBERON:2000462	UBERON:0005493
UBERON:2000464	UBERON:2001470
UBERON:2000465	UBERON:0005493
UBERON:2000466	UBERON:2005270
UBERON:2000468	UBERON:0001048
UBERON:2000469	UBERON:2002215
UBERON:2000474	UBERON:0007842
UBERON:2000474	UBERON:0011164
UBERON:2000475	UBERON:0006569
UBERON:2000476	UBERON:0008907
UBERON:2000479	UBERON:0000073
UBERON:2000480	UBERON:2000381
UBERON:2000481	UBERON:2002226
UBERON:2000482	UBERON:0006569
UBERON:2000484	UBERON:0001637
UBERON:2000485	UBERON:0006568
UBERON:2000488	UBERON:0002513
UBERON:2000488	UBERON:2001898
UBERON:2000492	UBERON:0014794
UBERON:2000495	UBERON:2000376
UBERON:2000497	UBERON:0011145
UBERON:2000497	UBERON:0014795
UBERON:2000498	UBERON:0011648
UBERON:2000499	UBERON:0014794
UBERON:2000499	UBERON:2002147
UBERON:2000500	UBERON:2005267
UBERON:2000502	UBERON:0002633
UBERON:2000503	UBERON:0000933
UBERON:2000504	UBERON:0000933
UBERON:2000507	UBERON:2000526
UBERON:2000508	UBERON:0010742
UBERON:2000508	UBERON:1500006
UBERON:2000508	UBERON:2100508
UBERON:2000510	UBERON:0000933
UBERON:2000512	UBERON:0007635
UBERON:2000516	UBERON:0002616
UBERON:2000517	UBERON:0002616
UBERON:2000522	UBERON:0005493
UBERON:2000523	UBERON:0007635
UBERON:2000525	UBERON:0000218
UBERON:2000525	UBERON:2000461
UBERON:2000526	UBERON:0002513
UBERON:2000527	UBERON:0002513
UBERON:2000527	UBERON:2001909
UBERON:2000528	UBERON:0014892
UBERON:2000530	UBERON:0002280
UBERON:2000532	UBERON:0002616
UBERON:2000540	UBERON:2000401
UBERON:2000542	UBERON:0000477
UBERON:2000544	UBERON:2000089
UBERON:2000549	UBERON:0007829
UBERON:2000549	UBERON:0008907
UBERON:2000549	UBERON:0011164
UBERON:2000551	UBERON:0007635
UBERON:2000555	UBERON:0003102
UBERON:2000557	UBERON:2000734
UBERON:2000558	UBERON:0000054
UBERON:2000564	UBERON:0006845
UBERON:2000564	UBERON:0014795
UBERON:2000573	UBERON:0000479
UBERON:2000576	UBERON:0002513
UBERON:2000576	UBERON:0008907
UBERON:2000576	UBERON:0011164
UBERON:2000579	UBERON:0002316
UBERON:2000580	UBERON:2002226
UBERON:2000581	UBERON:0006568
UBERON:2000582	UBERON:0000479
UBERON:2000585	UBERON:0003932
UBERON:2000586	UBERON:2000734
UBERON:2000587	UBERON:0002513
UBERON:2000587	UBERON:0011164
UBERON:2000589	UBERON:0006846
UBERON:2000592	UBERON:0011145
UBERON:2000592	UBERON:0014795
UBERON:2000593	UBERON:0007635
UBERON:2000594	UBERON:0007829
UBERON:2000594	UBERON:0008907
UBERON:2000596	UBERON:2000089
UBERON:2000599	UBERON:0002616
UBERON:2000602	UBERON:0003861
UBERON:2000602	UBERON:0004376
UBERON:2000603	UBERON:0002616
UBERON:2000608	UBERON:0000933
UBERON:2000609	UBERON:0011214
UBERON:2000610	UBERON:2001089
UBERON:2000611	UBERON:0000477
UBERON:2000614	UBERON:0006845
UBERON:2000614	UBERON:0014794
UBERON:2000615	UBERON:0005493
UBERON:2000616	UBERON:0011145
UBERON:2000616	UBERON:0014794
UBERON:2000617	UBERON:2005267
UBERON:2000620	UBERON:0002513
UBERON:2000620	UBERON:0011597
UBERON:2000622	UBERON:3000972
UBERON:2000623	UBERON:0002513
UBERON:2000623	UBERON:0007830
UBERON:2000623	UBERON:2100623
UBERON:2000627	UBERON:0002513
UBERON:2000628	UBERON:0007271
UBERON:2000629	UBERON:0006331
UBERON:2000629	UBERON:0009662
UBERON:2000630	UBERON:0007251
UBERON:2000630	UBERON:2002219
UBERON:2000633	UBERON:0002616
UBERON:2000634	UBERON:0002616
UBERON:2000636	UBERON:0000479
UBERON:2000637	UBERON:2001457
UBERON:2000637	UBERON:4300190
UBERON:2000638	UBERON:0002437
UBERON:2000639	UBERON:0002317
UBERON:2000643	UBERON:0002316
UBERON:2000645	UBERON:2000401
UBERON:2000646	UBERON:2001671
UBERON:2000646	UBERON:2100646
UBERON:2000647	UBERON:0015233
UBERON:2000648	UBERON:0004469
UBERON:2000648	UBERON:0007271
UBERON:2000651	UBERON:0014795
UBERON:2000651	UBERON:2002147
UBERON:2000654	UBERON:0006331
UBERON:2000654	UBERON:0009662
UBERON:2000657	UBERON:0008907
UBERON:2000657	UBERON:0011597
UBERON:2000658	UBERON:0002513
UBERON:2000658	UBERON:2001904
UBERON:2000660	UBERON:0001076
UBERON:2000662	UBERON:0000933
UBERON:2000663	UBERON:0007829
UBERON:2000663	UBERON:0008907
UBERON:2000666	UBERON:0003469
UBERON:2000673	UBERON:0001637
UBERON:2000674	UBERON:0008907
UBERON:2000676	UBERON:0002280
UBERON:2000677	UBERON:0005612
UBERON:2000685	UBERON:0006845
UBERON:2000685	UBERON:0014794
UBERON:2000687	UBERON:0002616
UBERON:2000691	UBERON:0003462
UBERON:2000691	UBERON:0008907
UBERON:2000691	UBERON:0010321
UBERON:2000692	UBERON:0002513
UBERON:2000693	UBERON:2000401
UBERON:2000694	UBERON:0001091
UBERON:2000694	UBERON:0004121
UBERON:2000695	UBERON:0000464
UBERON:2000698	UBERON:0002513
UBERON:2000698	UBERON:2000461
UBERON:2000699	UBERON:4100000
UBERON:2000701	UBERON:0014794
UBERON:2000701	UBERON:2002147
UBERON:2000703	UBERON:0002633
UBERON:2000704	UBERON:0014795
UBERON:2000704	UBERON:2002147
UBERON:2000707	UBERON:0002616
UBERON:2000710	UBERON:0007635
UBERON:2000711	UBERON:0002050
UBERON:2000712	UBERON:0005291
UBERON:2000715	UBERON:0005493
UBERON:2000716	UBERON:0003469
UBERON:2000717	UBERON:0004356
UBERON:2000718	UBERON:0003900
UBERON:2000725	UBERON:0002329
UBERON:2000726	UBERON:0002329
UBERON:2000727	UBERON:0002329
UBERON:2000728	UBERON:0002329
UBERON:2000729	UBERON:0003900
UBERON:2000730	UBERON:0002329
UBERON:2000731	UBERON:0002329
UBERON:2000732	UBERON:0002329
UBERON:2000733	UBERON:0002329
UBERON:2000734	UBERON:0001095
UBERON:2000734	UBERON:0004376
UBERON:2000735	UBERON:0002513
UBERON:2000735	UBERON:0004247
UBERON:2000739	UBERON:0003900
UBERON:2000740	UBERON:0003900
UBERON:2000741	UBERON:0003900
UBERON:2000742	UBERON:0003900
UBERON:2000743	UBERON:0003900
UBERON:2000744	UBERON:0003900
UBERON:2000745	UBERON:0003900
UBERON:2000746	UBERON:0003900
UBERON:2000747	UBERON:0003900
UBERON:2000748	UBERON:0003900
UBERON:2000749	UBERON:0003900
UBERON:2000751	UBERON:0003900
UBERON:2000766	UBERON:0000479
UBERON:2000767	UBERON:0003895
UBERON:2000768	UBERON:0003895
UBERON:2000769	UBERON:0003895
UBERON:2000770	UBERON:0003895
UBERON:2000771	UBERON:0003895
UBERON:2000772	UBERON:0003895
UBERON:2000774	UBERON:0003895
UBERON:2000775	UBERON:0003895
UBERON:2000776	UBERON:0003895
UBERON:2000777	UBERON:0003895
UBERON:2000779	UBERON:0011299
UBERON:2000788	UBERON:0003104
UBERON:2000801	UBERON:0003082
UBERON:2000802	UBERON:0003082
UBERON:2000803	UBERON:0003082
UBERON:2000804	UBERON:0003082
UBERON:2000805	UBERON:0003082
UBERON:2000807	UBERON:0003082
UBERON:2000808	UBERON:0003082
UBERON:2000809	UBERON:0003082
UBERON:2000810	UBERON:0003082
UBERON:2000813	UBERON:0008904
UBERON:2000814	UBERON:0008904
UBERON:2000815	UBERON:0007635
UBERON:2000820	UBERON:0002050
UBERON:2000826	UBERON:0011214
UBERON:2000829	UBERON:0003089
UBERON:2000830	UBERON:0003089
UBERON:2000831	UBERON:0003089
UBERON:2000832	UBERON:0003089
UBERON:2000833	UBERON:0003089
UBERON:2000834	UBERON:0003089
UBERON:2000835	UBERON:0003089
UBERON:2000836	UBERON:0003089
UBERON:2000837	UBERON:0003089
UBERON:2000839	UBERON:0003089
UBERON:2000851	UBERON:0002329
UBERON:2000852	UBERON:0002329
UBERON:2000853	UBERON:0002329
UBERON:2000854	UBERON:0002329
UBERON:2000855	UBERON:0002329
UBERON:2000856	UBERON:0002329
UBERON:2000857	UBERON:0002329
UBERON:2000858	UBERON:0002329
UBERON:2000859	UBERON:0002513
UBERON:2000859	UBERON:0004376
UBERON:2000864	UBERON:0003900
UBERON:2000865	UBERON:0003900
UBERON:2000866	UBERON:0003900
UBERON:2000867	UBERON:0003900
UBERON:2000868	UBERON:0003900
UBERON:2000869	UBERON:0003900
UBERON:2000870	UBERON:0003900
UBERON:2000872	UBERON:0003900
UBERON:2000873	UBERON:0003900
UBERON:2000874	UBERON:0003900
UBERON:2000887	UBERON:0003079
UBERON:2000891	UBERON:0003895
UBERON:2000892	UBERON:0003895
UBERON:2000894	UBERON:0003895
UBERON:2000895	UBERON:0003895
UBERON:2000896	UBERON:0003895
UBERON:2000897	UBERON:0003895
UBERON:2000898	UBERON:0003895
UBERON:2000899	UBERON:0003895
UBERON:2000900	UBERON:0003895
UBERON:2000901	UBERON:0003895
UBERON:2000902	UBERON:0014892
UBERON:2000910	UBERON:0003931
UBERON:2000910	UBERON:0011299
UBERON:2000911	UBERON:4100000
UBERON:2000912	UBERON:0003104
UBERON:2000913	UBERON:0000479
UBERON:2000924	UBERON:0003082
UBERON:2000925	UBERON:0003895
UBERON:2000926	UBERON:0003082
UBERON:2000927	UBERON:0003082
UBERON:2000928	UBERON:0003082
UBERON:2000929	UBERON:0003082
UBERON:2000930	UBERON:0003082
UBERON:2000931	UBERON:0003082
UBERON:2000932	UBERON:0003082
UBERON:2000933	UBERON:0003082
UBERON:2000934	UBERON:0003082
UBERON:2000936	UBERON:2001672
UBERON:2000936	UBERON:2100936
UBERON:2000937	UBERON:0003895
UBERON:2000939	UBERON:0008904
UBERON:2000940	UBERON:0008904
UBERON:2000941	UBERON:0006569
UBERON:2000946	UBERON:0003895
UBERON:2000947	UBERON:2001672
UBERON:2000947	UBERON:2100947
UBERON:2000952	UBERON:0003089
UBERON:2000953	UBERON:0003089
UBERON:2000954	UBERON:0003089
UBERON:2000955	UBERON:0003089
UBERON:2000956	UBERON:0003089
UBERON:2000957	UBERON:0003895
UBERON:2000958	UBERON:0003089
UBERON:2000959	UBERON:0003089
UBERON:2000960	UBERON:0003089
UBERON:2000961	UBERON:0003089
UBERON:2000962	UBERON:0003089
UBERON:2000968	UBERON:0003895
UBERON:2000974	UBERON:0002329
UBERON:2000975	UBERON:0002329
UBERON:2000976	UBERON:0002329
UBERON:2000977	UBERON:0002329
UBERON:2000978	UBERON:0002329
UBERON:2000979	UBERON:0003895
UBERON:2000980	UBERON:0002329
UBERON:2000981	UBERON:0002329
UBERON:2000982	UBERON:0002329
UBERON:2000983	UBERON:0002329
UBERON:2000984	UBERON:0006331
UBERON:2000984	UBERON:0007414
UBERON:2000984	UBERON:0009661
UBERON:2000985	UBERON:0014649
UBERON:2000986	UBERON:0003895
UBERON:2000987	UBERON:0003895
UBERON:2000988	UBERON:0003895
UBERON:2000989	UBERON:0003895
UBERON:2000991	UBERON:0003900
UBERON:2000993	UBERON:0005291
UBERON:2000997	UBERON:0004132
UBERON:2001001	UBERON:0003900
UBERON:2001012	UBERON:0003900
UBERON:2001013	UBERON:0003082
UBERON:2001014	UBERON:0003082
UBERON:2001015	UBERON:0003082
UBERON:2001016	UBERON:0003082
UBERON:2001017	UBERON:0003082
UBERON:2001018	UBERON:0003082
UBERON:2001019	UBERON:0003082
UBERON:2001020	UBERON:0003082
UBERON:2001021	UBERON:0003082
UBERON:2001022	UBERON:0003082
UBERON:2001023	UBERON:0003900
UBERON:2001025	UBERON:0008904
UBERON:2001026	UBERON:0008904
UBERON:2001028	UBERON:4100000
UBERON:2001030	UBERON:0003900
UBERON:2001036	UBERON:0003089
UBERON:2001037	UBERON:0003089
UBERON:2001038	UBERON:0003089
UBERON:2001039	UBERON:0003089
UBERON:2001040	UBERON:0003900
UBERON:2001041	UBERON:0003089
UBERON:2001042	UBERON:0003089
UBERON:2001043	UBERON:0003089
UBERON:2001044	UBERON:0003089
UBERON:2001045	UBERON:0003089
UBERON:2001046	UBERON:0003089
UBERON:2001051	UBERON:0003496
UBERON:2001051	UBERON:0004573
UBERON:2001052	UBERON:0003496
UBERON:2001052	UBERON:0009141
UBERON:2001053	UBERON:0004573
UBERON:2001054	UBERON:0001637
UBERON:2001055	UBERON:0000464
UBERON:2001059	UBERON:0003496
UBERON:2001059	UBERON:0004573
UBERON:2001060	UBERON:2001457
UBERON:2001062	UBERON:0001637
UBERON:2001063	UBERON:0003481
UBERON:2001069	UBERON:0000481
UBERON:2001073	UBERON:0002049
UBERON:2001076	UBERON:0000481
UBERON:2001089	UBERON:0000476
UBERON:2001095	UBERON:0002050
UBERON:2001096	UBERON:2001095
UBERON:2001097	UBERON:2001095
UBERON:2001102	UBERON:2000139
UBERON:2001103	UBERON:2000139
UBERON:2001118	UBERON:0003102
UBERON:2001125	UBERON:0005291
UBERON:2001126	UBERON:0005291
UBERON:2001129	UBERON:0004117
UBERON:2001137	UBERON:0009678
UBERON:2001139	UBERON:0009678
UBERON:2001140	UBERON:0009678
UBERON:2001141	UBERON:2000694
UBERON:2001142	UBERON:2000694
UBERON:2001143	UBERON:2000694
UBERON:2001144	UBERON:2000694
UBERON:2001145	UBERON:2000694
UBERON:2001146	UBERON:2000694
UBERON:2001147	UBERON:2000694
UBERON:2001148	UBERON:2000694
UBERON:2001150	UBERON:2000694
UBERON:2001151	UBERON:2000694
UBERON:2001152	UBERON:2000694
UBERON:2001154	UBERON:0007271
UBERON:2001156	UBERON:0003067
UBERON:2001157	UBERON:0004121
UBERON:2001157	UBERON:2000228
UBERON:2001160	UBERON:2002294
UBERON:2001163	UBERON:0002513
UBERON:2001163	UBERON:2000442
UBERON:2001163	UBERON:4300219
UBERON:2001164	UBERON:0002513
UBERON:2001164	UBERON:2000442
UBERON:2001164	UBERON:4300218
UBERON:2001165	UBERON:0002513
UBERON:2001165	UBERON:2000442
UBERON:2001165	UBERON:4300217
UBERON:2001166	UBERON:0002513
UBERON:2001166	UBERON:2000442
UBERON:2001166	UBERON:4300221
UBERON:2001167	UBERON:0010913
UBERON:2001168	UBERON:0010913
UBERON:2001169	UBERON:0010913
UBERON:2001170	UBERON:0010913
UBERON:2001171	UBERON:0002513
UBERON:2001171	UBERON:2000461
UBERON:2001172	UBERON:2001457
UBERON:2001179	UBERON:0000479
UBERON:2001181	UBERON:0000479
UBERON:2001183	UBERON:0000481
UBERON:2001186	UBERON:0000476
UBERON:2001188	UBERON:0000477
UBERON:2001190	UBERON:4300223
UBERON:2001191	UBERON:0002513
UBERON:2001191	UBERON:2000442
UBERON:2001191	UBERON:4300214
UBERON:2001192	UBERON:0002513
UBERON:2001192	UBERON:2000442
UBERON:2001192	UBERON:4300215
UBERON:2001193	UBERON:0002513
UBERON:2001193	UBERON:2000442
UBERON:2001193	UBERON:4300220
UBERON:2001200	UBERON:0000479
UBERON:2001200	UBERON:0002368
UBERON:2001200	UBERON:0005172
UBERON:2001201	UBERON:2000083
UBERON:2001220	UBERON:0011004
UBERON:2001221	UBERON:2001220
UBERON:2001222	UBERON:2001220
UBERON:2001223	UBERON:0002513
UBERON:2001223	UBERON:0004740
UBERON:2001223	UBERON:2001915
UBERON:2001224	UBERON:0002513
UBERON:2001224	UBERON:0004740
UBERON:2001224	UBERON:2001916
UBERON:2001225	UBERON:0002513
UBERON:2001225	UBERON:0004740
UBERON:2001225	UBERON:2001917
UBERON:2001226	UBERON:0002513
UBERON:2001226	UBERON:0004740
UBERON:2001226	UBERON:2001918
UBERON:2001228	UBERON:0010912
UBERON:2001229	UBERON:0010912
UBERON:2001230	UBERON:0010912
UBERON:2001231	UBERON:0010912
UBERON:2001232	UBERON:0010912
UBERON:2001233	UBERON:2000363
UBERON:2001233	UBERON:2001894
UBERON:2001234	UBERON:2000363
UBERON:2001234	UBERON:2001897
UBERON:2001235	UBERON:2000363
UBERON:2001235	UBERON:2001896
UBERON:2001236	UBERON:2000363
UBERON:2001236	UBERON:2001895
UBERON:2001237	UBERON:2000488
UBERON:2001237	UBERON:2001899
UBERON:2001239	UBERON:2000488
UBERON:2001239	UBERON:2001903
UBERON:2001240	UBERON:2000488
UBERON:2001240	UBERON:2001902
UBERON:2001241	UBERON:2000488
UBERON:2001241	UBERON:2001901
UBERON:2001242	UBERON:2000488
UBERON:2001242	UBERON:2001900
UBERON:2001243	UBERON:2000658
UBERON:2001243	UBERON:2001905
UBERON:2001244	UBERON:2001527
UBERON:2001245	UBERON:2000658
UBERON:2001245	UBERON:2001908
UBERON:2001246	UBERON:2000658
UBERON:2001246	UBERON:2001906
UBERON:2001247	UBERON:2000658
UBERON:2001247	UBERON:2001907
UBERON:2001248	UBERON:0000477
UBERON:2001250	UBERON:2000527
UBERON:2001250	UBERON:2001911
UBERON:2001251	UBERON:2001533
UBERON:2001251	UBERON:2001913
UBERON:2001252	UBERON:2000527
UBERON:2001252	UBERON:2001912
UBERON:2001253	UBERON:0003861
UBERON:2001254	UBERON:0000477
UBERON:2001256	UBERON:0005291
UBERON:2001257	UBERON:0005291
UBERON:2001263	UBERON:0001305
UBERON:2001265	UBERON:0001305
UBERON:2001266	UBERON:0001305
UBERON:2001269	UBERON:0004708
UBERON:2001269	UBERON:0007567
UBERON:2001274	UBERON:0004768
UBERON:2001274	UBERON:0008907
UBERON:2001274	UBERON:4000134
UBERON:2001275	UBERON:0002513
UBERON:2001277	UBERON:0000481
UBERON:2001278	UBERON:0000481
UBERON:2001279	UBERON:2000476
UBERON:2001280	UBERON:2000476
UBERON:2001281	UBERON:2000476
UBERON:2001286	UBERON:0010204
UBERON:2001293	UBERON:0003103
UBERON:2001293	UBERON:0004120
UBERON:2001293	UBERON:0005172
UBERON:2001297	UBERON:0003078
UBERON:2001298	UBERON:0003078
UBERON:2001299	UBERON:0003078
UBERON:2001300	UBERON:0003078
UBERON:2001302	UBERON:0009127
UBERON:2001303	UBERON:0009127
UBERON:2001304	UBERON:0009127
UBERON:2001305	UBERON:0009127
UBERON:2001312	UBERON:2001391
UBERON:2001313	UBERON:2001391
UBERON:2001314	UBERON:2000120
UBERON:2001316	UBERON:0003067
UBERON:2001324	UBERON:0000383
UBERON:2001333	UBERON:2001275
UBERON:2001335	UBERON:2001457
UBERON:2001340	UBERON:0006569
UBERON:2001341	UBERON:0000477
UBERON:2001342	UBERON:0002050
UBERON:2001343	UBERON:0007651
UBERON:2001347	UBERON:0000479
UBERON:2001348	UBERON:0000479
UBERON:2001349	UBERON:0000479
UBERON:2001352	UBERON:0000479
UBERON:2001357	UBERON:0000479
UBERON:2001361	UBERON:2001457
UBERON:2001363	UBERON:0000477
UBERON:2001364	UBERON:0002513
UBERON:2001364	UBERON:0004247
UBERON:2001366	UBERON:0003931
UBERON:2001371	UBERON:0000467
UBERON:2001378	UBERON:0005291
UBERON:2001382	UBERON:4100000
UBERON:2001388	UBERON:0012437
UBERON:2001389	UBERON:0000483
UBERON:2001391	UBERON:2000120
UBERON:2001392	UBERON:0003109
UBERON:2001392	UBERON:0011370
UBERON:2001393	UBERON:0003109
UBERON:2001394	UBERON:0003861
UBERON:2001395	UBERON:0003861
UBERON:2001396	UBERON:0002513
UBERON:2001397	UBERON:2000442
UBERON:2001403	UBERON:0008907
UBERON:2001403	UBERON:0011164
UBERON:2001404	UBERON:0002513
UBERON:2001404	UBERON:0011164
UBERON:2001406	UBERON:0002513
UBERON:2001406	UBERON:0008907
UBERON:2001406	UBERON:0011164
UBERON:2001406	UBERON:0011597
UBERON:2001407	UBERON:2000376
UBERON:2001408	UBERON:2000376
UBERON:2001409	UBERON:2000376
UBERON:2001412	UBERON:0002513
UBERON:2001412	UBERON:0011164
UBERON:2001415	UBERON:1500008
UBERON:2001415	UBERON:2101415
UBERON:2001416	UBERON:1500008
UBERON:2001416	UBERON:2101416
UBERON:2001417	UBERON:1500008
UBERON:2001417	UBERON:2101417
UBERON:2001419	UBERON:0000477
UBERON:2001420	UBERON:0000477
UBERON:2001425	UBERON:0003932
UBERON:2001426	UBERON:0005928
UBERON:2001427	UBERON:0005928
UBERON:2001428	UBERON:0019306
UBERON:2001430	UBERON:0003928
UBERON:2001431	UBERON:0000483
UBERON:2001431	UBERON:0005291
UBERON:2001432	UBERON:0010297
UBERON:2001433	UBERON:0010297
UBERON:2001437	UBERON:0000058
UBERON:2001450	UBERON:0004356
UBERON:2001456	UBERON:0007390
UBERON:2001457	UBERON:0007844
UBERON:2001463	UBERON:2002284
UBERON:2001467	UBERON:0000926
UBERON:2001468	UBERON:0002540
UBERON:2001470	UBERON:0010202
UBERON:2001471	UBERON:0002540
UBERON:2001472	UBERON:0008904
UBERON:2001474	UBERON:0000477
UBERON:2001475	UBERON:2001275
UBERON:2001476	UBERON:2001275
UBERON:2001480	UBERON:0008906
UBERON:2001481	UBERON:0008906
UBERON:2001482	UBERON:0008906
UBERON:2001483	UBERON:2000120
UBERON:2001502	UBERON:0003932
UBERON:2001504	UBERON:0003932
UBERON:2001505	UBERON:0003932
UBERON:2001508	UBERON:0003932
UBERON:2001511	UBERON:0011004
UBERON:2001511	UBERON:2001892
UBERON:2001515	UBERON:0003932
UBERON:2001516	UBERON:0011004
UBERON:2001516	UBERON:2001898
UBERON:2001517	UBERON:2001516
UBERON:2001517	UBERON:2001900
UBERON:2001518	UBERON:2001516
UBERON:2001518	UBERON:2001901
UBERON:2001519	UBERON:2001516
UBERON:2001519	UBERON:2001902
UBERON:2001520	UBERON:2001516
UBERON:2001520	UBERON:2001899
UBERON:2001521	UBERON:2001516
UBERON:2001521	UBERON:2001903
UBERON:2001522	UBERON:0011004
UBERON:2001522	UBERON:2001893
UBERON:2001523	UBERON:2001522
UBERON:2001523	UBERON:2001897
UBERON:2001524	UBERON:2001522
UBERON:2001524	UBERON:2001894
UBERON:2001525	UBERON:2001522
UBERON:2001525	UBERON:2001895
UBERON:2001526	UBERON:2001522
UBERON:2001526	UBERON:2001896
UBERON:2001527	UBERON:0011004
UBERON:2001527	UBERON:2001904
UBERON:2001528	UBERON:2001527
UBERON:2001528	UBERON:2001905
UBERON:2001529	UBERON:2001527
UBERON:2001529	UBERON:2001907
UBERON:2001530	UBERON:2001527
UBERON:2001530	UBERON:2001906
UBERON:2001531	UBERON:2001527
UBERON:2001531	UBERON:2001908
UBERON:2001532	UBERON:2001544
UBERON:2001533	UBERON:0011004
UBERON:2001533	UBERON:2001909
UBERON:2001534	UBERON:2001533
UBERON:2001534	UBERON:2001912
UBERON:2001535	UBERON:2001457
UBERON:2001536	UBERON:2001533
UBERON:2001536	UBERON:2001911
UBERON:2001537	UBERON:0007844
UBERON:2001537	UBERON:4300092
UBERON:2001538	UBERON:0007844
UBERON:2001539	UBERON:0007844
UBERON:2001539	UBERON:2100623
UBERON:2001540	UBERON:2001538
UBERON:2001541	UBERON:2001538
UBERON:2001542	UBERON:2001538
UBERON:2001544	UBERON:0011004
UBERON:2001545	UBERON:2001544
UBERON:2001546	UBERON:0001076
UBERON:2001547	UBERON:2002294
UBERON:2001548	UBERON:4100000
UBERON:2001553	UBERON:0002513
UBERON:2001553	UBERON:2000461
UBERON:2001560	UBERON:2000364
UBERON:2001561	UBERON:2000364
UBERON:2001562	UBERON:2000364
UBERON:2001563	UBERON:2000364
UBERON:2001564	UBERON:2000364
UBERON:2001571	UBERON:0001305
UBERON:2001577	UBERON:4100000
UBERON:2001578	UBERON:0004530
UBERON:2001579	UBERON:2002162
UBERON:2001581	UBERON:0004247
UBERON:2001581	UBERON:2002085
UBERON:2001582	UBERON:4300223
UBERON:2001583	UBERON:0003106
UBERON:2001584	UBERON:4000174
UBERON:2001585	UBERON:4000174
UBERON:2001586	UBERON:0010741
UBERON:2001586	UBERON:1500006
UBERON:2001586	UBERON:2101586
UBERON:2001587	UBERON:2001586
UBERON:2001587	UBERON:2101587
UBERON:2001588	UBERON:2001586
UBERON:2001588	UBERON:2101588
UBERON:2001589	UBERON:2201587
UBERON:2001589	UBERON:4300083
UBERON:2001592	UBERON:0002513
UBERON:2001592	UBERON:4300190
UBERON:2001593	UBERON:0003102
UBERON:2001594	UBERON:0003102
UBERON:2001603	UBERON:4100000
UBERON:2001604	UBERON:0004530
UBERON:2001605	UBERON:0000477
UBERON:2001606	UBERON:2002294
UBERON:2001607	UBERON:0004530
UBERON:2001608	UBERON:0000982
UBERON:2001609	UBERON:4100000
UBERON:2001610	UBERON:4100000
UBERON:2001611	UBERON:4100000
UBERON:2001612	UBERON:0000481
UBERON:2001613	UBERON:2001672
UBERON:2001613	UBERON:2101613
UBERON:2001614	UBERON:2001671
UBERON:2001614	UBERON:2101614
UBERON:2001615	UBERON:4100000
UBERON:2001616	UBERON:4100000
UBERON:2001617	UBERON:2001612
UBERON:2001619	UBERON:2001612
UBERON:2001620	UBERON:0000075
UBERON:2001622	UBERON:0000481
UBERON:2001623	UBERON:2001622
UBERON:2001624	UBERON:2001622
UBERON:2001626	UBERON:0003267
UBERON:2001629	UBERON:2001612
UBERON:2001630	UBERON:2001612
UBERON:2001632	UBERON:0012070
UBERON:2001633	UBERON:0001091
UBERON:2001634	UBERON:2001533
UBERON:2001634	UBERON:2001910
UBERON:2001635	UBERON:2000527
UBERON:2001635	UBERON:2001910
UBERON:2001636	UBERON:2000527
UBERON:2001636	UBERON:2001913
UBERON:2001640	UBERON:0008909
UBERON:2001647	UBERON:0008907
UBERON:2001648	UBERON:2001647
UBERON:2001649	UBERON:0001091
UBERON:2001650	UBERON:2002015
UBERON:2001651	UBERON:0001091
UBERON:2001652	UBERON:2002015
UBERON:2001653	UBERON:0001091
UBERON:2001654	UBERON:2001647
UBERON:2001655	UBERON:0001091
UBERON:2001656	UBERON:2001647
UBERON:2001657	UBERON:0001091
UBERON:2001658	UBERON:2001647
UBERON:2001659	UBERON:0001091
UBERON:2001660	UBERON:0001091
UBERON:2001661	UBERON:2001647
UBERON:2001662	UBERON:2001647
UBERON:2001663	UBERON:0001091
UBERON:2001664	UBERON:2001647
UBERON:2001665	UBERON:0001091
UBERON:2001666	UBERON:0003861
UBERON:2001671	UBERON:2005225
UBERON:2001671	UBERON:2101671
UBERON:2001672	UBERON:0004247
UBERON:2001672	UBERON:2005225
UBERON:2001672	UBERON:2101672
UBERON:2001674	UBERON:2000376
UBERON:2001675	UBERON:4100000
UBERON:2001676	UBERON:2001950
UBERON:2001677	UBERON:0000982
UBERON:2001678	UBERON:0000982
UBERON:2001679	UBERON:0000982
UBERON:2001680	UBERON:0000982
UBERON:2001681	UBERON:4100000
UBERON:2001683	UBERON:0008846
UBERON:2001684	UBERON:0007842
UBERON:2001685	UBERON:0008846
UBERON:2001686	UBERON:0010912
UBERON:2001687	UBERON:0008846
UBERON:2001688	UBERON:0011004
UBERON:2001689	UBERON:0011004
UBERON:2001690	UBERON:0011004
UBERON:2001691	UBERON:0011004
UBERON:2001692	UBERON:0008907
UBERON:2001692	UBERON:0011597
UBERON:2001693	UBERON:0002376
UBERON:2001694	UBERON:0008846
UBERON:2001695	UBERON:0011004
UBERON:2001696	UBERON:0011004
UBERON:2001697	UBERON:0002513
UBERON:2001698	UBERON:0002513
UBERON:2001698	UBERON:0004376
UBERON:2001699	UBERON:0002513
UBERON:2001699	UBERON:0004247
UBERON:2001699	UBERON:0004376
UBERON:2001700	UBERON:0004376
UBERON:2001700	UBERON:0008907
UBERON:2001701	UBERON:0002513
UBERON:2001701	UBERON:0004740
UBERON:2001701	UBERON:2001919
UBERON:2001702	UBERON:2000376
UBERON:2001703	UBERON:2000376
UBERON:2001704	UBERON:2000376
UBERON:2001705	UBERON:2000376
UBERON:2001706	UBERON:2000376
UBERON:2001707	UBERON:2000376
UBERON:2001708	UBERON:0011164
UBERON:2001708	UBERON:2000376
UBERON:2001709	UBERON:0000477
UBERON:2001710	UBERON:0000982
UBERON:2001711	UBERON:0000982
UBERON:2001713	UBERON:2001585
UBERON:2001714	UBERON:2001585
UBERON:2001715	UBERON:2001585
UBERON:2001716	UBERON:2001585
UBERON:2001717	UBERON:2001585
UBERON:2001718	UBERON:2001585
UBERON:2001719	UBERON:2001585
UBERON:2001720	UBERON:2001585
UBERON:2001721	UBERON:2001585
UBERON:2001722	UBERON:2001585
UBERON:2001723	UBERON:2001585
UBERON:2001724	UBERON:2001585
UBERON:2001725	UBERON:2001585
UBERON:2001726	UBERON:2001585
UBERON:2001727	UBERON:2001585
UBERON:2001728	UBERON:2001585
UBERON:2001729	UBERON:2001585
UBERON:2001730	UBERON:2001585
UBERON:2001731	UBERON:2001585
UBERON:2001732	UBERON:0010913
UBERON:2001733	UBERON:4100000
UBERON:2001734	UBERON:4100000
UBERON:2001735	UBERON:0005744
UBERON:2001737	UBERON:0005744
UBERON:2001739	UBERON:0002221
UBERON:2001740	UBERON:0002221
UBERON:2001741	UBERON:0005744
UBERON:2001742	UBERON:0005744
UBERON:2001744	UBERON:0000464
UBERON:2001745	UBERON:2001744
UBERON:2001746	UBERON:2001744
UBERON:2001747	UBERON:4100000
UBERON:2001748	UBERON:0005744
UBERON:2001749	UBERON:0000982
UBERON:2001750	UBERON:0002228
UBERON:2001751	UBERON:0002228
UBERON:2001752	UBERON:0003932
UBERON:2001753	UBERON:0004704
UBERON:2001754	UBERON:4300116
UBERON:2001755	UBERON:4300116
UBERON:2001756	UBERON:4300116
UBERON:2001757	UBERON:4300116
UBERON:2001758	UBERON:4300116
UBERON:2001759	UBERON:4300116
UBERON:2001760	UBERON:4300116
UBERON:2001761	UBERON:4500007
UBERON:2001762	UBERON:4500007
UBERON:2001763	UBERON:4500007
UBERON:2001764	UBERON:4500007
UBERON:2001765	UBERON:4500007
UBERON:2001766	UBERON:4500007
UBERON:2001767	UBERON:4500007
UBERON:2001768	UBERON:0002376
UBERON:2001769	UBERON:4500006
UBERON:2001770	UBERON:4500006
UBERON:2001771	UBERON:4500006
UBERON:2001772	UBERON:4500006
UBERON:2001773	UBERON:4500006
UBERON:2001774	UBERON:4500006
UBERON:2001775	UBERON:4500006
UBERON:2001776	UBERON:4300117
UBERON:2001777	UBERON:4300117
UBERON:2001778	UBERON:4300117
UBERON:2001779	UBERON:4300117
UBERON:2001780	UBERON:4300117
UBERON:2001781	UBERON:4300117
UBERON:2001782	UBERON:4300117
UBERON:2001783	UBERON:4100000
UBERON:2001784	UBERON:0000982
UBERON:2001785	UBERON:4300116
UBERON:2001786	UBERON:4300116
UBERON:2001787	UBERON:4000175
UBERON:2001787	UBERON:4500009
UBERON:2001788	UBERON:0004375
UBERON:2001788	UBERON:0004376
UBERON:2001788	UBERON:0008907
UBERON:2001788	UBERON:0010742
UBERON:2001789	UBERON:2002261
UBERON:2001790	UBERON:2002261
UBERON:2001792	UBERON:4100000
UBERON:2001793	UBERON:4100000
UBERON:2001794	UBERON:0000982
UBERON:2001795	UBERON:0005744
UBERON:2001796	UBERON:2001382
UBERON:2001797	UBERON:2001382
UBERON:2001798	UBERON:2000526
UBERON:2001799	UBERON:0000464
UBERON:2001800	UBERON:2001798
UBERON:2001801	UBERON:0000982
UBERON:2001803	UBERON:0000982
UBERON:2001804	UBERON:0005744
UBERON:2001805	UBERON:0002513
UBERON:2001805	UBERON:0004768
UBERON:2001806	UBERON:0004111
UBERON:2001807	UBERON:0004704
UBERON:2001808	UBERON:0005744
UBERON:2001809	UBERON:0005744
UBERON:2001810	UBERON:2001612
UBERON:2001811	UBERON:2001612
UBERON:2001812	UBERON:2001612
UBERON:2001813	UBERON:2001612
UBERON:2001814	UBERON:2001612
UBERON:2001815	UBERON:0008907
UBERON:2001816	UBERON:2001815
UBERON:2001817	UBERON:0004247
UBERON:2001817	UBERON:0004376
UBERON:2001817	UBERON:2001815
UBERON:2001818	UBERON:2000947
UBERON:2001818	UBERON:2101818
UBERON:2001819	UBERON:2000947
UBERON:2001819	UBERON:2101819
UBERON:2001820	UBERON:0004247
UBERON:2001820	UBERON:0004376
UBERON:2001820	UBERON:2001815
UBERON:2001821	UBERON:0000479
UBERON:2001822	UBERON:2001382
UBERON:2001823	UBERON:2001382
UBERON:2001824	UBERON:0007380
UBERON:2001825	UBERON:4100000
UBERON:2001826	UBERON:4100000
UBERON:2001827	UBERON:0008846
UBERON:2001828	UBERON:0008846
UBERON:2001829	UBERON:2001584
UBERON:2001830	UBERON:2001584
UBERON:2001831	UBERON:0000982
UBERON:2001832	UBERON:0000982
UBERON:2001833	UBERON:0009678
UBERON:2001840	UBERON:0006983
UBERON:2001841	UBERON:0000982
UBERON:2001842	UBERON:0000982
UBERON:2001843	UBERON:0000982
UBERON:2001844	UBERON:0000982
UBERON:2001845	UBERON:0000982
UBERON:2001846	UBERON:0000982
UBERON:2001847	UBERON:0000982
UBERON:2001848	UBERON:0000982
UBERON:2001849	UBERON:0000982
UBERON:2001850	UBERON:0000982
UBERON:2001852	UBERON:2000410
UBERON:2001853	UBERON:2000410
UBERON:2001854	UBERON:2000410
UBERON:2001855	UBERON:0009979
UBERON:2001856	UBERON:0011004
UBERON:2001857	UBERON:0003469
UBERON:2001858	UBERON:2000527
UBERON:2001859	UBERON:2002015
UBERON:2001860	UBERON:0000982
UBERON:2001861	UBERON:0000982
UBERON:2001862	UBERON:0000982
UBERON:2001863	UBERON:0000982
UBERON:2001864	UBERON:0013747
UBERON:2001864	UBERON:2001915
UBERON:2001865	UBERON:0013747
UBERON:2001865	UBERON:2001918
UBERON:2001866	UBERON:0013747
UBERON:2001866	UBERON:2001919
UBERON:2001867	UBERON:0011004
UBERON:2001869	UBERON:4300036
UBERON:2001869	UBERON:4300214
UBERON:2001870	UBERON:4300036
UBERON:2001870	UBERON:4300215
UBERON:2001871	UBERON:0000477
UBERON:2001872	UBERON:0002540
UBERON:2001873	UBERON:0002540
UBERON:2001874	UBERON:0013747
UBERON:2001874	UBERON:2001916
UBERON:2001875	UBERON:0000477
UBERON:2001876	UBERON:0013747
UBERON:2001876	UBERON:2001917
UBERON:2001877	UBERON:0003861
UBERON:2001878	UBERON:0002228
UBERON:2001879	UBERON:0002228
UBERON:2001880	UBERON:0002228
UBERON:2001881	UBERON:0002228
UBERON:2001882	UBERON:0002513
UBERON:2001883	UBERON:0002513
UBERON:2001884	UBERON:0003861
UBERON:2001885	UBERON:0001076
UBERON:2001886	UBERON:0001076
UBERON:2001887	UBERON:0001076
UBERON:2001888	UBERON:0002513
UBERON:2001888	UBERON:2000442
UBERON:2001888	UBERON:4300213
UBERON:2001889	UBERON:4300036
UBERON:2001889	UBERON:4300213
UBERON:2001892	UBERON:0010363
UBERON:2001893	UBERON:0010363
UBERON:2001894	UBERON:2001893
UBERON:2001895	UBERON:2001893
UBERON:2001896	UBERON:2001893
UBERON:2001897	UBERON:2001893
UBERON:2001898	UBERON:0010363
UBERON:2001899	UBERON:2001898
UBERON:2001900	UBERON:2001898
UBERON:2001901	UBERON:2001898
UBERON:2001902	UBERON:2001898
UBERON:2001903	UBERON:2001898
UBERON:2001904	UBERON:0010363
UBERON:2001905	UBERON:2001904
UBERON:2001906	UBERON:2001904
UBERON:2001907	UBERON:2001904
UBERON:2001908	UBERON:2001904
UBERON:2001909	UBERON:0010363
UBERON:2001910	UBERON:2001909
UBERON:2001911	UBERON:2001909
UBERON:2001912	UBERON:2001909
UBERON:2001913	UBERON:2001909
UBERON:2001915	UBERON:0013746
UBERON:2001916	UBERON:0013746
UBERON:2001917	UBERON:0013746
UBERON:2001918	UBERON:0013746
UBERON:2001919	UBERON:0013746
UBERON:2001920	UBERON:0000481
UBERON:2001921	UBERON:0003102
UBERON:2001922	UBERON:0000982
UBERON:2001923	UBERON:0005744
UBERON:2001924	UBERON:0005744
UBERON:2001925	UBERON:0005744
UBERON:2001926	UBERON:0004704
UBERON:2001927	UBERON:0004704
UBERON:2001928	UBERON:0004704
UBERON:2001929	UBERON:0004530
UBERON:2001930	UBERON:0008907
UBERON:2001930	UBERON:0011164
UBERON:2001931	UBERON:2002294
UBERON:2001932	UBERON:0008907
UBERON:2001933	UBERON:2001612
UBERON:2001934	UBERON:0008907
UBERON:2001934	UBERON:0011164
UBERON:2001935	UBERON:0001833
UBERON:2001936	UBERON:4300287
UBERON:2001937	UBERON:4300287
UBERON:2001938	UBERON:2000622
UBERON:2001939	UBERON:0000982
UBERON:2001940	UBERON:0000982
UBERON:2001941	UBERON:0000982
UBERON:2001942	UBERON:0000982
UBERON:2001943	UBERON:0008846
UBERON:2001944	UBERON:0008846
UBERON:2001945	UBERON:0008846
UBERON:2001946	UBERON:0008846
UBERON:2001947	UBERON:0000982
UBERON:2001948	UBERON:4300284
UBERON:2001949	UBERON:4300284
UBERON:2001950	UBERON:0000982
UBERON:2001951	UBERON:3000961
UBERON:2001952	UBERON:0009678
UBERON:2001956	UBERON:0011004
UBERON:2001957	UBERON:0011004
UBERON:2001958	UBERON:0011004
UBERON:2001958	UBERON:4000003
UBERON:2001959	UBERON:0011004
UBERON:2001959	UBERON:4000003
UBERON:2001960	UBERON:0011004
UBERON:2001960	UBERON:4000003
UBERON:2001961	UBERON:0011004
UBERON:2001961	UBERON:4000003
UBERON:2001962	UBERON:0011004
UBERON:2001963	UBERON:0011004
UBERON:2001964	UBERON:0011004
UBERON:2001965	UBERON:0011004
UBERON:2001966	UBERON:2001904
UBERON:2001968	UBERON:2002024
UBERON:2001969	UBERON:2002024
UBERON:2001971	UBERON:0003109
UBERON:2001972	UBERON:0008846
UBERON:2001974	UBERON:0004704
UBERON:2001975	UBERON:0001637
UBERON:2001976	UBERON:0000477
UBERON:2001977	UBERON:3000961
UBERON:2001978	UBERON:0009678
UBERON:2001979	UBERON:0000982
UBERON:2001980	UBERON:0010913
UBERON:2001981	UBERON:0010913
UBERON:2001982	UBERON:0010913
UBERON:2001983	UBERON:0001075
UBERON:2001984	UBERON:0001075
UBERON:2001985	UBERON:0001075
UBERON:2001986	UBERON:0001075
UBERON:2001987	UBERON:0001075
UBERON:2001988	UBERON:0001075
UBERON:2001989	UBERON:0011004
UBERON:2001990	UBERON:0000477
UBERON:2001991	UBERON:0007842
UBERON:2001992	UBERON:4500006
UBERON:2001993	UBERON:4500007
UBERON:2001994	UBERON:0000477
UBERON:2001995	UBERON:0003102
UBERON:2001996	UBERON:0000481
UBERON:2001997	UBERON:0002513
UBERON:2001997	UBERON:0008907
UBERON:2001998	UBERON:0007829
UBERON:2001998	UBERON:0008907
UBERON:2001999	UBERON:4100000
UBERON:2002000	UBERON:4100000
UBERON:2002001	UBERON:4100000
UBERON:2002002	UBERON:4100000
UBERON:2002003	UBERON:4100000
UBERON:2002004	UBERON:0004529
UBERON:2002005	UBERON:0008907
UBERON:2002006	UBERON:0008915
UBERON:2002007	UBERON:0002513
UBERON:2002007	UBERON:2000442
UBERON:2002007	UBERON:4300216
UBERON:2002008	UBERON:4100000
UBERON:2002009	UBERON:0011004
UBERON:2002010	UBERON:0001021
UBERON:2002011	UBERON:0002221
UBERON:2002012	UBERON:0013685
UBERON:2002013	UBERON:0004530
UBERON:2002014	UBERON:4100000
UBERON:2002015	UBERON:2001647
UBERON:2002016	UBERON:2002015
UBERON:2002017	UBERON:0004530
UBERON:2002018	UBERON:4100000
UBERON:2002019	UBERON:0002513
UBERON:2002019	UBERON:0007829
UBERON:2002019	UBERON:0008907
UBERON:2002020	UBERON:0008907
UBERON:2002020	UBERON:0011597
UBERON:2002021	UBERON:0004530
UBERON:2002022	UBERON:0008907
UBERON:2002022	UBERON:0011164
UBERON:2002023	UBERON:0002513
UBERON:2002023	UBERON:0011164
UBERON:2002023	UBERON:4300286
UBERON:2002024	UBERON:2000622
UBERON:2002026	UBERON:2001587
UBERON:2002026	UBERON:2102026
UBERON:2002027	UBERON:2001587
UBERON:2002027	UBERON:2102027
UBERON:2002028	UBERON:2001587
UBERON:2002028	UBERON:2102028
UBERON:2002029	UBERON:2001587
UBERON:2002029	UBERON:2102029
UBERON:2002030	UBERON:4100000
UBERON:2002031	UBERON:0005744
UBERON:2002032	UBERON:0000982
UBERON:2002033	UBERON:0000982
UBERON:2002034	UBERON:0000982
UBERON:2002038	UBERON:0000982
UBERON:2002039	UBERON:0004704
UBERON:2002040	UBERON:0008114
UBERON:2002041	UBERON:0003109
UBERON:2002042	UBERON:0003109
UBERON:2002043	UBERON:4100000
UBERON:2002044	UBERON:0004530
UBERON:2002051	UBERON:0000061
UBERON:2002052	UBERON:0000464
UBERON:2002053	UBERON:0008907
UBERON:2002054	UBERON:0000982
UBERON:2002055	UBERON:0000982
UBERON:2002056	UBERON:2000364
UBERON:2002057	UBERON:0000464
UBERON:2002058	UBERON:0001075
UBERON:2002059	UBERON:0000982
UBERON:2002061	UBERON:0002412
UBERON:2002062	UBERON:4000174
UBERON:2002063	UBERON:0000477
UBERON:2002064	UBERON:2000602
UBERON:2002065	UBERON:0004247
UBERON:2002065	UBERON:2002085
UBERON:2002066	UBERON:0005744
UBERON:2002067	UBERON:0000477
UBERON:2002068	UBERON:0000477
UBERON:2002069	UBERON:4100000
UBERON:2002070	UBERON:4100000
UBERON:2002071	UBERON:4100000
UBERON:2002072	UBERON:4100000
UBERON:2002073	UBERON:4100000
UBERON:2002074	UBERON:4100000
UBERON:2002075	UBERON:4100000
UBERON:2002076	UBERON:4100000
UBERON:2002077	UBERON:0002513
UBERON:2002077	UBERON:0004375
UBERON:2002077	UBERON:0004376
UBERON:2002077	UBERON:0010742
UBERON:2002078	UBERON:0002513
UBERON:2002078	UBERON:0004376
UBERON:2002079	UBERON:0002548
UBERON:2002080	UBERON:4100000
UBERON:2002082	UBERON:2002291
UBERON:2002083	UBERON:2002291
UBERON:2002084	UBERON:2000602
UBERON:2002085	UBERON:0002513
UBERON:2002085	UBERON:0004376
UBERON:2002086	UBERON:0004375
UBERON:2002086	UBERON:0004376
UBERON:2002086	UBERON:0008907
UBERON:2002086	UBERON:0010742
UBERON:2002087	UBERON:0004375
UBERON:2002087	UBERON:0004376
UBERON:2002087	UBERON:0008907
UBERON:2002087	UBERON:0010741
UBERON:2002088	UBERON:0002513
UBERON:2002089	UBERON:0008907
UBERON:2002090	UBERON:0004704
UBERON:2002091	UBERON:2001457
UBERON:2002092	UBERON:0003932
UBERON:2002092	UBERON:0013765
UBERON:2002094	UBERON:2001419
UBERON:2002095	UBERON:0004705
UBERON:2002096	UBERON:0010912
UBERON:2002097	UBERON:0000477
UBERON:2002098	UBERON:0000477
UBERON:2002099	UBERON:0000477
UBERON:2002101	UBERON:0000477
UBERON:2002102	UBERON:0000477
UBERON:2002103	UBERON:0000477
UBERON:2002105	UBERON:0009662
UBERON:2002106	UBERON:0002616
UBERON:2002107	UBERON:0002616
UBERON:2002108	UBERON:2001995
UBERON:2002109	UBERON:2000602
UBERON:2002110	UBERON:0005744
UBERON:2002111	UBERON:0000481
UBERON:2002112	UBERON:2000734
UBERON:2002114	UBERON:0000481
UBERON:2002114	UBERON:0005156
UBERON:2002115	UBERON:2000602
UBERON:2002116	UBERON:0003103
UBERON:2002116	UBERON:0013765
UBERON:2002117	UBERON:0003103
UBERON:2002117	UBERON:0005156
UBERON:2002118	UBERON:0000464
UBERON:2002119	UBERON:0000061
UBERON:2002120	UBERON:0003037
UBERON:2002122	UBERON:0007380
UBERON:2002123	UBERON:0003861
UBERON:2002124	UBERON:0003102
UBERON:2002125	UBERON:0003103
UBERON:2002126	UBERON:0000477
UBERON:2002127	UBERON:2000526
UBERON:2002128	UBERON:0000464
UBERON:2002129	UBERON:0000481
UBERON:2002130	UBERON:0000481
UBERON:2002132	UBERON:2000364
UBERON:2002133	UBERON:0003102
UBERON:2002141	UBERON:0008846
UBERON:2002145	UBERON:0000479
UBERON:2002147	UBERON:0014892
UBERON:2002149	UBERON:0010913
UBERON:2002150	UBERON:0010913
UBERON:2002151	UBERON:0010913
UBERON:2002152	UBERON:0010913
UBERON:2002154	UBERON:0000464
UBERON:2002159	UBERON:2002082
UBERON:2002160	UBERON:2002085
UBERON:2002161	UBERON:2002085
UBERON:2002162	UBERON:0001095
UBERON:2002162	UBERON:0004376
UBERON:2002163	UBERON:2002162
UBERON:2002164	UBERON:0000477
UBERON:2002165	UBERON:0000477
UBERON:2002166	UBERON:4100000
UBERON:2002167	UBERON:2000602
UBERON:2002168	UBERON:0003106
UBERON:2002172	UBERON:0005253
UBERON:2002174	UBERON:0000126
UBERON:2002174	UBERON:0007635
UBERON:2002175	UBERON:2002174
UBERON:2002176	UBERON:2002174
UBERON:2002185	UBERON:0000479
UBERON:2002192	UBERON:2000297
UBERON:2002193	UBERON:0000479
UBERON:2002195	UBERON:0000479
UBERON:2002200	UBERON:0002376
UBERON:2002202	UBERON:0006569
UBERON:2002206	UBERON:0006937
UBERON:2002207	UBERON:2000297
UBERON:2002210	UBERON:0000479
UBERON:2002214	UBERON:0002513
UBERON:2002214	UBERON:2000461
UBERON:2002215	UBERON:0005291
UBERON:2002216	UBERON:2002215
UBERON:2002217	UBERON:0000982
UBERON:2002218	UBERON:0000479
UBERON:2002218	UBERON:0700019
UBERON:2002219	UBERON:0006569
UBERON:2002221	UBERON:0001630
UBERON:2002221	UBERON:0005177
UBERON:2002223	UBERON:0000479
UBERON:2002224	UBERON:0000464
UBERON:2002225	UBERON:0006553
UBERON:2002226	UBERON:0006569
UBERON:2002229	UBERON:0000481
UBERON:2002232	UBERON:0000481
UBERON:2002235	UBERON:0006603
UBERON:2002240	UBERON:0000479
UBERON:2002241	UBERON:0000479
UBERON:2002242	UBERON:0000479
UBERON:2002242	UBERON:0001048
UBERON:2002244	UBERON:0003544
UBERON:2002248	UBERON:1500003
UBERON:2002249	UBERON:0013703
UBERON:2002249	UBERON:4100000
UBERON:2002250	UBERON:2000660
UBERON:2002251	UBERON:2000660
UBERON:2002252	UBERON:2000660
UBERON:2002255	UBERON:0000475
UBERON:2002256	UBERON:0000475
UBERON:2002257	UBERON:4100000
UBERON:2002258	UBERON:0001091
UBERON:2002260	UBERON:2001950
UBERON:2002261	UBERON:4000177
UBERON:2002261	UBERON:4200070
UBERON:2002262	UBERON:4000176
UBERON:2002262	UBERON:4200070
UBERON:2002263	UBERON:2000507
UBERON:2002264	UBERON:2000507
UBERON:2002265	UBERON:2000507
UBERON:2002266	UBERON:2000507
UBERON:2002267	UBERON:2000507
UBERON:2002268	UBERON:2000507
UBERON:2002269	UBERON:0011004
UBERON:2002270	UBERON:4000173
UBERON:2002270	UBERON:4500009
UBERON:2002271	UBERON:2001830
UBERON:2002272	UBERON:2001830
UBERON:2002273	UBERON:0007380
UBERON:2002274	UBERON:2002273
UBERON:2002275	UBERON:0008904
UBERON:2002277	UBERON:2001588
UBERON:2002277	UBERON:2102277
UBERON:2002279	UBERON:2001588
UBERON:2002279	UBERON:2102279
UBERON:2002280	UBERON:2001588
UBERON:2002280	UBERON:2102280
UBERON:2002281	UBERON:0002376
UBERON:2002282	UBERON:0000982
UBERON:2002283	UBERON:2002284
UBERON:2002284	UBERON:3000961
UBERON:2002285	UBERON:0007380
UBERON:2002291	UBERON:0004376
UBERON:2002291	UBERON:0008907
UBERON:2002292	UBERON:2002082
UBERON:2002293	UBERON:2002082
UBERON:2002294	UBERON:0008907
UBERON:2005000	UBERON:0001637
UBERON:2005000	UBERON:0003496
UBERON:2005010	UBERON:0003496
UBERON:2005010	UBERON:0009141
UBERON:2005011	UBERON:0001637
UBERON:2005012	UBERON:0003469
UBERON:2005013	UBERON:0003469
UBERON:2005014	UBERON:0003469
UBERON:2005015	UBERON:0003469
UBERON:2005017	UBERON:0003496
UBERON:2005017	UBERON:0009141
UBERON:2005018	UBERON:0003469
UBERON:2005019	UBERON:0003469
UBERON:2005020	UBERON:0001637
UBERON:2005020	UBERON:0003499
UBERON:2005021	UBERON:2005020
UBERON:2005022	UBERON:0001637
UBERON:2005025	UBERON:0003513
UBERON:2005025	UBERON:0003524
UBERON:2005026	UBERON:0003496
UBERON:2005026	UBERON:0009141
UBERON:2005027	UBERON:0003496
UBERON:2005027	UBERON:0009141
UBERON:2005029	UBERON:0000479
UBERON:2005030	UBERON:0003496
UBERON:2005030	UBERON:0009141
UBERON:2005031	UBERON:0001638
UBERON:2005031	UBERON:0003499
UBERON:2005032	UBERON:0003496
UBERON:2005032	UBERON:0009141
UBERON:2005034	UBERON:0003481
UBERON:2005034	UBERON:0003513
UBERON:2005034	UBERON:0004120
UBERON:2005036	UBERON:0001637
UBERON:2005038	UBERON:0001638
UBERON:2005038	UBERON:0003513
UBERON:2005039	UBERON:0005291
UBERON:2005044	UBERON:0001637
UBERON:2005044	UBERON:0003496
UBERON:2005048	UBERON:0001637
UBERON:2005049	UBERON:0001637
UBERON:2005050	UBERON:0001637
UBERON:2005051	UBERON:0001637
UBERON:2005052	UBERON:2005020
UBERON:2005053	UBERON:0001637
UBERON:2005054	UBERON:0002203
UBERON:2005055	UBERON:0003496
UBERON:2005055	UBERON:0009141
UBERON:2005056	UBERON:0003496
UBERON:2005056	UBERON:0009141
UBERON:2005066	UBERON:0005291
UBERON:2005067	UBERON:0000481
UBERON:2005068	UBERON:0000481
UBERON:2005072	UBERON:0000479
UBERON:2005073	UBERON:2005072
UBERON:2005074	UBERON:0002350
UBERON:2005075	UBERON:0002350
UBERON:2005078	UBERON:2005020
UBERON:2005079	UBERON:2005020
UBERON:2005080	UBERON:0005616
UBERON:2005082	UBERON:0001637
UBERON:2005083	UBERON:0001637
UBERON:2005084	UBERON:0001637
UBERON:2005085	UBERON:0001637
UBERON:2005087	UBERON:0001638
UBERON:2005087	UBERON:0007300
UBERON:2005088	UBERON:0005616
UBERON:2005089	UBERON:0001637
UBERON:2005093	UBERON:0003496
UBERON:2005093	UBERON:0009141
UBERON:2005097	UBERON:0007304
UBERON:2005098	UBERON:0007304
UBERON:2005099	UBERON:0007304
UBERON:2005100	UBERON:0007304
UBERON:2005101	UBERON:0007304
UBERON:2005102	UBERON:0006598
UBERON:2005103	UBERON:2005102
UBERON:2005104	UBERON:2005102
UBERON:2005106	UBERON:0004536
UBERON:2005113	UBERON:0008904
UBERON:2005114	UBERON:0002540
UBERON:2005115	UBERON:2001157
UBERON:2005116	UBERON:2001157
UBERON:2005117	UBERON:2000228
UBERON:2005118	UBERON:2000228
UBERON:2005119	UBERON:0003102
UBERON:2005121	UBERON:0003067
UBERON:2005122	UBERON:0005291
UBERON:2005126	UBERON:0001277
UBERON:2005135	UBERON:0003843
UBERON:2005144	UBERON:0011779
UBERON:2005149	UBERON:0007567
UBERON:2005150	UBERON:0007567
UBERON:2005170	UBERON:0002394
UBERON:2005174	UBERON:0000481
UBERON:2005219	UBERON:0008998
UBERON:2005220	UBERON:2001463
UBERON:2005221	UBERON:2005220
UBERON:2005222	UBERON:2005220
UBERON:2005223	UBERON:2005220
UBERON:2005224	UBERON:2005220
UBERON:2005225	UBERON:2000271
UBERON:2005225	UBERON:2105225
UBERON:2005226	UBERON:2005225
UBERON:2005226	UBERON:2105226
UBERON:2005227	UBERON:0000477
UBERON:2005245	UBERON:0002209
UBERON:2005248	UBERON:0001638
UBERON:2005248	UBERON:0003499
UBERON:2005256	UBERON:0000479
UBERON:2005259	UBERON:0001982
UBERON:2005259	UBERON:0004638
UBERON:2005260	UBERON:0001982
UBERON:2005260	UBERON:0004638
UBERON:2005264	UBERON:0000982
UBERON:2005265	UBERON:0000982
UBERON:2005266	UBERON:0004704
UBERON:2005267	UBERON:0001134
UBERON:2005268	UBERON:0000982
UBERON:2005269	UBERON:0005744
UBERON:2005270	UBERON:0001134
UBERON:2005272	UBERON:0000481
UBERON:2005272	UBERON:0005156
UBERON:2005273	UBERON:0004221
UBERON:2005275	UBERON:0005744
UBERON:2005276	UBERON:0001134
UBERON:2005278	UBERON:0000982
UBERON:2005279	UBERON:0001135
UBERON:2005292	UBERON:0006553
UBERON:2005295	UBERON:2001073
UBERON:2005303	UBERON:0007384
UBERON:2005304	UBERON:0007301
UBERON:2005311	UBERON:0000487
UBERON:2005311	UBERON:0004211
UBERON:2005316	UBERON:0000481
UBERON:2005317	UBERON:0000481
UBERON:2005319	UBERON:0004536
UBERON:2005320	UBERON:0004536
UBERON:2005338	UBERON:0000464
UBERON:2005339	UBERON:0006568
UBERON:2005340	UBERON:0006568
UBERON:2005341	UBERON:0002316
UBERON:2005343	UBERON:0002316
UBERON:2005344	UBERON:0002316
UBERON:2005346	UBERON:0003928
UBERON:2005365	UBERON:2001419
UBERON:2005366	UBERON:2001419
UBERON:2005367	UBERON:2001419
UBERON:2005368	UBERON:2001419
UBERON:2005369	UBERON:2001419
UBERON:2005370	UBERON:2001419
UBERON:2005371	UBERON:2001419
UBERON:2005372	UBERON:2000936
UBERON:2005372	UBERON:2105372
UBERON:2005373	UBERON:2000936
UBERON:2005373	UBERON:2105373
UBERON:2005374	UBERON:2000936
UBERON:2005374	UBERON:2105374
UBERON:2005375	UBERON:2000936
UBERON:2005375	UBERON:2105375
UBERON:2005376	UBERON:2000936
UBERON:2005376	UBERON:2105376
UBERON:2005377	UBERON:2000936
UBERON:2005377	UBERON:2105377
UBERON:2005378	UBERON:2000936
UBERON:2005378	UBERON:2105378
UBERON:2005379	UBERON:2000936
UBERON:2005379	UBERON:2105379
UBERON:2005380	UBERON:2000947
UBERON:2005380	UBERON:2105380
UBERON:2005381	UBERON:2000947
UBERON:2005381	UBERON:2105381
UBERON:2005382	UBERON:2000947
UBERON:2005382	UBERON:2105382
UBERON:2005383	UBERON:2000947
UBERON:2005383	UBERON:2105383
UBERON:2005384	UBERON:2000947
UBERON:2005384	UBERON:2105384
UBERON:2005385	UBERON:2000947
UBERON:2005385	UBERON:2105385
UBERON:2005409	UBERON:0000477
UBERON:2005410	UBERON:0000477
UBERON:2005412	UBERON:0000058
UBERON:2005415	UBERON:0005744
UBERON:2005416	UBERON:2005415
UBERON:2007001	UBERON:0000479
UBERON:2007002	UBERON:0006569
UBERON:2007003	UBERON:0001891
UBERON:2007004	UBERON:0000479
UBERON:2007005	UBERON:0002513
UBERON:2007005	UBERON:0004247
UBERON:2007008	UBERON:0014892
UBERON:2007012	UBERON:0002316
UBERON:2007013	UBERON:0005497
UBERON:2007014	UBERON:0005291
UBERON:2007015	UBERON:0005291
UBERON:2007023	UBERON:0005291
UBERON:2007024	UBERON:0005291
UBERON:2007025	UBERON:0004121
UBERON:2007025	UBERON:0005291
UBERON:2007026	UBERON:0004121
UBERON:2007026	UBERON:0005291
UBERON:2007027	UBERON:0007651
UBERON:2007028	UBERON:0005291
UBERON:2007029	UBERON:0004121
UBERON:2007029	UBERON:0005291
UBERON:2007030	UBERON:0005291
UBERON:2007031	UBERON:0005291
UBERON:2007032	UBERON:0004121
UBERON:2007032	UBERON:0005291
UBERON:2007033	UBERON:0007651
UBERON:2007034	UBERON:0004121
UBERON:2007034	UBERON:0005291
UBERON:2007035	UBERON:0005291
UBERON:2007036	UBERON:0004121
UBERON:2007036	UBERON:0005291
UBERON:2007040	UBERON:0007651
UBERON:2007041	UBERON:0004121
UBERON:2007041	UBERON:0005291
UBERON:2007042	UBERON:0005291
UBERON:2007043	UBERON:0004121
UBERON:2007043	UBERON:0005291
UBERON:2007045	UBERON:0004121
UBERON:2007045	UBERON:0007651
UBERON:2007046	UBERON:0004121
UBERON:2007046	UBERON:0007651
UBERON:2007047	UBERON:0004121
UBERON:2007047	UBERON:0007651
UBERON:2007048	UBERON:0014892
UBERON:2007050	UBERON:0011648
UBERON:2007051	UBERON:0005493
UBERON:2007052	UBERON:0005493
UBERON:2007053	UBERON:0005493
UBERON:2007054	UBERON:2002223
UBERON:2007055	UBERON:2002223
UBERON:2007059	UBERON:0000479
UBERON:2007059	UBERON:0004121
UBERON:2007060	UBERON:2007059
UBERON:2007061	UBERON:2007059
UBERON:2007062	UBERON:2007059
UBERON:2100268	UBERON:2101671
UBERON:2100271	UBERON:0010363
UBERON:2100508	UBERON:1600006
UBERON:2100623	UBERON:0005179
UBERON:2100623	UBERON:0010363
UBERON:2100646	UBERON:2101671
UBERON:2100936	UBERON:2101672
UBERON:2100947	UBERON:2101672
UBERON:2101415	UBERON:1600008
UBERON:2101416	UBERON:1600008
UBERON:2101417	UBERON:1600008
UBERON:2101586	UBERON:1600006
UBERON:2101587	UBERON:2101586
UBERON:2101588	UBERON:2101586
UBERON:2101613	UBERON:2101672
UBERON:2101614	UBERON:2101671
UBERON:2101671	UBERON:2105225
UBERON:2101672	UBERON:0005174
UBERON:2101672	UBERON:2105225
UBERON:2101818	UBERON:2100947
UBERON:2101819	UBERON:2100947
UBERON:2102026	UBERON:2101587
UBERON:2102027	UBERON:2101587
UBERON:2102028	UBERON:2101587
UBERON:2102029	UBERON:2101587
UBERON:2102277	UBERON:2101588
UBERON:2102279	UBERON:2101588
UBERON:2102280	UBERON:2101588
UBERON:2105225	UBERON:2100271
UBERON:2105226	UBERON:2105225
UBERON:2105372	UBERON:2100936
UBERON:2105373	UBERON:2100936
UBERON:2105374	UBERON:2100936
UBERON:2105375	UBERON:2100936
UBERON:2105376	UBERON:2100936
UBERON:2105377	UBERON:2100936
UBERON:2105378	UBERON:2100936
UBERON:2105379	UBERON:2100936
UBERON:2105380	UBERON:2100947
UBERON:2105381	UBERON:2100947
UBERON:2105382	UBERON:2100947
UBERON:2105383	UBERON:2100947
UBERON:2105384	UBERON:2100947
UBERON:2105385	UBERON:2100947
UBERON:2200268	UBERON:2100268
UBERON:2200268	UBERON:2201671
UBERON:2200271	UBERON:0007844
UBERON:2200271	UBERON:2100271
UBERON:2200646	UBERON:2100646
UBERON:2200646	UBERON:2201671
UBERON:2200936	UBERON:2100936
UBERON:2200936	UBERON:2201672
UBERON:2200947	UBERON:2100947
UBERON:2200947	UBERON:2201672
UBERON:2201415	UBERON:1700006
UBERON:2201415	UBERON:2101415
UBERON:2201416	UBERON:1700006
UBERON:2201416	UBERON:2101416
UBERON:2201417	UBERON:1700006
UBERON:2201417	UBERON:2101417
UBERON:2201586	UBERON:1700006
UBERON:2201586	UBERON:2101586
UBERON:2201587	UBERON:2101587
UBERON:2201587	UBERON:2201586
UBERON:2201588	UBERON:2101588
UBERON:2201588	UBERON:2201586
UBERON:2201613	UBERON:2101613
UBERON:2201613	UBERON:2201672
UBERON:2201614	UBERON:2101614
UBERON:2201614	UBERON:2201671
UBERON:2201671	UBERON:2101671
UBERON:2201671	UBERON:2205225
UBERON:2201672	UBERON:2101672
UBERON:2201672	UBERON:2205225
UBERON:2201818	UBERON:2101818
UBERON:2201818	UBERON:2200947
UBERON:2201819	UBERON:2101819
UBERON:2201819	UBERON:2200947
UBERON:2202026	UBERON:2102026
UBERON:2202026	UBERON:2201587
UBERON:2202027	UBERON:2102027
UBERON:2202027	UBERON:2201587
UBERON:2202028	UBERON:2102028
UBERON:2202028	UBERON:2201587
UBERON:2202029	UBERON:2102029
UBERON:2202029	UBERON:2201587
UBERON:2202277	UBERON:2102277
UBERON:2202277	UBERON:2201588
UBERON:2202279	UBERON:2102279
UBERON:2202279	UBERON:2201588
UBERON:2202280	UBERON:2102280
UBERON:2202280	UBERON:2201588
UBERON:2205225	UBERON:2105225
UBERON:2205225	UBERON:2200271
UBERON:2205226	UBERON:2105226
UBERON:2205226	UBERON:2205225
UBERON:2205372	UBERON:2105372
UBERON:2205372	UBERON:2200936
UBERON:2205373	UBERON:2105373
UBERON:2205373	UBERON:2200936
UBERON:2205374	UBERON:2105374
UBERON:2205374	UBERON:2200936
UBERON:2205375	UBERON:2105375
UBERON:2205375	UBERON:2200936
UBERON:2205376	UBERON:2105376
UBERON:2205376	UBERON:2200936
UBERON:2205377	UBERON:2105377
UBERON:2205377	UBERON:2200936
UBERON:2205378	UBERON:2105378
UBERON:2205378	UBERON:2200936
UBERON:2205379	UBERON:2105379
UBERON:2205379	UBERON:2200936
UBERON:2205380	UBERON:2105380
UBERON:2205380	UBERON:2200947
UBERON:2205381	UBERON:2105381
UBERON:2205381	UBERON:2200947
UBERON:2205382	UBERON:2105382
UBERON:2205382	UBERON:2200947
UBERON:2205383	UBERON:2105383
UBERON:2205383	UBERON:2200947
UBERON:2205384	UBERON:2105384
UBERON:2205384	UBERON:2200947
UBERON:2205385	UBERON:2105385
UBERON:2205385	UBERON:2200947
UBERON:3000002	UBERON:0001823
UBERON:3000002	UBERON:0003933
UBERON:3000003	UBERON:0004530
UBERON:3000006	UBERON:0011772
UBERON:3000012	UBERON:0004530
UBERON:3000015	UBERON:0004530
UBERON:3000016	UBERON:0010363
UBERON:3000017	UBERON:0004530
UBERON:3000018	UBERON:0004530
UBERON:3000020	UBERON:0004530
UBERON:3000022	UBERON:0004530
UBERON:3000031	UBERON:0004530
UBERON:3000032	UBERON:0002376
UBERON:3000036	UBERON:0004530
UBERON:3000037	UBERON:3000051
UBERON:3000038	UBERON:0000479
UBERON:3000041	UBERON:0000481
UBERON:3000041	UBERON:0005156
UBERON:3000050	UBERON:0010912
UBERON:3000051	UBERON:0004705
UBERON:3000052	UBERON:3000050
UBERON:3000057	UBERON:0001840
UBERON:3000059	UBERON:0004529
UBERON:3000068	UBERON:0001823
UBERON:3000068	UBERON:0003933
UBERON:3000069	UBERON:0001823
UBERON:3000069	UBERON:0003933
UBERON:3000074	UBERON:0003933
UBERON:3000078	UBERON:0003933
UBERON:3000079	UBERON:0001823
UBERON:3000079	UBERON:0003933
UBERON:3000085	UBERON:0001707
UBERON:3000086	UBERON:0001707
UBERON:3000087	UBERON:0001707
UBERON:3000088	UBERON:0001707
UBERON:3000089	UBERON:0001707
UBERON:3000101	UBERON:0004529
UBERON:3000110	UBERON:4100000
UBERON:3000111	UBERON:4100000
UBERON:3000112	UBERON:4100000
UBERON:3000113	UBERON:0004529
UBERON:3000115	UBERON:4100000
UBERON:3000117	UBERON:0004529
UBERON:3000118	UBERON:0004529
UBERON:3000131	UBERON:0000064
UBERON:3000141	UBERON:0000467
UBERON:3000155	UBERON:0000064
UBERON:3000160	UBERON:3000316
UBERON:3000161	UBERON:3000316
UBERON:3000162	UBERON:3000316
UBERON:3000164	UBERON:3000316
UBERON:3000166	UBERON:3000316
UBERON:3000167	UBERON:3000316
UBERON:3000170	UBERON:3000316
UBERON:3000171	UBERON:3000316
UBERON:3000177	UBERON:4100000
UBERON:3000178	UBERON:0000064
UBERON:3000179	UBERON:3000051
UBERON:3000180	UBERON:3000051
UBERON:3000181	UBERON:3000051
UBERON:3000182	UBERON:3000051
UBERON:3000183	UBERON:3000051
UBERON:3000185	UBERON:3000051
UBERON:3000189	UBERON:3000316
UBERON:3000190	UBERON:3000316
UBERON:3000192	UBERON:3000051
UBERON:3000193	UBERON:3000051
UBERON:3000195	UBERON:3000051
UBERON:3000209	UBERON:3000051
UBERON:3000224	UBERON:0002376
UBERON:3000226	UBERON:0000477
UBERON:3000234	UBERON:0001823
UBERON:3000234	UBERON:0003933
UBERON:3000237	UBERON:0003933
UBERON:3000237	UBERON:0013765
UBERON:3000254	UBERON:0000064
UBERON:3000255	UBERON:0000064
UBERON:3000259	UBERON:4100000
UBERON:3000260	UBERON:4100000
UBERON:3000263	UBERON:0000064
UBERON:3000264	UBERON:0000064
UBERON:3000280	UBERON:0000064
UBERON:3000281	UBERON:0000064
UBERON:3000282	UBERON:0000064
UBERON:3000283	UBERON:0000064
UBERON:3000284	UBERON:0000064
UBERON:3000288	UBERON:0008193
UBERON:3000288	UBERON:0008907
UBERON:3000288	UBERON:0010314
UBERON:3000288	UBERON:0011597
UBERON:3000290	UBERON:0001823
UBERON:3000290	UBERON:0003933
UBERON:3000291	UBERON:3000316
UBERON:3000292	UBERON:4100000
UBERON:3000294	UBERON:0004529
UBERON:3000295	UBERON:0000064
UBERON:3000309	UBERON:0002376
UBERON:3000316	UBERON:0006332
UBERON:3000323	UBERON:0008907
UBERON:3000323	UBERON:0011597
UBERON:3000329	UBERON:0001823
UBERON:3000329	UBERON:0003933
UBERON:3000332	UBERON:3000051
UBERON:3000333	UBERON:3000316
UBERON:3000341	UBERON:3000051
UBERON:3000344	UBERON:3000051
UBERON:3000348	UBERON:0001474
UBERON:3000363	UBERON:0008846
UBERON:3000363	UBERON:0013765
UBERON:3000364	UBERON:0000064
UBERON:3000365	UBERON:4100000
UBERON:3000367	UBERON:4100000
UBERON:3000368	UBERON:0002513
UBERON:3000375	UBERON:4100000
UBERON:3000380	UBERON:4100000
UBERON:3000381	UBERON:0001823
UBERON:3000381	UBERON:0003933
UBERON:3000384	UBERON:0000064
UBERON:3000386	UBERON:4100000
UBERON:3000387	UBERON:4100000
UBERON:3000388	UBERON:0001091
UBERON:3000389	UBERON:0001823
UBERON:3000389	UBERON:0003933
UBERON:3000393	UBERON:0000479
UBERON:3000394	UBERON:0000064
UBERON:3000395	UBERON:0000479
UBERON:3000399	UBERON:0000064
UBERON:3000400	UBERON:0000064
UBERON:3000401	UBERON:0000064
UBERON:3000405	UBERON:0000064
UBERON:3000406	UBERON:0000064
UBERON:3000408	UBERON:0000064
UBERON:3000428	UBERON:0001032
UBERON:3000431	UBERON:0003932
UBERON:3000432	UBERON:0003932
UBERON:3000433	UBERON:0005744
UBERON:3000434	UBERON:0001823
UBERON:3000434	UBERON:0003933
UBERON:3000437	UBERON:0001823
UBERON:3000437	UBERON:0003933
UBERON:3000438	UBERON:0001823
UBERON:3000438	UBERON:0003933
UBERON:3000440	UBERON:0000064
UBERON:3000441	UBERON:0000064
UBERON:3000443	UBERON:0001686
UBERON:3000446	UBERON:0005913
UBERON:3000448	UBERON:0004529
UBERON:3000449	UBERON:0004529
UBERON:3000450	UBERON:0004529
UBERON:3000451	UBERON:0005913
UBERON:3000453	UBERON:4100000
UBERON:3000454	UBERON:0010363
UBERON:3000459	UBERON:4100000
UBERON:3000467	UBERON:4100000
UBERON:3000486	UBERON:4100000
UBERON:3000492	UBERON:4100000
UBERON:3000493	UBERON:4100000
UBERON:3000494	UBERON:4100000
UBERON:3000500	UBERON:4100000
UBERON:3000505	UBERON:0004527
UBERON:3000505	UBERON:0004530
UBERON:3000509	UBERON:4100000
UBERON:3000512	UBERON:4100000
UBERON:3000515	UBERON:0002513
UBERON:3000515	UBERON:0004768
UBERON:3000516	UBERON:4100000
UBERON:3000518	UBERON:0002513
UBERON:3000518	UBERON:0004768
UBERON:3000518	UBERON:0008907
UBERON:3000519	UBERON:0003268
UBERON:3000523	UBERON:4100000
UBERON:3000524	UBERON:0000064
UBERON:3000527	UBERON:4100000
UBERON:3000538	UBERON:0000064
UBERON:3000539	UBERON:0000464
UBERON:3000540	UBERON:0000464
UBERON:3000543	UBERON:0004530
UBERON:3000547	UBERON:4100000
UBERON:3000560	UBERON:0003037
UBERON:3000561	UBERON:0003037
UBERON:3000562	UBERON:0003037
UBERON:3000563	UBERON:4100000
UBERON:3000565	UBERON:0000064
UBERON:3000569	UBERON:0000064
UBERON:3000570	UBERON:0000064
UBERON:3000571	UBERON:0002384
UBERON:3000572	UBERON:0002513
UBERON:3000580	UBERON:0000064
UBERON:3000581	UBERON:0000464
UBERON:3000582	UBERON:0000464
UBERON:3000583	UBERON:0000464
UBERON:3000586	UBERON:0001823
UBERON:3000586	UBERON:0003933
UBERON:3000590	UBERON:4100000
UBERON:3000591	UBERON:0002513
UBERON:3000597	UBERON:0000064
UBERON:3000599	UBERON:0003932
UBERON:3000601	UBERON:0010363
UBERON:3000605	UBERON:0011773
UBERON:3000610	UBERON:3000051
UBERON:3000619	UBERON:0000064
UBERON:3000628	UBERON:0000064
UBERON:3000634	UBERON:0000064
UBERON:3000639	UBERON:4100000
UBERON:3000640	UBERON:0003933
UBERON:3000642	UBERON:0003267
UBERON:3000644	UBERON:0004529
UBERON:3000645	UBERON:0002513
UBERON:3000645	UBERON:0008907
UBERON:3000645	UBERON:0012360
UBERON:3000646	UBERON:0000064
UBERON:3000647	UBERON:4100000
UBERON:3000648	UBERON:4100000
UBERON:3000649	UBERON:0004530
UBERON:3000650	UBERON:4100000
UBERON:3000651	UBERON:0000064
UBERON:3000652	UBERON:0004704
UBERON:3000653	UBERON:0000064
UBERON:3000654	UBERON:0000064
UBERON:3000655	UBERON:4100000
UBERON:3000656	UBERON:4100000
UBERON:3000657	UBERON:4100000
UBERON:3000658	UBERON:4100000
UBERON:3000659	UBERON:4100000
UBERON:3000660	UBERON:0000064
UBERON:3000661	UBERON:4100000
UBERON:3000662	UBERON:4100000
UBERON:3000663	UBERON:0002513
UBERON:3000664	UBERON:0000064
UBERON:3000667	UBERON:0000064
UBERON:3000668	UBERON:0000464
UBERON:3000670	UBERON:4100000
UBERON:3000671	UBERON:4100000
UBERON:3000672	UBERON:0004529
UBERON:3000673	UBERON:0004529
UBERON:3000676	UBERON:4100000
UBERON:3000677	UBERON:4100000
UBERON:3000678	UBERON:4100000
UBERON:3000680	UBERON:0000064
UBERON:3000681	UBERON:0010272
UBERON:3000683	UBERON:3000681
UBERON:3000685	UBERON:3000681
UBERON:3000687	UBERON:0000064
UBERON:3000688	UBERON:0011769
UBERON:3000688	UBERON:4100000
UBERON:3000689	UBERON:0011769
UBERON:3000689	UBERON:4100000
UBERON:3000692	UBERON:0000064
UBERON:3000694	UBERON:0000064
UBERON:3000696	UBERON:0010276
UBERON:3000701	UBERON:0010276
UBERON:3000704	UBERON:0010276
UBERON:3000707	UBERON:0000064
UBERON:3000711	UBERON:0001075
UBERON:3000712	UBERON:0001075
UBERON:3000713	UBERON:0001075
UBERON:3000714	UBERON:0001075
UBERON:3000715	UBERON:0001075
UBERON:3000716	UBERON:0001075
UBERON:3000717	UBERON:0001075
UBERON:3000718	UBERON:0001075
UBERON:3000719	UBERON:0001075
UBERON:3000720	UBERON:0001075
UBERON:3000727	UBERON:4100000
UBERON:3000728	UBERON:4100000
UBERON:3000730	UBERON:0010276
UBERON:3000735	UBERON:0000064
UBERON:3000743	UBERON:0000064
UBERON:3000744	UBERON:0000064
UBERON:3000745	UBERON:0000064
UBERON:3000746	UBERON:0000064
UBERON:3000748	UBERON:0007844
UBERON:3000752	UBERON:0000479
UBERON:3000753	UBERON:0000479
UBERON:3000755	UBERON:0000464
UBERON:3000756	UBERON:4100000
UBERON:3000757	UBERON:0000477
UBERON:3000759	UBERON:0005181
UBERON:3000759	UBERON:0010363
UBERON:3000759	UBERON:3000936
UBERON:3000762	UBERON:0007844
UBERON:3000762	UBERON:3000936
UBERON:3000763	UBERON:0000064
UBERON:3000767	UBERON:0007832
UBERON:3000771	UBERON:3000767
UBERON:3000773	UBERON:0004530
UBERON:3000774	UBERON:0000064
UBERON:3000776	UBERON:3000755
UBERON:3000777	UBERON:0000064
UBERON:3000778	UBERON:3000755
UBERON:3000779	UBERON:3000755
UBERON:3000780	UBERON:0000464
UBERON:3000783	UBERON:0005055
UBERON:3000784	UBERON:0000064
UBERON:3000785	UBERON:0000064
UBERON:3000786	UBERON:0004704
UBERON:3000787	UBERON:0000064
UBERON:3000792	UBERON:0004530
UBERON:3000793	UBERON:0001075
UBERON:3000794	UBERON:0001075
UBERON:3000796	UBERON:0003861
UBERON:3000797	UBERON:0003861
UBERON:3000798	UBERON:0000064
UBERON:3000799	UBERON:0000064
UBERON:3000800	UBERON:0010276
UBERON:3000801	UBERON:0000064
UBERON:3000802	UBERON:0000064
UBERON:3000803	UBERON:0000064
UBERON:3000804	UBERON:0000064
UBERON:3000805	UBERON:0000064
UBERON:3000806	UBERON:0000064
UBERON:3000807	UBERON:0000064
UBERON:3000808	UBERON:4100000
UBERON:3000809	UBERON:0004905
UBERON:3000810	UBERON:0000064
UBERON:3000811	UBERON:0000064
UBERON:3000813	UBERON:0000464
UBERON:3000814	UBERON:0005913
UBERON:3000815	UBERON:0005913
UBERON:3000816	UBERON:0000064
UBERON:3000817	UBERON:0000064
UBERON:3000818	UBERON:0000064
UBERON:3000819	UBERON:0000064
UBERON:3000820	UBERON:0000064
UBERON:3000821	UBERON:0000064
UBERON:3000822	UBERON:0000064
UBERON:3000823	UBERON:0000464
UBERON:3000824	UBERON:0000064
UBERON:3000825	UBERON:4100000
UBERON:3000827	UBERON:0000064
UBERON:3000828	UBERON:0000064
UBERON:3000829	UBERON:0000064
UBERON:3000830	UBERON:0000064
UBERON:3000831	UBERON:4100000
UBERON:3000832	UBERON:0000064
UBERON:3000833	UBERON:0000464
UBERON:3000834	UBERON:0005913
UBERON:3000836	UBERON:4100000
UBERON:3000837	UBERON:4100000
UBERON:3000839	UBERON:4100000
UBERON:3000840	UBERON:0005055
UBERON:3000842	UBERON:0005055
UBERON:3000844	UBERON:0000064
UBERON:3000846	UBERON:0000064
UBERON:3000856	UBERON:0004249
UBERON:3000859	UBERON:0005744
UBERON:3000862	UBERON:0005179
UBERON:3000862	UBERON:0010363
UBERON:3000865	UBERON:0000064
UBERON:3000866	UBERON:0005913
UBERON:3000867	UBERON:0000064
UBERON:3000869	UBERON:0004530
UBERON:3000870	UBERON:0005913
UBERON:3000871	UBERON:0000064
UBERON:3000872	UBERON:0000064
UBERON:3000873	UBERON:0000064
UBERON:3000874	UBERON:4100000
UBERON:3000875	UBERON:4100000
UBERON:3000876	UBERON:4100000
UBERON:3000877	UBERON:0000064
UBERON:3000878	UBERON:4100000
UBERON:3000879	UBERON:0000064
UBERON:3000880	UBERON:4100000
UBERON:3000882	UBERON:0005913
UBERON:3000883	UBERON:0000064
UBERON:3000884	UBERON:0000064
UBERON:3000886	UBERON:0005179
UBERON:3000886	UBERON:0007844
UBERON:3000894	UBERON:4100000
UBERON:3000896	UBERON:0004704
UBERON:3000898	UBERON:4100000
UBERON:3000903	UBERON:4100000
UBERON:3000904	UBERON:0000064
UBERON:3000905	UBERON:0000064
UBERON:3000906	UBERON:0000064
UBERON:3000907	UBERON:0000064
UBERON:3000908	UBERON:0000064
UBERON:3000909	UBERON:0000064
UBERON:3000911	UBERON:0005744
UBERON:3000915	UBERON:0000464
UBERON:3000916	UBERON:0000064
UBERON:3000917	UBERON:0000064
UBERON:3000921	UBERON:0015050
UBERON:3000922	UBERON:0010712
UBERON:3000931	UBERON:0004248
UBERON:3000934	UBERON:0004111
UBERON:3000936	UBERON:0004765
UBERON:3000937	UBERON:0000477
UBERON:3000938	UBERON:0000477
UBERON:3000941	UBERON:0007831
UBERON:3000942	UBERON:0007831
UBERON:3000943	UBERON:0007831
UBERON:3000944	UBERON:0007831
UBERON:3000945	UBERON:0000064
UBERON:3000948	UBERON:0004530
UBERON:3000949	UBERON:0000064
UBERON:3000950	UBERON:0002513
UBERON:3000951	UBERON:0002513
UBERON:3000952	UBERON:0002513
UBERON:3000953	UBERON:2002103
UBERON:3000954	UBERON:0002513
UBERON:3000955	UBERON:0002513
UBERON:3000956	UBERON:0002513
UBERON:3000961	UBERON:0003102
UBERON:3000965	UBERON:0001481
UBERON:3000966	UBERON:0004768
UBERON:3000966	UBERON:0008907
UBERON:3000972	UBERON:3000961
UBERON:3000977	UBERON:3000961
UBERON:3000981	UBERON:3000961
UBERON:3000982	UBERON:3000961
UBERON:3000989	UBERON:3000977
UBERON:3000991	UBERON:3000977
UBERON:3000993	UBERON:0000064
UBERON:3000994	UBERON:3000991
UBERON:3000995	UBERON:3000991
UBERON:3000998	UBERON:0003933
UBERON:3000998	UBERON:0013765
UBERON:3000999	UBERON:3000977
UBERON:3001002	UBERON:0010721
UBERON:3001003	UBERON:3000977
UBERON:3001005	UBERON:3000977
UBERON:3001007	UBERON:3000977
UBERON:3001008	UBERON:3000977
UBERON:3001009	UBERON:3000977
UBERON:3001010	UBERON:3000977
UBERON:3010006	UBERON:3000977
UBERON:3010007	UBERON:0000062
UBERON:3010007	UBERON:0004121
UBERON:3010010	UBERON:3000977
UBERON:3010011	UBERON:3010603
UBERON:3010013	UBERON:0010323
UBERON:3010014	UBERON:3010603
UBERON:3010018	UBERON:0010890
UBERON:3010021	UBERON:3010603
UBERON:3010022	UBERON:0010890
UBERON:3010027	UBERON:0010890
UBERON:3010031	UBERON:3010603
UBERON:3010032	UBERON:0010890
UBERON:3010039	UBERON:0010895
UBERON:3010042	UBERON:0010895
UBERON:3010044	UBERON:3000977
UBERON:3010045	UBERON:0001447
UBERON:3010045	UBERON:0012131
UBERON:3010047	UBERON:0010890
UBERON:3010049	UBERON:0010890
UBERON:3010058	UBERON:3000977
UBERON:3010060	UBERON:0001435
UBERON:3010060	UBERON:0012131
UBERON:3010061	UBERON:0011004
UBERON:3010061	UBERON:0013765
UBERON:3010065	UBERON:0010890
UBERON:3010067	UBERON:0010890
UBERON:3010068	UBERON:0010890
UBERON:3010069	UBERON:0000064
UBERON:3010070	UBERON:0010890
UBERON:3010071	UBERON:3000972
UBERON:3010072	UBERON:0010890
UBERON:3010073	UBERON:0001447
UBERON:3010073	UBERON:0012131
UBERON:3010074	UBERON:0010890
UBERON:3010075	UBERON:3000972
UBERON:3010076	UBERON:0010890
UBERON:3010078	UBERON:0010890
UBERON:3010079	UBERON:3000972
UBERON:3010080	UBERON:3000972
UBERON:3010081	UBERON:3000972
UBERON:3010082	UBERON:0010890
UBERON:3010084	UBERON:0010890
UBERON:3010085	UBERON:3000972
UBERON:3010087	UBERON:0010890
UBERON:3010089	UBERON:0010890
UBERON:3010090	UBERON:0010890
UBERON:3010091	UBERON:3000972
UBERON:3010092	UBERON:0004530
UBERON:3010093	UBERON:0013703
UBERON:3010094	UBERON:4100000
UBERON:3010096	UBERON:3000972
UBERON:3010097	UBERON:0010890
UBERON:3010098	UBERON:0010890
UBERON:3010100	UBERON:3010604
UBERON:3010103	UBERON:3010604
UBERON:3010104	UBERON:3010603
UBERON:3010105	UBERON:0008906
UBERON:3010106	UBERON:3000972
UBERON:3010109	UBERON:0008906
UBERON:3010115	UBERON:0008906
UBERON:3010118	UBERON:0000064
UBERON:3010123	UBERON:3000981
UBERON:3010124	UBERON:3000981
UBERON:3010125	UBERON:0001601
UBERON:3010126	UBERON:0008906
UBERON:3010127	UBERON:3010123
UBERON:3010128	UBERON:0003932
UBERON:3010130	UBERON:0003932
UBERON:3010131	UBERON:0003933
UBERON:3010132	UBERON:0003932
UBERON:3010136	UBERON:0010890
UBERON:3010138	UBERON:0000064
UBERON:3010142	UBERON:0005913
UBERON:3010144	UBERON:0000064
UBERON:3010163	UBERON:3000981
UBERON:3010164	UBERON:3000981
UBERON:3010166	UBERON:3010124
UBERON:3010167	UBERON:3000981
UBERON:3010168	UBERON:3000981
UBERON:3010170	UBERON:3000981
UBERON:3010172	UBERON:0005813
UBERON:3010173	UBERON:0005813
UBERON:3010175	UBERON:3000981
UBERON:3010178	UBERON:3010606
UBERON:3010179	UBERON:3010606
UBERON:3010181	UBERON:3010606
UBERON:3010182	UBERON:3010606
UBERON:3010183	UBERON:3010606
UBERON:3010184	UBERON:0005813
UBERON:3010186	UBERON:0005813
UBERON:3010187	UBERON:0005813
UBERON:3010188	UBERON:0005813
UBERON:3010189	UBERON:3000981
UBERON:3010190	UBERON:3000981
UBERON:3010191	UBERON:3000981
UBERON:3010192	UBERON:3000981
UBERON:3010193	UBERON:3000981
UBERON:3010194	UBERON:0000064
UBERON:3010195	UBERON:0000064
UBERON:3010197	UBERON:0000464
UBERON:3010200	UBERON:0003504
UBERON:3010201	UBERON:3000982
UBERON:3010202	UBERON:3000982
UBERON:3010203	UBERON:3000982
UBERON:3010204	UBERON:3000982
UBERON:3010205	UBERON:0007844
UBERON:3010209	UBERON:3000981
UBERON:3010226	UBERON:3010603
UBERON:3010227	UBERON:3000977
UBERON:3010229	UBERON:3000977
UBERON:3010231	UBERON:3000977
UBERON:3010235	UBERON:0006846
UBERON:3010239	UBERON:3000972
UBERON:3010240	UBERON:0005156
UBERON:3010240	UBERON:0005179
UBERON:3010240	UBERON:0007844
UBERON:3010241	UBERON:3000972
UBERON:3010242	UBERON:0006846
UBERON:3010243	UBERON:0000477
UBERON:3010259	UBERON:0008811
UBERON:3010260	UBERON:0008811
UBERON:3010262	UBERON:0005913
UBERON:3010303	UBERON:0000478
UBERON:3010328	UBERON:0000479
UBERON:3010377	UBERON:0003102
UBERON:3010379	UBERON:0000479
UBERON:3010380	UBERON:0000479
UBERON:3010392	UBERON:0006553
UBERON:3010393	UBERON:0000064
UBERON:3010394	UBERON:0006553
UBERON:3010404	UBERON:0001982
UBERON:3010404	UBERON:0015796
UBERON:3010413	UBERON:0004573
UBERON:3010417	UBERON:0001637
UBERON:3010423	UBERON:0000947
UBERON:3010424	UBERON:0004573
UBERON:3010431	UBERON:0002050
UBERON:3010432	UBERON:0002050
UBERON:3010436	UBERON:0002050
UBERON:3010437	UBERON:0002050
UBERON:3010437	UBERON:0004119
UBERON:3010447	UBERON:0010891
UBERON:3010449	UBERON:0004879
UBERON:3010450	UBERON:0004879
UBERON:3010451	UBERON:0004879
UBERON:3010452	UBERON:0004879
UBERON:3010453	UBERON:0004879
UBERON:3010454	UBERON:0004879
UBERON:3010455	UBERON:0002050
UBERON:3010456	UBERON:3010455
UBERON:3010457	UBERON:3010455
UBERON:3010458	UBERON:0000064
UBERON:3010463	UBERON:0002050
UBERON:3010464	UBERON:0002050
UBERON:3010465	UBERON:0002050
UBERON:3010489	UBERON:0004573
UBERON:3010494	UBERON:0003496
UBERON:3010494	UBERON:0004573
UBERON:3010494	UBERON:0020550
UBERON:3010496	UBERON:0003496
UBERON:3010496	UBERON:0004573
UBERON:3010498	UBERON:0001637
UBERON:3010499	UBERON:0001637
UBERON:3010500	UBERON:0003509
UBERON:3010501	UBERON:0001637
UBERON:3010502	UBERON:0001637
UBERON:3010503	UBERON:0004573
UBERON:3010506	UBERON:0001638
UBERON:3010507	UBERON:0001638
UBERON:3010515	UBERON:0001638
UBERON:3010516	UBERON:0001638
UBERON:3010517	UBERON:0001638
UBERON:3010519	UBERON:0001638
UBERON:3010520	UBERON:0001638
UBERON:3010523	UBERON:0010890
UBERON:3010524	UBERON:0000489
UBERON:3010525	UBERON:3000051
UBERON:3010528	UBERON:0000064
UBERON:3010529	UBERON:0002384
UBERON:3010529	UBERON:0005156
UBERON:3010541	UBERON:0000064
UBERON:3010541	UBERON:0005156
UBERON:3010557	UBERON:0004529
UBERON:3010558	UBERON:0011648
UBERON:3010559	UBERON:4100000
UBERON:3010560	UBERON:0004530
UBERON:3010562	UBERON:3000051
UBERON:3010563	UBERON:3000051
UBERON:3010564	UBERON:3000051
UBERON:3010565	UBERON:0003932
UBERON:3010566	UBERON:3000051
UBERON:3010576	UBERON:0008907
UBERON:3010583	UBERON:0004740
UBERON:3010584	UBERON:0004529
UBERON:3010585	UBERON:0004740
UBERON:3010586	UBERON:0006946
UBERON:3010587	UBERON:0002342
UBERON:3010589	UBERON:0000479
UBERON:3010590	UBERON:0012478
UBERON:3010599	UBERON:0002067
UBERON:3010602	UBERON:0002530
UBERON:3010603	UBERON:3000977
UBERON:3010604	UBERON:3000972
UBERON:3010606	UBERON:3000981
UBERON:3010613	UBERON:0000464
UBERON:3010614	UBERON:0007844
UBERON:3010618	UBERON:3000224
UBERON:3010620	UBERON:3000224
UBERON:3010621	UBERON:3000224
UBERON:3010624	UBERON:0001479
UBERON:3010624	UBERON:0011141
UBERON:3010624	UBERON:0012357
UBERON:3010636	UBERON:0000476
UBERON:3010636	UBERON:0000478
UBERON:3010650	UBERON:3000224
UBERON:3010651	UBERON:3000224
UBERON:3010652	UBERON:0011779
UBERON:3010653	UBERON:0004529
UBERON:3010654	UBERON:3000224
UBERON:3010657	UBERON:3000224
UBERON:3010659	UBERON:3000224
UBERON:3010661	UBERON:0000348
UBERON:3010664	UBERON:0004465
UBERON:3010665	UBERON:3010661
UBERON:3010667	UBERON:0004465
UBERON:3010668	UBERON:0011779
UBERON:3010669	UBERON:0011779
UBERON:3010671	UBERON:0000479
UBERON:3010673	UBERON:0010891
UBERON:3010675	UBERON:0004248
UBERON:3010682	UBERON:4200140
UBERON:3010683	UBERON:4200140
UBERON:3010684	UBERON:4200141
UBERON:3010685	UBERON:4200141
UBERON:3010690	UBERON:0007115
UBERON:3010691	UBERON:0010891
UBERON:3010692	UBERON:0010891
UBERON:3010693	UBERON:0004529
UBERON:3010694	UBERON:0010891
UBERON:3010695	UBERON:0010891
UBERON:3010698	UBERON:0010891
UBERON:3010699	UBERON:0010891
UBERON:3010700	UBERON:0011648
UBERON:3010700	UBERON:0018544
UBERON:3010701	UBERON:0010891
UBERON:3010704	UBERON:0011648
UBERON:3010706	UBERON:0000064
UBERON:3010707	UBERON:0010891
UBERON:3010708	UBERON:0011648
UBERON:3010708	UBERON:0018544
UBERON:3010709	UBERON:0011648
UBERON:3010709	UBERON:0018544
UBERON:3010710	UBERON:0010891
UBERON:3010711	UBERON:0011648
UBERON:3010712	UBERON:0011648
UBERON:3010713	UBERON:0010891
UBERON:3010719	UBERON:4100000
UBERON:3010720	UBERON:0004529
UBERON:3010721	UBERON:3000981
UBERON:3010722	UBERON:0001647
UBERON:3010724	UBERON:0011648
UBERON:3010724	UBERON:0018544
UBERON:3010725	UBERON:0010891
UBERON:3010726	UBERON:0011779
UBERON:3010728	UBERON:0007844
UBERON:3010729	UBERON:0010891
UBERON:3010731	UBERON:0010891
UBERON:3010734	UBERON:0010891
UBERON:3010735	UBERON:0004529
UBERON:3010736	UBERON:0004529
UBERON:3010737	UBERON:0010891
UBERON:3010738	UBERON:0010891
UBERON:3010739	UBERON:0010891
UBERON:3010740	UBERON:0001759
UBERON:3010741	UBERON:0010891
UBERON:3010742	UBERON:0011648
UBERON:3010743	UBERON:0010891
UBERON:3010744	UBERON:0010891
UBERON:3010745	UBERON:0010890
UBERON:3010746	UBERON:0004300
UBERON:3010747	UBERON:0011648
UBERON:3010748	UBERON:0010890
UBERON:3010749	UBERON:0010890
UBERON:3010750	UBERON:0004293
UBERON:3010750	UBERON:0011779
UBERON:3010751	UBERON:0011779
UBERON:3010754	UBERON:0004529
UBERON:3010757	UBERON:3010105
UBERON:3010758	UBERON:0010890
UBERON:3010759	UBERON:3010105
UBERON:3010764	UBERON:0011779
UBERON:3010765	UBERON:3010109
UBERON:3010770	UBERON:0000407
UBERON:3010771	UBERON:0000407
UBERON:3010772	UBERON:0008778
UBERON:3010778	UBERON:3010765
UBERON:3010780	UBERON:0000064
UBERON:3010780	UBERON:0005156
UBERON:3010781	UBERON:0000064
UBERON:3010781	UBERON:0005156
UBERON:3010783	UBERON:0008777
UBERON:3010784	UBERON:0008777
UBERON:3010785	UBERON:0008777
UBERON:3010786	UBERON:0008777
UBERON:3010787	UBERON:0008777
UBERON:3010790	UBERON:0002461
UBERON:3010792	UBERON:0002461
UBERON:3010793	UBERON:0008777
UBERON:3010794	UBERON:3010765
UBERON:3010795	UBERON:3010765
UBERON:3010796	UBERON:3010126
UBERON:3010797	UBERON:0008777
UBERON:3010798	UBERON:3010126
UBERON:3010799	UBERON:3010126
UBERON:3010801	UBERON:3010115
UBERON:3010802	UBERON:3010604
UBERON:3010804	UBERON:3010115
UBERON:3010813	UBERON:3010603
UBERON:3010815	UBERON:0014892
UBERON:3010818	UBERON:0002358
UBERON:3010819	UBERON:0002358
UBERON:3010820	UBERON:0000064
UBERON:3010821	UBERON:0004752
UBERON:3010824	UBERON:4100000
UBERON:3010827	UBERON:0001823
UBERON:3010827	UBERON:0003933
UBERON:3010828	UBERON:0011004
UBERON:3010829	UBERON:0006846
UBERON:3010830	UBERON:0000064
UBERON:3010831	UBERON:0004765
UBERON:3010832	UBERON:0005913
UBERON:3010836	UBERON:0010931
UBERON:3010837	UBERON:0010931
UBERON:3010838	UBERON:0010931
UBERON:3011040	UBERON:0002050
UBERON:3011120	UBERON:0002050
UBERON:3011121	UBERON:0000479
UBERON:4000003	UBERON:0007844
UBERON:4000013	UBERON:0004755
UBERON:4000020	GO:0031012
UBERON:4000020	UBERON:0000479
UBERON:4000028	UBERON:0001763
UBERON:4000030	UBERON:0001763
UBERON:4000051	UBERON:4000052
UBERON:4000052	UBERON:0007380
UBERON:4000053	UBERON:0002384
UBERON:4000055	UBERON:4000052
UBERON:4000059	GO:0031012
UBERON:4000059	UBERON:0000479
UBERON:4000070	UBERON:0007380
UBERON:4000070	UBERON:0010314
UBERON:4000074	UBERON:4000052
UBERON:4000077	UBERON:0004755
UBERON:4000078	UBERON:0004755
UBERON:4000080	UBERON:0007380
UBERON:4000081	UBERON:0007380
UBERON:4000086	UBERON:0002418
UBERON:4000087	UBERON:0010365
UBERON:4000088	UBERON:0002418
UBERON:4000090	UBERON:0010912
UBERON:4000097	UBERON:0010365
UBERON:4000102	UBERON:0010365
UBERON:4000104	UBERON:0003585
UBERON:4000104	UBERON:0010365
UBERON:4000105	UBERON:0000479
UBERON:4000106	UBERON:0010365
UBERON:4000107	UBERON:0003585
UBERON:4000107	UBERON:0010365
UBERON:4000108	UBERON:0001994
UBERON:4000108	UBERON:0011589
UBERON:4000109	UBERON:0001994
UBERON:4000109	UBERON:4000013
UBERON:4000109	UBERON:4000088
UBERON:4000115	UBERON:0002481
UBERON:4000115	UBERON:4000013
UBERON:4000118	UBERON:4000115
UBERON:4000119	UBERON:4000059
UBERON:4000120	UBERON:4000020
UBERON:4000120	UBERON:4000059
UBERON:4000122	UBERON:4000115
UBERON:4000123	UBERON:0010313
UBERON:4000123	UBERON:0010365
UBERON:4000134	UBERON:0001479
UBERON:4000138	UBERON:0010522
UBERON:4000146	UBERON:0007844
UBERON:4000146	UBERON:0010363
UBERON:4000159	UBERON:0001479
UBERON:4000160	UBERON:0007829
UBERON:4000160	UBERON:0008907
UBERON:4000162	UBERON:0008897
UBERON:4000163	UBERON:4000162
UBERON:4000164	UBERON:4000162
UBERON:4000166	UBERON:4000170
UBERON:4000167	UBERON:4000170
UBERON:4000168	UBERON:4000170
UBERON:4000170	UBERON:0012353
UBERON:4000171	UBERON:0010912
UBERON:4000172	UBERON:0008907
UBERON:4000172	UBERON:4300037
UBERON:4000173	UBERON:0010742
UBERON:4000173	UBERON:4440011
UBERON:4000174	UBERON:4500008
UBERON:4000175	UBERON:0010741
UBERON:4000175	UBERON:4440011
UBERON:4000176	UBERON:4500008
UBERON:4000177	UBERON:0004247
UBERON:4000177	UBERON:4500008
UBERON:4000182	UBERON:0002534
UBERON:4100000	UBERON:0004529
UBERON:4100003	UBERON:0006984
UBERON:4100004	UBERON:0004530
UBERON:4100005	UBERON:0003221
UBERON:4100006	UBERON:0011655
UBERON:4100007	UBERON:4100003
UBERON:4100009	UBERON:0001449
UBERON:4100010	UBERON:0004530
UBERON:4100011	UBERON:0004530
UBERON:4100012	UBERON:0005913
UBERON:4100013	UBERON:0010363
UBERON:4100014	UBERON:0003097
UBERON:4100016	UBERON:0004530
UBERON:4100100	UBERON:4100000
UBERON:4100111	UBERON:0000064
UBERON:4100111	UBERON:0005156
UBERON:4100112	UBERON:4200214
UBERON:4100112	UBERON:4200230
UBERON:4100113	UBERON:0000982
UBERON:4100114	UBERON:0005055
UBERON:4100114	UBERON:0009979
UBERON:4100115	UBERON:0000464
UBERON:4100116	UBERON:0005055
UBERON:4100116	UBERON:0009979
UBERON:4100117	UBERON:0002228
UBERON:4100118	UBERON:0002228
UBERON:4100119	UBERON:0008907
UBERON:4100121	UBERON:0034768
UBERON:4200000	UBERON:0005913
UBERON:4200001	UBERON:0004530
UBERON:4200002	UBERON:0005913
UBERON:4200003	UBERON:0000151
UBERON:4200004	UBERON:0004704
UBERON:4200006	UBERON:0000064
UBERON:4200006	UBERON:4100000
UBERON:4200007	UBERON:0000064
UBERON:4200008	UBERON:0008114
UBERON:4200009	UBERON:4000174
UBERON:4200010	UBERON:0004530
UBERON:4200011	UBERON:0001447
UBERON:4200011	UBERON:0012131
UBERON:4200012	UBERON:0004530
UBERON:4200013	UBERON:4200230
UBERON:4200014	UBERON:0004530
UBERON:4200015	UBERON:0005445
UBERON:4200016	UBERON:0004530
UBERON:4200016	UBERON:0005913
UBERON:4200018	UBERON:0004530
UBERON:4200018	UBERON:0005913
UBERON:4200019	UBERON:0004530
UBERON:4200020	UBERON:0004704
UBERON:4200021	UBERON:0000075
UBERON:4200022	UBERON:0007829
UBERON:4200022	UBERON:0008907
UBERON:4200023	UBERON:0003097
UBERON:4200025	UBERON:0004530
UBERON:4200026	UBERON:0005744
UBERON:4200027	UBERON:0004530
UBERON:4200028	UBERON:0004530
UBERON:4200029	UBERON:0004530
UBERON:4200030	UBERON:0005913
UBERON:4200031	UBERON:0014892
UBERON:4200032	UBERON:0005055
UBERON:4200033	UBERON:0005913
UBERON:4200034	UBERON:0004530
UBERON:4200036	UBERON:0004530
UBERON:4200037	UBERON:4100000
UBERON:4200038	UBERON:0004704
UBERON:4200039	UBERON:4100000
UBERON:4200040	UBERON:4100000
UBERON:4200041	UBERON:0006614
UBERON:4200042	UBERON:4100000
UBERON:4200043	UBERON:0004704
UBERON:4200044	UBERON:4100003
UBERON:4200044	UBERON:4200230
UBERON:4200045	UBERON:4100003
UBERON:4200045	UBERON:4200230
UBERON:4200046	UBERON:0004705
UBERON:4200047	UBERON:0000061
UBERON:4200048	UBERON:0004530
UBERON:4200049	UBERON:0001479
UBERON:4200050	UBERON:4100003
UBERON:4200051	UBERON:0005913
UBERON:4200052	UBERON:4100000
UBERON:4200053	UBERON:4000164
UBERON:4200054	UBERON:4000164
UBERON:4200055	UBERON:4000164
UBERON:4200056	UBERON:4000164
UBERON:4200060	UBERON:0005744
UBERON:4200061	UBERON:4000164
UBERON:4200062	UBERON:4000174
UBERON:4200063	UBERON:0004530
UBERON:4200068	UBERON:0005179
UBERON:4200068	UBERON:0007844
UBERON:4200069	UBERON:0005913
UBERON:4200070	UBERON:4200075
UBERON:4200070	UBERON:4500008
UBERON:4200075	UBERON:4000172
UBERON:4200076	UBERON:3000755
UBERON:4200078	UBERON:0005913
UBERON:4200079	UBERON:0004530
UBERON:4200080	UBERON:0004530
UBERON:4200081	UBERON:0005913
UBERON:4200083	UBERON:0012131
UBERON:4200084	UBERON:0012131
UBERON:4200086	UBERON:0005913
UBERON:4200087	UBERON:0004530
UBERON:4200088	UBERON:0004530
UBERON:4200089	UBERON:4100003
UBERON:4200089	UBERON:4200230
UBERON:4200090	UBERON:4100003
UBERON:4200090	UBERON:4200230
UBERON:4200091	UBERON:0002513
UBERON:4200091	UBERON:0003462
UBERON:4200091	UBERON:0011164
UBERON:4200092	UBERON:0013703
UBERON:4200093	UBERON:0002542
UBERON:4200094	UBERON:0005451
UBERON:4200095	UBERON:4100000
UBERON:4200096	UBERON:0004704
UBERON:4200096	UBERON:4200230
UBERON:4200097	UBERON:0004529
UBERON:4200098	UBERON:0005913
UBERON:4200099	UBERON:2000663
UBERON:4200100	UBERON:4100000
UBERON:4200101	UBERON:0003662
UBERON:4200102	UBERON:0007829
UBERON:4200102	UBERON:0008907
UBERON:4200103	UBERON:2000663
UBERON:4200104	UBERON:0004704
UBERON:4200105	UBERON:0004111
UBERON:4200106	UBERON:4200047
UBERON:4200107	UBERON:4100000
UBERON:4200108	UBERON:0005451
UBERON:4200109	UBERON:0005445
UBERON:4200110	UBERON:0004529
UBERON:4200111	UBERON:0004529
UBERON:4200112	UBERON:0005055
UBERON:4200113	UBERON:2002294
UBERON:4200114	UBERON:4100000
UBERON:4200115	UBERON:0007829
UBERON:4200115	UBERON:0008907
UBERON:4200116	UBERON:0008962
UBERON:4200117	UBERON:0005913
UBERON:4200118	UBERON:0004530
UBERON:4200119	UBERON:0005913
UBERON:4200120	UBERON:0005913
UBERON:4200121	UBERON:0014794
UBERON:4200122	UBERON:0001325
UBERON:4200123	UBERON:4100000
UBERON:4200124	UBERON:4100000
UBERON:4200125	UBERON:4100000
UBERON:4200126	UBERON:4100000
UBERON:4200127	UBERON:0005744
UBERON:4200128	UBERON:0006077
UBERON:4200129	UBERON:0011676
UBERON:4200130	UBERON:4100003
UBERON:4200130	UBERON:4200230
UBERON:4200131	UBERON:4100000
UBERON:4200133	UBERON:0004529
UBERON:4200134	UBERON:0000475
UBERON:4200135	UBERON:0005179
UBERON:4200135	UBERON:0007844
UBERON:4200136	UBERON:4000164
UBERON:4200139	UBERON:0010363
UBERON:4200140	UBERON:0015049
UBERON:4200141	UBERON:0015050
UBERON:4200150	UBERON:0005744
UBERON:4200151	UBERON:3000981
UBERON:4200152	UBERON:0001447
UBERON:4200152	UBERON:0008000
UBERON:4200152	UBERON:0017261
UBERON:4200153	UBERON:0001448
UBERON:4200153	UBERON:4200154
UBERON:4200154	UBERON:0003821
UBERON:4200155	UBERON:0003821
UBERON:4200156	UBERON:0003821
UBERON:4200157	UBERON:0001448
UBERON:4200157	UBERON:4200155
UBERON:4200158	UBERON:0001448
UBERON:4200158	UBERON:4200156
UBERON:4200159	UBERON:0005055
UBERON:4200160	UBERON:0010912
UBERON:4200161	UBERON:4200160
UBERON:4200162	UBERON:4200160
UBERON:4200165	UBERON:0008201
UBERON:4200166	UBERON:0000464
UBERON:4200167	UBERON:0004529
UBERON:4200169	UBERON:4100000
UBERON:4200170	UBERON:4100000
UBERON:4200171	UBERON:4100000
UBERON:4200172	UBERON:0005055
UBERON:4200172	UBERON:0018664
UBERON:4200173	UBERON:4100000
UBERON:4200174	UBERON:0009988
UBERON:4200175	UBERON:0005913
UBERON:4200176	UBERON:0004530
UBERON:4200177	UBERON:0005813
UBERON:4200177	UBERON:4100000
UBERON:4200178	UBERON:4200160
UBERON:4200180	UBERON:0001435
UBERON:4200181	UBERON:0005913
UBERON:4200182	UBERON:0005813
UBERON:4200182	UBERON:4100000
UBERON:4200183	UBERON:0005813
UBERON:4200183	UBERON:4100000
UBERON:4200184	UBERON:0005813
UBERON:4200184	UBERON:4100000
UBERON:4200185	UBERON:0004704
UBERON:4200186	UBERON:4100000
UBERON:4200188	UBERON:4200151
UBERON:4200189	UBERON:4200151
UBERON:4200190	UBERON:0004530
UBERON:4200192	UBERON:4200214
UBERON:4200192	UBERON:4200230
UBERON:4200193	UBERON:4100000
UBERON:4200194	UBERON:0001075
UBERON:4200195	UBERON:0001075
UBERON:4200196	UBERON:4200194
UBERON:4200197	UBERON:4100000
UBERON:4200198	UBERON:4100000
UBERON:4200199	UBERON:0011216
UBERON:4200203	UBERON:4200230
UBERON:4200203	UBERON:4300038
UBERON:4200204	UBERON:4200230
UBERON:4200204	UBERON:4300038
UBERON:4200206	UBERON:2001737
UBERON:4200207	UBERON:2001737
UBERON:4200208	UBERON:2101586
UBERON:4200209	UBERON:4100000
UBERON:4200210	UBERON:4100000
UBERON:4200211	UBERON:4100000
UBERON:4200212	UBERON:0005813
UBERON:4200212	UBERON:4100000
UBERON:4200213	UBERON:0005813
UBERON:4200213	UBERON:4100000
UBERON:4200214	UBERON:4300038
UBERON:4200215	UBERON:0002209
UBERON:4200216	UBERON:4200214
UBERON:4200216	UBERON:4200230
UBERON:4200217	UBERON:4200214
UBERON:4200217	UBERON:4200230
UBERON:4200218	UBERON:0001134
UBERON:4200219	UBERON:0003620
UBERON:4200219	UBERON:0003864
UBERON:4200220	UBERON:0001273
UBERON:4200221	UBERON:0006800
UBERON:4200222	UBERON:0004704
UBERON:4200223	UBERON:0005744
UBERON:4200224	UBERON:0005744
UBERON:4200225	UBERON:0001482
UBERON:4200226	UBERON:0005913
UBERON:4200228	UBERON:0005744
UBERON:4200229	UBERON:0005744
UBERON:4200230	UBERON:0006984
UBERON:4200231	UBERON:4200230
UBERON:4200232	UBERON:4200230
UBERON:4200233	UBERON:4100000
UBERON:4200234	UBERON:0011598
UBERON:4200235	UBERON:0011598
UBERON:4200236	UBERON:0011598
UBERON:4200237	UBERON:0011598
UBERON:4200238	UBERON:0011603
UBERON:4200239	UBERON:0009678
UBERON:4200240	UBERON:0003113
UBERON:4200241	UBERON:4200240
UBERON:4200242	UBERON:4200241
UBERON:4200243	UBERON:0011636
UBERON:4200244	UBERON:2000691
UBERON:4200245	UBERON:0004768
UBERON:4200246	UBERON:4200245
UBERON:4200247	UBERON:4200245
UBERON:4200248	UBERON:0000477
UBERON:4200250	UBERON:0001708
UBERON:4200250	UBERON:0010313
UBERON:4200251	UBERON:0013685
UBERON:4300002	UBERON:0004530
UBERON:4300003	UBERON:0004376
UBERON:4300003	UBERON:0008907
UBERON:4300004	UBERON:2001951
UBERON:4300005	UBERON:0000464
UBERON:4300006	UBERON:0000477
UBERON:4300007	UBERON:4100000
UBERON:4300008	UBERON:0000477
UBERON:4300012	UBERON:0000026
UBERON:4300013	UBERON:4440008
UBERON:4300014	UBERON:0007829
UBERON:4300014	UBERON:0008907
UBERON:4300015	UBERON:0007829
UBERON:4300015	UBERON:0008907
UBERON:4300016	UBERON:0007844
UBERON:4300017	UBERON:0008907
UBERON:4300017	UBERON:0011164
UBERON:4300017	UBERON:0011597
UBERON:4300018	UBERON:0005156
UBERON:4300018	UBERON:0007844
UBERON:4300019	UBERON:0005174
UBERON:4300019	UBERON:0007844
UBERON:4300020	UBERON:0007844
UBERON:4300021	UBERON:0007829
UBERON:4300021	UBERON:0008907
UBERON:4300022	UBERON:0007829
UBERON:4300022	UBERON:0008907
UBERON:4300023	UBERON:0007829
UBERON:4300023	UBERON:0008907
UBERON:4300024	UBERON:0007829
UBERON:4300024	UBERON:0008907
UBERON:4300025	UBERON:0007829
UBERON:4300025	UBERON:0008907
UBERON:4300026	UBERON:0007829
UBERON:4300026	UBERON:0008907
UBERON:4300028	UBERON:0007829
UBERON:4300028	UBERON:0008907
UBERON:4300029	UBERON:0000982
UBERON:4300030	UBERON:0014892
UBERON:4300031	UBERON:0000014
UBERON:4300032	UBERON:0005174
UBERON:4300032	UBERON:0007844
UBERON:4300033	UBERON:0005174
UBERON:4300033	UBERON:0007844
UBERON:4300034	UBERON:0003932
UBERON:4300035	UBERON:0010363
UBERON:4300036	UBERON:2001457
UBERON:4300036	UBERON:4300035
UBERON:4300037	UBERON:0004376
UBERON:4300037	UBERON:4400005
UBERON:4300038	UBERON:0006984
UBERON:4300081	UBERON:2101587
UBERON:4300082	UBERON:2101587
UBERON:4300083	UBERON:2101587
UBERON:4300087	UBERON:2001587
UBERON:4300087	UBERON:4300081
UBERON:4300088	UBERON:2001587
UBERON:4300088	UBERON:4300082
UBERON:4300089	UBERON:2001587
UBERON:4300089	UBERON:4300083
UBERON:4300090	UBERON:0001076
UBERON:4300091	UBERON:0001076
UBERON:4300092	UBERON:0010363
UBERON:4300096	UBERON:2001420
UBERON:4300097	UBERON:2002262
UBERON:4300098	UBERON:2002262
UBERON:4300101	UBERON:0005174
UBERON:4300101	UBERON:4400001
UBERON:4300102	UBERON:0007380
UBERON:4300103	UBERON:4500007
UBERON:4300104	UBERON:0007829
UBERON:4300104	UBERON:0008907
UBERON:4300105	UBERON:0001095
UBERON:4300106	UBERON:0005913
UBERON:4300108	UBERON:0005913
UBERON:4300109	UBERON:4300108
UBERON:4300110	UBERON:0007844
UBERON:4300110	UBERON:4300111
UBERON:4300111	UBERON:0010363
UBERON:4300112	UBERON:4300108
UBERON:4300114	UBERON:0000152
UBERON:4300115	UBERON:0003097
UBERON:4300116	UBERON:4000177
UBERON:4300117	UBERON:4000173
UBERON:4300119	UBERON:0005913
UBERON:4300120	UBERON:0000064
UBERON:4300121	UBERON:0004704
UBERON:4300121	UBERON:0010276
UBERON:4300123	UBERON:0010538
UBERON:4300124	UBERON:4200194
UBERON:4300125	UBERON:4100000
UBERON:4300126	UBERON:0000467
UBERON:4300127	UBERON:0004530
UBERON:4300128	UBERON:0002228
UBERON:4300128	UBERON:0003828
UBERON:4300128	UBERON:0005179
UBERON:4300129	UBERON:0012478
UBERON:4300130	UBERON:0012478
UBERON:4300132	UBERON:3000051
UBERON:4300133	UBERON:0001709
UBERON:4300134	UBERON:0000075
UBERON:4300135	UBERON:0001091
UBERON:4300137	UBERON:0000064
UBERON:4300138	UBERON:0000064
UBERON:4300139	UBERON:0000064
UBERON:4300140	UBERON:0000064
UBERON:4300142	UBERON:3000051
UBERON:4300143	UBERON:4440008
UBERON:4300144	UBERON:3000051
UBERON:4300147	UBERON:0010538
UBERON:4300150	UBERON:0000094
UBERON:4300151	UBERON:0005179
UBERON:4300151	UBERON:0007844
UBERON:4300152	UBERON:0000062
UBERON:4300153	UBERON:0002384
UBERON:4300154	UBERON:0004530
UBERON:4300155	UBERON:0004375
UBERON:4300155	UBERON:0004376
UBERON:4300155	UBERON:0010741
UBERON:4300156	UBERON:4100000
UBERON:4300157	UBERON:0000064
UBERON:4300158	UBERON:0004704
UBERON:4300172	UBERON:0002531
UBERON:4300172	UBERON:0005419
UBERON:4300173	UBERON:0002531
UBERON:4300174	UBERON:0009854
UBERON:4300175	UBERON:2002261
UBERON:4300176	UBERON:2001612
UBERON:4300177	UBERON:0009678
UBERON:4300178	UBERON:2001952
UBERON:4300179	UBERON:2001833
UBERON:4300180	UBERON:0034929
UBERON:4300181	UBERON:0010289
UBERON:4300182	UBERON:0010289
UBERON:4300184	UBERON:0001076
UBERON:4300185	UBERON:0001076
UBERON:4300186	UBERON:0001076
UBERON:4300188	UBERON:0007380
UBERON:4300189	UBERON:0003109
UBERON:4300190	UBERON:0010363
UBERON:4300190	UBERON:2000461
UBERON:4300192	UBERON:4300117
UBERON:4300193	UBERON:4500006
UBERON:4300194	UBERON:0000062
UBERON:4300195	UBERON:0000481
UBERON:4300196	UBERON:0004530
UBERON:4300197	UBERON:0003102
UBERON:4300198	UBERON:2100271
UBERON:4300199	UBERON:0004768
UBERON:4300199	UBERON:0008907
UBERON:4300200	UBERON:0010912
UBERON:4300201	UBERON:0008789
UBERON:4300202	UBERON:0000982
UBERON:4300203	UBERON:0010363
UBERON:4300205	UBERON:0000211
UBERON:4300206	UBERON:0000211
UBERON:4300207	UBERON:0008907
UBERON:4300208	UBERON:0000477
UBERON:4300209	UBERON:0000211
UBERON:4300210	UBERON:0000933
UBERON:4300211	UBERON:2002053
UBERON:4300212	UBERON:0010365
UBERON:4300213	UBERON:4300035
UBERON:4300214	UBERON:4300035
UBERON:4300215	UBERON:4300035
UBERON:4300216	UBERON:4300035
UBERON:4300217	UBERON:4300035
UBERON:4300218	UBERON:4300035
UBERON:4300219	UBERON:4300035
UBERON:4300220	UBERON:4300035
UBERON:4300221	UBERON:4300035
UBERON:4300222	UBERON:0007380
UBERON:4300223	UBERON:0002412
UBERON:4300223	UBERON:4300224
UBERON:4300224	UBERON:0010913
UBERON:4300225	UBERON:0011094
UBERON:4300225	UBERON:4300224
UBERON:4300226	UBERON:0003413
UBERON:4300226	UBERON:0010328
UBERON:4300227	UBERON:0003412
UBERON:4300227	UBERON:0010328
UBERON:4300228	UBERON:0003413
UBERON:4300229	UBERON:0010329
UBERON:4300230	UBERON:0005417
UBERON:4300231	UBERON:4300226
UBERON:4300233	UBERON:0001091
UBERON:4300234	UBERON:0000477
UBERON:4300235	UBERON:2002285
UBERON:4300236	UBERON:0002228
UBERON:4300237	UBERON:0002228
UBERON:4300238	UBERON:2001824
UBERON:4300239	UBERON:0002103
UBERON:4300240	UBERON:0010911
UBERON:4300241	UBERON:2001612
UBERON:4300242	UBERON:2001824
UBERON:4300243	UBERON:2001626
UBERON:4300244	UBERON:2001626
UBERON:4300246	UBERON:0011594
UBERON:4300247	UBERON:0011594
UBERON:4300248	UBERON:2000364
UBERON:4300249	UBERON:0013685
UBERON:4300250	UBERON:2001830
UBERON:4300251	UBERON:2001830
UBERON:4300252	UBERON:0011004
UBERON:4300252	UBERON:0013765
UBERON:4300261	UBERON:4300284
UBERON:4300262	UBERON:4300284
UBERON:4300263	UBERON:4300036
UBERON:4300263	UBERON:4300216
UBERON:4300264	UBERON:4300036
UBERON:4300264	UBERON:4300217
UBERON:4300265	UBERON:4300036
UBERON:4300265	UBERON:4300218
UBERON:4300266	UBERON:4300036
UBERON:4300266	UBERON:4300219
UBERON:4300267	UBERON:4300036
UBERON:4300267	UBERON:4300220
UBERON:4300268	UBERON:4300036
UBERON:4300268	UBERON:4300221
UBERON:4300269	UBERON:0005913
UBERON:4300270	UBERON:2001833
UBERON:4300271	UBERON:0007844
UBERON:4300272	UBERON:0007844
UBERON:4300274	UBERON:4500008
UBERON:4300275	UBERON:4100000
UBERON:4300279	UBERON:2001952
UBERON:4300280	UBERON:0001091
UBERON:4300281	UBERON:4300284
UBERON:4300282	UBERON:2002127
UBERON:4300283	UBERON:2002127
UBERON:4300284	UBERON:4100000
UBERON:4300285	UBERON:0003932
UBERON:4300285	UBERON:4300286
UBERON:4300286	UBERON:0010363
UBERON:4300287	UBERON:2000622
UBERON:4300288	UBERON:2000622
UBERON:4400000	UBERON:2201587
UBERON:4400000	UBERON:4300082
UBERON:4400001	UBERON:4400006
UBERON:4400005	UBERON:0004765
UBERON:4400006	UBERON:4400005
UBERON:4400007	UBERON:4300037
UBERON:4440008	UBERON:0010912
UBERON:4440009	UBERON:4300013
UBERON:4440010	UBERON:4300013
UBERON:4440011	UBERON:0004375
UBERON:4440011	UBERON:4000172
UBERON:4450000	UBERON:0002616
UBERON:4500002	UBERON:2000602
UBERON:4500003	UBERON:0007380
UBERON:4500004	UBERON:4000170
UBERON:4500005	UBERON:0003462
UBERON:4500005	UBERON:0008907
UBERON:4500006	UBERON:4000176
UBERON:4500007	UBERON:4000175
UBERON:4500008	UBERON:4000172
UBERON:4500009	UBERON:4200075
UBERON:4500009	UBERON:4440011
UBERON:4500010	UBERON:4500007
UBERON:4500011	UBERON:4300117
UBERON:4500012	UBERON:0000477
UBERON:4500013	UBERON:0000477
UBERON:4500014	UBERON:0000477
UBERON:4500016	UBERON:4100000
UBERON:4500017	UBERON:0002513
UBERON:4500018	UBERON:4100000
UBERON:4500020	UBERON:1600008
UBERON:4500020	UBERON:1700006
UBERON:4500020	UBERON:2001538
UBERON:5001463	UBERON:5002389
UBERON:5001463	UBERON:5006048
UBERON:5001466	UBERON:5002544
UBERON:5002389	UBERON:5002544
UBERON:5002544	UBERON:0000475
UBERON:5003622	UBERON:5002389
UBERON:5003622	UBERON:5006049
UBERON:5003623	UBERON:5002389
UBERON:5003623	UBERON:5006050
UBERON:5003624	UBERON:5002389
UBERON:5003624	UBERON:5006051
UBERON:5003625	UBERON:5002389
UBERON:5003625	UBERON:5006052
UBERON:5003631	UBERON:5001466
UBERON:5003631	UBERON:5006048
UBERON:5003632	UBERON:5001466
UBERON:5003632	UBERON:5006049
UBERON:5003633	UBERON:5001466
UBERON:5003633	UBERON:5006050
UBERON:5003634	UBERON:5001466
UBERON:5003634	UBERON:5006051
UBERON:5003635	UBERON:5001466
UBERON:5003635	UBERON:5006052
UBERON:5006048	UBERON:5002544
UBERON:5006049	UBERON:5002544
UBERON:5006050	UBERON:5002544
UBERON:5006051	UBERON:5002544
UBERON:5006052	UBERON:5002544
UBERON:5011981	UBERON:0016866
UBERON:5011981	UBERON:5002389
UBERON:5011982	UBERON:0016867
UBERON:5011982	UBERON:5002389
UBERON:5011983	UBERON:0016868
UBERON:5011983	UBERON:5002389
UBERON:5011984	UBERON:5001466
UBERON:5012137	UBERON:5001466
UBERON:5012138	UBERON:5001466
UBERON:5012260	UBERON:5002389
UBERON:5012261	UBERON:5002389
UBERON:5012262	UBERON:5002389
UBERON:5101463	UBERON:5102389
UBERON:5101463	UBERON:5106048
UBERON:5101466	UBERON:5102544
UBERON:5102389	UBERON:5102544
UBERON:5102544	UBERON:0010712
UBERON:5103622	UBERON:5102389
UBERON:5103622	UBERON:5106049
UBERON:5103623	UBERON:5102389
UBERON:5103623	UBERON:5106050
UBERON:5103624	UBERON:5102389
UBERON:5103624	UBERON:5106051
UBERON:5103625	UBERON:5102389
UBERON:5103625	UBERON:5106052
UBERON:5103631	UBERON:5101466
UBERON:5103631	UBERON:5106048
UBERON:5103632	UBERON:5101466
UBERON:5103632	UBERON:5106049
UBERON:5103633	UBERON:5101466
UBERON:5103633	UBERON:5106050
UBERON:5103634	UBERON:5101466
UBERON:5103634	UBERON:5106051
UBERON:5103635	UBERON:5101466
UBERON:5103635	UBERON:5106052
UBERON:5106048	UBERON:5102544
UBERON:5106049	UBERON:5102544
UBERON:5106050	UBERON:5102544
UBERON:5106051	UBERON:5102544
UBERON:5106052	UBERON:5102544
UBERON:5111981	UBERON:0016876
UBERON:5111981	UBERON:5102389
UBERON:5111982	UBERON:0016877
UBERON:5111982	UBERON:5102389
UBERON:5111983	UBERON:0016878
UBERON:5111983	UBERON:5102389
UBERON:5111984	UBERON:5101466
UBERON:5112137	UBERON:5101466
UBERON:5112138	UBERON:5101466
UBERON:5112260	UBERON:5102389
UBERON:5112261	UBERON:5102389
UBERON:5112262	UBERON:5102389
UBERON:6000002	UBERON:0011676
UBERON:6000004	UBERON:0000033
UBERON:6000005	UBERON:6000007
UBERON:6000006	UBERON:0000914
UBERON:6000007	UBERON:6000006
UBERON:6000008	UBERON:6000007
UBERON:6000009	UBERON:6000007
UBERON:6000011	UBERON:6000006
UBERON:6000014	UBERON:6000011
UBERON:6000015	UBERON:6000002
UBERON:6000016	UBERON:0000914
UBERON:6000017	UBERON:6000016
UBERON:6000018	UBERON:6000016
UBERON:6000019	UBERON:6000016
UBERON:6000020	UBERON:6000002
UBERON:6000021	UBERON:0000914
UBERON:6000029	UBERON:6000021
UBERON:6000030	UBERON:6000021
UBERON:6000046	UBERON:6007248
UBERON:6000096	UBERON:0005291
UBERON:6000096	UBERON:6007424
UBERON:6000097	UBERON:0005291
UBERON:6000097	UBERON:6007424
UBERON:6000104	UBERON:0002050
UBERON:6000104	UBERON:0005291
UBERON:6000104	UBERON:0007688
UBERON:6000112	UBERON:0010000
UBERON:6000119	UBERON:0010000
UBERON:6000128	UBERON:0000926
UBERON:6000130	UBERON:0002050
UBERON:6000131	UBERON:6026002
UBERON:6000132	UBERON:6026002
UBERON:6000137	UBERON:6000002
UBERON:6000154	UBERON:0000914
UBERON:6000157	UBERON:6000006
UBERON:6000157	UBERON:6000154
UBERON:6000158	UBERON:6000007
UBERON:6000158	UBERON:6000157
UBERON:6000160	UBERON:6000009
UBERON:6000160	UBERON:6000158
UBERON:6000162	UBERON:6000011
UBERON:6000162	UBERON:6000157
UBERON:6000165	UBERON:6000014
UBERON:6000165	UBERON:6000162
UBERON:6000166	UBERON:6000015
UBERON:6000166	UBERON:6000137
UBERON:6000167	UBERON:6000016
UBERON:6000167	UBERON:6000154
UBERON:6000168	UBERON:6000017
UBERON:6000168	UBERON:6000167
UBERON:6000169	UBERON:6000018
UBERON:6000169	UBERON:6000167
UBERON:6000170	UBERON:6000019
UBERON:6000170	UBERON:6000167
UBERON:6000171	UBERON:6000020
UBERON:6000171	UBERON:6000137
UBERON:6000172	UBERON:6000021
UBERON:6000172	UBERON:6000154
UBERON:6000180	UBERON:6000029
UBERON:6000180	UBERON:6000172
UBERON:6000181	UBERON:6000030
UBERON:6000181	UBERON:6000172
UBERON:6000186	UBERON:0001048
UBERON:6001055	UBERON:6007116
UBERON:6001056	UBERON:6007116
UBERON:6001057	UBERON:0002050
UBERON:6001059	UBERON:0001048
UBERON:6001059	UBERON:0002050
UBERON:6001059	UBERON:6025991
UBERON:6001060	UBERON:0000955
UBERON:6001135	UBERON:0007688
UBERON:6001648	UBERON:0002050
UBERON:6001648	UBERON:6005023
UBERON:6001649	UBERON:0001048
UBERON:6001649	UBERON:6001648
UBERON:6001650	UBERON:6001649
UBERON:6001652	UBERON:6001649
UBERON:6001653	UBERON:6001649
UBERON:6001655	UBERON:6001653
UBERON:6001656	UBERON:6001653
UBERON:6001657	UBERON:6001649
UBERON:6001658	UBERON:6001657
UBERON:6001661	UBERON:6001649
UBERON:6001662	UBERON:6001661
UBERON:6001663	UBERON:6001661
UBERON:6001664	UBERON:0001009
UBERON:6001668	UBERON:0000481
UBERON:6001668	UBERON:0004120
UBERON:6001722	UBERON:0000477
UBERON:6001728	UBERON:6000002
UBERON:6001729	UBERON:0000914
UBERON:6001730	UBERON:0000033
UBERON:6001731	UBERON:6000005
UBERON:6001731	UBERON:6001733
UBERON:6001732	UBERON:6000006
UBERON:6001732	UBERON:6001729
UBERON:6001733	UBERON:6000007
UBERON:6001733	UBERON:6001732
UBERON:6001734	UBERON:6000008
UBERON:6001734	UBERON:6001733
UBERON:6001735	UBERON:6000009
UBERON:6001735	UBERON:6001733
UBERON:6001737	UBERON:6000011
UBERON:6001737	UBERON:6001732
UBERON:6001740	UBERON:6000014
UBERON:6001740	UBERON:6001737
UBERON:6001741	UBERON:6000015
UBERON:6001741	UBERON:6001728
UBERON:6001742	UBERON:6000016
UBERON:6001742	UBERON:6001729
UBERON:6001743	UBERON:6000017
UBERON:6001743	UBERON:6001742
UBERON:6001744	UBERON:6000018
UBERON:6001744	UBERON:6001742
UBERON:6001745	UBERON:6000019
UBERON:6001745	UBERON:6001742
UBERON:6001746	UBERON:6000020
UBERON:6001746	UBERON:6001728
UBERON:6001747	UBERON:6000021
UBERON:6001747	UBERON:6001729
UBERON:6001755	UBERON:6000029
UBERON:6001755	UBERON:6001747
UBERON:6001756	UBERON:6000030
UBERON:6001756	UBERON:6001747
UBERON:6001760	UBERON:6005023
UBERON:6001764	UBERON:0000939
UBERON:6001764	UBERON:0004121
UBERON:6001765	UBERON:0000939
UBERON:6001765	UBERON:0004121
UBERON:6001766	UBERON:0000939
UBERON:6001766	UBERON:0004121
UBERON:6001767	UBERON:0000939
UBERON:6001776	UBERON:0000939
UBERON:6001776	UBERON:0004121
UBERON:6001778	UBERON:6001776
UBERON:6001779	UBERON:6001776
UBERON:6001780	UBERON:0000939
UBERON:6001780	UBERON:0004121
UBERON:6001781	UBERON:6001780
UBERON:6001784	UBERON:0000939
UBERON:6001784	UBERON:0004121
UBERON:6001785	UBERON:6001784
UBERON:6001787	UBERON:6001784
UBERON:6001790	UBERON:6001760
UBERON:6001842	UBERON:0001007
UBERON:6001845	UBERON:6007245
UBERON:6001848	UBERON:6007245
UBERON:6001911	UBERON:0001016
UBERON:6001919	UBERON:0001017
UBERON:6001920	UBERON:0000955
UBERON:6001920	UBERON:0003339
UBERON:6001925	UBERON:6003627
UBERON:6002639	UBERON:0000020
UBERON:6002642	UBERON:6007280
UBERON:6003005	UBERON:6000002
UBERON:6003006	UBERON:0000914
UBERON:6003007	UBERON:6000004
UBERON:6003007	UBERON:6003005
UBERON:6003009	UBERON:6000006
UBERON:6003009	UBERON:6003006
UBERON:6003010	UBERON:6000007
UBERON:6003010	UBERON:6003009
UBERON:6003011	UBERON:6000008
UBERON:6003011	UBERON:6003010
UBERON:6003012	UBERON:6000009
UBERON:6003012	UBERON:6003010
UBERON:6003018	UBERON:6000015
UBERON:6003018	UBERON:6003005
UBERON:6003019	UBERON:6000016
UBERON:6003019	UBERON:6003006
UBERON:6003020	UBERON:6000017
UBERON:6003020	UBERON:6003019
UBERON:6003021	UBERON:6000018
UBERON:6003021	UBERON:6003019
UBERON:6003023	UBERON:6000020
UBERON:6003023	UBERON:6003005
UBERON:6003024	UBERON:6000021
UBERON:6003024	UBERON:6003006
UBERON:6003039	UBERON:6005043
UBERON:6003218	UBERON:0000383
UBERON:6003259	UBERON:0005090
UBERON:6003559	UBERON:0001016
UBERON:6003623	UBERON:0001017
UBERON:6003624	UBERON:0000955
UBERON:6003626	UBERON:0003339
UBERON:6003626	UBERON:0004121
UBERON:6003627	UBERON:0004732
UBERON:6003632	UBERON:6041000
UBERON:6004296	UBERON:6100153
UBERON:6004340	UBERON:6004979
UBERON:6004475	UBERON:6007284
UBERON:6004476	UBERON:6004475
UBERON:6004477	UBERON:6004475
UBERON:6004481	UBERON:6007289
UBERON:6004519	UBERON:6007149
UBERON:6004520	UBERON:0010000
UBERON:6004521	UBERON:0004121
UBERON:6004521	UBERON:6004475
UBERON:6004535	UBERON:0000475
UBERON:6004535	UBERON:0004121
UBERON:6004540	UBERON:0010000
UBERON:6004551	UBERON:6007289
UBERON:6004552	UBERON:6007284
UBERON:6004578	UBERON:6007285
UBERON:6004579	UBERON:0004121
UBERON:6004579	UBERON:6007284
UBERON:6004580	UBERON:6004552
UBERON:6004646	UBERON:6007150
UBERON:6004648	UBERON:6004646
UBERON:6004663	UBERON:0005895
UBERON:6004668	UBERON:6004646
UBERON:6004670	UBERON:6004648
UBERON:6004670	UBERON:6004668
UBERON:6004788	UBERON:6007289
UBERON:6004823	UBERON:0004121
UBERON:6004824	UBERON:6004823
UBERON:6004825	UBERON:6004823
UBERON:6004979	UBERON:6007245
UBERON:6004983	UBERON:0001001
UBERON:6004986	UBERON:6004983
UBERON:6005023	UBERON:0005423
UBERON:6005036	UBERON:6005037
UBERON:6005037	UBERON:0001048
UBERON:6005037	UBERON:0002050
UBERON:6005037	UBERON:6007046
UBERON:6005043	UBERON:0003127
UBERON:6005054	UBERON:6007288
UBERON:6005096	UBERON:8910000
UBERON:6005168	UBERON:0000020
UBERON:6005177	UBERON:6007232
UBERON:6005378	UBERON:6007284
UBERON:6005380	UBERON:0004921
UBERON:6005380	UBERON:0006562
UBERON:6005393	UBERON:0002416
UBERON:6005396	UBERON:0002416
UBERON:6005427	UBERON:0007688
UBERON:6005461	UBERON:0001048
UBERON:6005467	UBERON:0002050
UBERON:6005467	UBERON:6005461
UBERON:6005514	UBERON:0001048
UBERON:6005514	UBERON:6001648
UBERON:6005526	UBERON:0001048
UBERON:6005526	UBERON:0002050
UBERON:6005526	UBERON:6007046
UBERON:6005533	UBERON:0001048
UBERON:6005533	UBERON:0002050
UBERON:6005533	UBERON:6025993
UBERON:6005538	UBERON:0001048
UBERON:6005538	UBERON:0002050
UBERON:6005538	UBERON:6025991
UBERON:6005541	UBERON:6026002
UBERON:6005558	UBERON:0002050
UBERON:6005569	UBERON:6007116
UBERON:6005805	UBERON:0000970
UBERON:6005805	UBERON:0004121
UBERON:6005805	UBERON:6002642
UBERON:6005805	UBERON:6007233
UBERON:6005805	UBERON:6007242
UBERON:6005830	UBERON:0001048
UBERON:6005830	UBERON:0002050
UBERON:6005830	UBERON:6025991
UBERON:6005831	UBERON:6005023
UBERON:6005913	UBERON:6004979
UBERON:6006011	UBERON:0000468
UBERON:6006032	UBERON:0000485
UBERON:6007020	UBERON:6004670
UBERON:6007045	UBERON:0002050
UBERON:6007046	UBERON:0004121
UBERON:6007070	UBERON:6040007
UBERON:6007116	UBERON:0002050
UBERON:6007116	UBERON:6040003
UBERON:6007145	UBERON:6003627
UBERON:6007149	UBERON:0010758
UBERON:6007150	UBERON:0010758
UBERON:6007231	UBERON:0002536
UBERON:6007231	UBERON:6005168
UBERON:6007232	UBERON:6007231
UBERON:6007233	UBERON:0002536
UBERON:6007233	UBERON:6007373
UBERON:6007240	UBERON:0002536
UBERON:6007240	UBERON:6002639
UBERON:6007242	UBERON:0000963
UBERON:6007242	UBERON:6007240
UBERON:6007242	UBERON:6007280
UBERON:6007245	UBERON:0000476
UBERON:6007248	UBERON:0000476
UBERON:6007280	UBERON:6002639
UBERON:6007284	UBERON:0011216
UBERON:6007285	UBERON:6007284
UBERON:6007288	UBERON:6007284
UBERON:6007289	UBERON:6007284
UBERON:6007331	UBERON:0011216
UBERON:6007373	UBERON:0000020
UBERON:6007424	UBERON:0000483
UBERON:6016022	UBERON:0001048
UBERON:6016022	UBERON:0002050
UBERON:6017021	UBERON:0002050
UBERON:6017021	UBERON:0004121
UBERON:6017021	UBERON:0005291
UBERON:6017021	UBERON:0007688
UBERON:6025991	UBERON:0004121
UBERON:6025993	UBERON:0004121
UBERON:6026000	UBERON:0004120
UBERON:6026002	UBERON:6026000
UBERON:6040003	UBERON:0005423
UBERON:6040003	UBERON:0034923
UBERON:6040005	UBERON:0000001
UBERON:6040007	UBERON:0011215
UBERON:6041000	UBERON:0034923
UBERON:6100153	UBERON:0034926
UBERON:6110636	UBERON:6003626
UBERON:6110746	UBERON:0007688
UBERON:6110811	UBERON:0007688
UBERON:7500046	UBERON:0006983
UBERON:7500047	UBERON:0006983
UBERON:7500048	UBERON:0006983
UBERON:7500049	UBERON:0006983
UBERON:7500052	UBERON:0013621
UBERON:7500053	UBERON:0016453
UBERON:7500053	UBERON:0018647
UBERON:7500054	UBERON:0016453
UBERON:7500055	UBERON:0003655
UBERON:7500056	UBERON:0007120
UBERON:7500057	UBERON:0013619
UBERON:7500057	UBERON:7500055
UBERON:7500058	UBERON:0016452
UBERON:7500059	UBERON:0016452
UBERON:7500061	UBERON:4200230
UBERON:7500062	UBERON:0005813
UBERON:7500062	UBERON:4100000
UBERON:7500063	UBERON:7500081
UBERON:7500064	UBERON:4200230
UBERON:7500065	UBERON:0009979
UBERON:7500066	UBERON:7500065
UBERON:7500067	UBERON:7500065
UBERON:7500068	UBERON:4200230
UBERON:7500069	UBERON:4200230
UBERON:7500070	UBERON:0000093
UBERON:7500071	UBERON:0000475
UBERON:7500073	UBERON:0001681
UBERON:7500074	UBERON:0001681
UBERON:7500075	UBERON:0002500
UBERON:7500076	UBERON:0002500
UBERON:7500078	UBERON:0005055
UBERON:7500078	UBERON:0009979
UBERON:7500079	UBERON:0004120
UBERON:7500080	UBERON:4100003
UBERON:7500080	UBERON:4200230
UBERON:7500081	UBERON:4100003
UBERON:7500081	UBERON:4200230
UBERON:7500083	UBERON:0013685
UBERON:7500084	UBERON:0013685
UBERON:7500085	UBERON:0010314
UBERON:7500085	UBERON:0010365
UBERON:7500089	UBERON:4200230
UBERON:7500089	UBERON:4300038
UBERON:7500091	UBERON:4200230
UBERON:7500091	UBERON:4300038
UBERON:7500092	UBERON:4200230
UBERON:7500092	UBERON:4300038
UBERON:7500093	UBERON:0005913
UBERON:7500094	UBERON:0005813
UBERON:7500094	UBERON:4100000
UBERON:7500095	UBERON:7500094
UBERON:7500096	UBERON:7500094
UBERON:7500101	UBERON:4200230
UBERON:7500102	UBERON:0001062
UBERON:7500103	UBERON:0004704
UBERON:7500105	UBERON:0005913
UBERON:7500106	UBERON:0006983
UBERON:7500107	UBERON:0009199
UBERON:7500108	UBERON:0013164
UBERON:7500109	UBERON:0006983
UBERON:7500110	UBERON:0006983
UBERON:7500111	UBERON:0009199
UBERON:7500112	UBERON:0006983
UBERON:7500113	UBERON:0006983
UBERON:7500114	UBERON:0009678
UBERON:7500115	UBERON:4200133
UBERON:7500117	UBERON:0006983
UBERON:7500118	UBERON:0006983
UBERON:7500119	UBERON:0006983
UBERON:7500120	UBERON:0006983
UBERON:7500121	UBERON:4100000
UBERON:7500123	UBERON:0001098
UBERON:7500124	UBERON:0001098
UBERON:7500125	UBERON:0001098
UBERON:7500126	UBERON:0003655
UBERON:7500127	UBERON:0006983
UBERON:7500128	UBERON:4100000
UBERON:7500128	UBERON:4200133
UBERON:7500131	UBERON:4100000
UBERON:7500131	UBERON:4200133
UBERON:7770000	UBERON:0034944
UBERON:7770005	UBERON:0000397
UBERON:7770006	UBERON:0000397
UBERON:7770007	UBERON:0000397
UBERON:7770008	UBERON:0000397
UBERON:7770009	UBERON:0000064
UBERON:7770010	UBERON:0014895
UBERON:8000000	UBERON:0004730
UBERON:8000001	UBERON:0004730
UBERON:8000002	UBERON:0004730
UBERON:8000003	UBERON:0004730
UBERON:8000004	UBERON:0000073
UBERON:8000005	UBERON:0022303
UBERON:8000006	UBERON:0001137
UBERON:8000006	UBERON:0015212
UBERON:8000007	UBERON:0001137
UBERON:8000007	UBERON:0015212
UBERON:8000008	UBERON:0002553
UBERON:8000009	UBERON:0010131
UBERON:8000009	UBERON:0018649
UBERON:8000010	UBERON:0000063
UBERON:8000011	UBERON:8000010
UBERON:8000012	UBERON:8000010
UBERON:8000013	UBERON:8000010
UBERON:8000014	UBERON:0007651
UBERON:8200002	UBERON:0000105
UBERON:8200003	UBERON:0000105
UBERON:8200004	UBERON:0000105
UBERON:8200005	UBERON:0000105
UBERON:8200006	UBERON:0000105
UBERON:8200007	UBERON:0000105
UBERON:8300000	UBERON:0001084
UBERON:8300001	UBERON:0002102
UBERON:8300001	UBERON:0015212
UBERON:8300002	UBERON:0002102
UBERON:8300002	UBERON:0015212
UBERON:8300003	UBERON:0002103
UBERON:8300003	UBERON:0015212
UBERON:8300004	UBERON:0002103
UBERON:8300004	UBERON:0015212
UBERON:8400001	UBERON:8400005
UBERON:8400002	UBERON:8400005
UBERON:8400003	UBERON:8400005
UBERON:8400005	UBERON:0000063
UBERON:8400006	UBERON:8400005
UBERON:8400007	UBERON:8400005
UBERON:8400008	UBERON:8400005
UBERON:8400021	UBERON:0000042
UBERON:8400023	UBERON:0012375
UBERON:8400024	UBERON:0001280
UBERON:8410000	UBERON:8410024
UBERON:8410001	UBERON:0001979
UBERON:8410002	UBERON:0001473
UBERON:8410003	UBERON:0010000
UBERON:8410004	UBERON:0001980
UBERON:8410005	UBERON:0006929
UBERON:8410005	UBERON:0015716
UBERON:8410006	UBERON:0005304
UBERON:8410007	UBERON:0002439
UBERON:8410008	UBERON:0001979
UBERON:8410009	UBERON:0001980
UBERON:8410010	UBERON:0013515
UBERON:8410011	UBERON:0002439
UBERON:8410012	UBERON:0005304
UBERON:8410013	UBERON:0034949
UBERON:8410014	UBERON:0034949
UBERON:8410015	UBERON:0001980
UBERON:8410016	UBERON:8410024
UBERON:8410017	UBERON:0002017
UBERON:8410018	UBERON:0002017
UBERON:8410019	UBERON:8410024
UBERON:8410020	UBERON:0001979
UBERON:8410021	UBERON:0003836
UBERON:8410022	UBERON:0001637
UBERON:8410023	UBERON:0001637
UBERON:8410024	UBERON:1100000
UBERON:8410025	UBERON:0005156
UBERON:8410025	UBERON:0034944
UBERON:8410026	UBERON:0005156
UBERON:8410026	UBERON:0034944
UBERON:8410027	UBERON:0005156
UBERON:8410027	UBERON:0034944
UBERON:8410028	UBERON:0001980
UBERON:8410029	UBERON:0006842
UBERON:8410029	UBERON:8410030
UBERON:8410030	UBERON:0001473
UBERON:8410031	UBERON:0001239
UBERON:8410032	UBERON:0000464
UBERON:8410033	UBERON:0001638
UBERON:8410034	UBERON:0001637
UBERON:8410035	UBERON:8410042
UBERON:8410036	UBERON:8410041
UBERON:8410037	UBERON:0035428
UBERON:8410038	UBERON:8410037
UBERON:8410038	UBERON:8410041
UBERON:8410039	UBERON:8410020
UBERON:8410039	UBERON:8410037
UBERON:8410040	UBERON:8410037
UBERON:8410041	UBERON:0001979
UBERON:8410042	UBERON:0001980
UBERON:8410043	UBERON:8410077
UBERON:8410044	UBERON:0001638
UBERON:8410045	UBERON:0001637
UBERON:8410046	UBERON:0012368
UBERON:8410047	UBERON:0012369
UBERON:8410048	UBERON:0001979
UBERON:8410049	UBERON:0006134
UBERON:8410050	UBERON:0004921
UBERON:8410051	UBERON:0001473
UBERON:8410052	UBERON:0001744
UBERON:8410053	UBERON:0001744
UBERON:8410054	UBERON:0006842
UBERON:8410054	UBERON:8410051
UBERON:8410055	UBERON:0006842
UBERON:8410056	UBERON:0001982
UBERON:8410057	UBERON:0001982
UBERON:8410058	UBERON:0002439
UBERON:8410059	UBERON:0005304
UBERON:8410060	UBERON:0012398
UBERON:8410061	UBERON:0012399
UBERON:8410062	UBERON:0004293
UBERON:8410063	UBERON:0002439
UBERON:8410064	UBERON:0005304
UBERON:8410065	UBERON:0001744
UBERON:8410066	UBERON:0001744
UBERON:8410067	UBERON:0001744
UBERON:8410068	UBERON:0001982
UBERON:8410069	UBERON:0001744
UBERON:8410070	UBERON:0002426
UBERON:8410071	UBERON:0000064
UBERON:8410072	UBERON:0000064
UBERON:8410073	UBERON:0000064
UBERON:8410074	UBERON:0004111
UBERON:8410075	UBERON:0000353
UBERON:8410076	UBERON:0010000
UBERON:8410077	UBERON:0011148
UBERON:8410077	UBERON:0036225
UBERON:8410078	UBERON:0001473
UBERON:8410079	UBERON:0000361
UBERON:8410080	UBERON:0000361
UBERON:8410081	UBERON:0001981
UBERON:8410081	UBERON:0010523
UBERON:8420000	UBERON:0016446
UBERON:8420001	UBERON:0003496
UBERON:8420001	UBERON:0009141
UBERON:8420002	UBERON:8420001
UBERON:8420003	UBERON:8420001
UBERON:8440000	UBERON:8440004
UBERON:8440001	UBERON:8440004
UBERON:8440002	UBERON:8440004
UBERON:8440003	UBERON:0002301
UBERON:8440004	UBERON:0011215
UBERON:8440005	UBERON:0035014
UBERON:8440007	UBERON:0006568
UBERON:8440008	UBERON:0006568
UBERON:8440010	UBERON:0002436
UBERON:8440010	UBERON:0013529
UBERON:8440010	UBERON:0035014
UBERON:8440011	UBERON:0035014
UBERON:8440012	UBERON:0009663
UBERON:8440013	UBERON:0000064
UBERON:8440014	UBERON:0006568
UBERON:8440015	UBERON:0002616
UBERON:8440016	UBERON:8440015
UBERON:8440017	UBERON:8440015
UBERON:8440018	UBERON:8440015
UBERON:8440019	UBERON:8440015
UBERON:8440021	UBERON:8440015
UBERON:8440022	UBERON:8440015
UBERON:8440023	UBERON:8440015
UBERON:8440024	UBERON:0002616
UBERON:8440025	UBERON:0002616
UBERON:8440026	UBERON:8440025
UBERON:8440027	UBERON:8440025
UBERON:8440028	UBERON:0007635
UBERON:8440029	UBERON:0001018
UBERON:8440030	UBERON:0009663
UBERON:8440031	UBERON:0001018
UBERON:8440032	UBERON:0002616
UBERON:8440033	UBERON:0002616
UBERON:8440034	UBERON:0001018
UBERON:8440035	UBERON:0006331
UBERON:8440035	UBERON:0009662
UBERON:8440036	UBERON:0006331
UBERON:8440036	UBERON:0009662
UBERON:8440037	UBERON:0006331
UBERON:8440037	UBERON:0009662
UBERON:8440038	UBERON:0006331
UBERON:8440039	UBERON:0002616
UBERON:8440040	UBERON:0002616
UBERON:8440041	UBERON:0006568
UBERON:8440042	UBERON:0001937
UBERON:8440043	UBERON:0007247
UBERON:8440044	UBERON:8440004
UBERON:8440045	UBERON:0035014
UBERON:8440046	UBERON:0035014
UBERON:8440047	UBERON:0035014
UBERON:8440048	UBERON:0035014
UBERON:8440049	UBERON:0035014
UBERON:8440050	UBERON:0035014
UBERON:8440051	UBERON:8440004
UBERON:8440052	UBERON:0035014
UBERON:8440054	UBERON:0035014
UBERON:8440055	UBERON:0035014
UBERON:8440056	UBERON:0035014
UBERON:8440059	UBERON:0035014
UBERON:8440060	UBERON:0035014
UBERON:8440061	UBERON:0035014
UBERON:8440062	UBERON:0035014
UBERON:8440063	UBERON:0035014
UBERON:8440064	UBERON:0035014
UBERON:8440066	UBERON:0035014
UBERON:8440067	UBERON:0035014
UBERON:8440068	UBERON:0035014
UBERON:8440069	UBERON:0035014
UBERON:8440070	UBERON:0035014
UBERON:8440072	UBERON:0006331
UBERON:8440072	UBERON:0009662
UBERON:8440073	UBERON:0007635
UBERON:8440074	UBERON:0006331
UBERON:8440074	UBERON:0009662
UBERON:8440075	UBERON:0002616
UBERON:8440076	UBERON:0002616
UBERON:8440077	UBERON:0000464
UBERON:8450001	UBERON:0000064
UBERON:8450001	UBERON:0005156
UBERON:8450002	UBERON:0000467
UBERON:8450003	UBERON:0007811
UBERON:8450004	UBERON:0000061
UBERON:8450007	UBERON:0005895
UBERON:8450008	UBERON:0005895
UBERON:8470000	UBERON:0000178
UBERON:8470001	UBERON:0000029
UBERON:8470002	UBERON:0000440
UBERON:8480000	UBERON:0004696
UBERON:8480001	UBERON:0001982
UBERON:8480001	UBERON:0003499
UBERON:8480002	UBERON:0004178
UBERON:8480003	UBERON:0002111
UBERON:8480004	UBERON:0001919
UBERON:8480005	UBERON:0001917
UBERON:8480005	UBERON:0005156
UBERON:8480005	UBERON:0005292
UBERON:8480006	UBERON:0001473
UBERON:8480007	UBERON:0001637
UBERON:8480007	UBERON:0022358
UBERON:8480008	UBERON:0001638
UBERON:8480008	UBERON:0022358
UBERON:8480009	UBERON:0000043
UBERON:8480010	UBERON:0000464
UBERON:8480011	UBERON:0000464
UBERON:8480012	UBERON:0000464
UBERON:8480013	UBERON:0000464
UBERON:8480014	UBERON:0001415
UBERON:8480015	UBERON:0000464
UBERON:8480016	UBERON:0003693
UBERON:8480017	UBERON:0003693
UBERON:8480018	UBERON:0003693
UBERON:8480019	UBERON:0014456
UBERON:8480020	UBERON:0014456
UBERON:8480021	UBERON:0014456
UBERON:8480022	UBERON:0002553
UBERON:8480023	UBERON:0001416
UBERON:8480024	UBERON:0001415
UBERON:8480025	UBERON:0000014
UBERON:8480026	UBERON:0001415
UBERON:8480027	UBERON:0000061
UBERON:8480028	UBERON:0001084
UBERON:8480029	UBERON:0000014
UBERON:8480029	UBERON:0005156
UBERON:8480030	UBERON:0001868
UBERON:8480031	UBERON:0000479
UBERON:8480032	UBERON:0000064
UBERON:8480033	UBERON:0003584
UBERON:8480034	UBERON:0003584
UBERON:8480035	UBERON:0004801
UBERON:8480036	UBERON:0000060
UBERON:8480037	UBERON:0005156
UBERON:8480037	UBERON:0012375
UBERON:8480038	UBERON:0034769
UBERON:8480039	UBERON:0005057
UBERON:8480040	UBERON:0006537
UBERON:8480041	UBERON:0004923
UBERON:8480041	UBERON:0005156
UBERON:8480042	UBERON:0006314
UBERON:8480043	UBERON:0000060
UBERON:8480044	UBERON:0007844
UBERON:8480045	UBERON:0015877
UBERON:8480046	UBERON:0001199
UBERON:8480047	UBERON:0000061
UBERON:8480048	UBERON:0000061
UBERON:8480049	UBERON:0000061
UBERON:8480050	UBERON:0004264
UBERON:8480051	UBERON:0000064
UBERON:8480052	UBERON:0001068
UBERON:8480053	UBERON:0001416
UBERON:8480054	UBERON:0002509
UBERON:8480055	UBERON:0038651
UBERON:8480056	UBERON:0035279
UBERON:8480057	UBERON:0035279
UBERON:8480058	UBERON:8480056
UBERON:8480059	UBERON:0002507
UBERON:8480060	UBERON:0000154
UBERON:8480061	UBERON:0009569
UBERON:8480062	UBERON:0004266
UBERON:8480062	UBERON:0007391
UBERON:8480062	UBERON:0010996
UBERON:8480062	UBERON:8480044
UBERON:8480063	UBERON:0000064
UBERON:8480064	UBERON:0003914
UBERON:8480065	UBERON:0001830
UBERON:8480066	UBERON:0000475
UBERON:8480067	UBERON:8410081
UBERON:8480068	UBERON:0004696
UBERON:8480069	UBERON:0001444
UBERON:8480070	UBERON:0000060
UBERON:8480071	UBERON:0003534
UBERON:8480072	UBERON:0004264
UBERON:8480073	UBERON:0009015
UBERON:8480074	UBERON:0000014
UBERON:8480074	UBERON:0005156
UBERON:8490000	UBERON:0015212
UBERON:8490000	UBERON:0018577
UBERON:8490001	UBERON:0015212
UBERON:8490001	UBERON:0018576
UBERON:8490002	UBERON:0015212
UBERON:8490002	UBERON:0018575
UBERON:8490003	UBERON:0015212
UBERON:8490003	UBERON:0018572
UBERON:8490004	UBERON:0015212
UBERON:8490004	UBERON:0018571
UBERON:8490005	UBERON:0015212
UBERON:8490005	UBERON:0018561
UBERON:8490006	UBERON:0016455
UBERON:8490007	UBERON:0015212
UBERON:8490007	UBERON:0016454
UBERON:8490008	UBERON:0015212
UBERON:8490008	UBERON:0018580
UBERON:8490009	UBERON:0015212
UBERON:8490009	UBERON:0018579
UBERON:8490010	UBERON:0015212
UBERON:8490010	UBERON:0018578
UBERON:8490011	UBERON:0015212
UBERON:8490011	UBERON:0018574
UBERON:8490012	UBERON:0015212
UBERON:8490012	UBERON:0018573
UBERON:8490013	UBERON:0015212
UBERON:8490013	UBERON:0018562
UBERON:8490014	UBERON:0018570
UBERON:8490015	UBERON:0015212
UBERON:8490015	UBERON:0018568
UBERON:8490016	UBERON:0015212
UBERON:8490016	UBERON:0018599
UBERON:8490017	UBERON:0015212
UBERON:8490017	UBERON:0018588
UBERON:8490018	UBERON:0015212
UBERON:8490018	UBERON:0018597
UBERON:8490019	UBERON:0018594
UBERON:8490020	UBERON:0015212
UBERON:8490020	UBERON:0018593
UBERON:8490021	UBERON:0015212
UBERON:8490021	UBERON:0018600
UBERON:8490022	UBERON:0015212
UBERON:8490022	UBERON:0018589
UBERON:8490023	UBERON:0015212
UBERON:8490023	UBERON:0018598
UBERON:8490024	UBERON:0018596
UBERON:8490025	UBERON:0015212
UBERON:8490025	UBERON:0018595
UBERON:8490026	UBERON:0015212
UBERON:8490026	UBERON:0018577
UBERON:8490027	UBERON:0015212
UBERON:8490027	UBERON:0018576
UBERON:8490028	UBERON:0015212
UBERON:8490028	UBERON:0018575
UBERON:8490029	UBERON:0015212
UBERON:8490029	UBERON:0018572
UBERON:8490030	UBERON:0015212
UBERON:8490030	UBERON:0018571
UBERON:8490031	UBERON:0015212
UBERON:8490031	UBERON:0018561
UBERON:8490032	UBERON:0016455
UBERON:8490033	UBERON:0015212
UBERON:8490033	UBERON:0016454
UBERON:8490034	UBERON:0015212
UBERON:8490034	UBERON:0018580
UBERON:8490035	UBERON:0015212
UBERON:8490035	UBERON:0018579
UBERON:8490036	UBERON:0015212
UBERON:8490036	UBERON:0018578
UBERON:8490037	UBERON:0015212
UBERON:8490037	UBERON:0018574
UBERON:8490038	UBERON:0015212
UBERON:8490038	UBERON:0018573
UBERON:8490039	UBERON:0015212
UBERON:8490039	UBERON:0018562
UBERON:8490040	UBERON:0018570
UBERON:8490041	UBERON:0015212
UBERON:8490041	UBERON:0018568
UBERON:8490042	UBERON:0015212
UBERON:8490042	UBERON:0018599
UBERON:8490043	UBERON:0015212
UBERON:8490043	UBERON:0018588
UBERON:8490044	UBERON:0015212
UBERON:8490044	UBERON:0018597
UBERON:8490045	UBERON:0018594
UBERON:8490046	UBERON:0015212
UBERON:8490046	UBERON:0018593
UBERON:8490047	UBERON:0015212
UBERON:8490047	UBERON:0018600
UBERON:8490048	UBERON:0015212
UBERON:8490048	UBERON:0018589
UBERON:8490049	UBERON:0015212
UBERON:8490049	UBERON:0018598
UBERON:8490050	UBERON:0018596
UBERON:8490051	UBERON:0015212
UBERON:8490051	UBERON:0018595
UBERON:8500000	UBERON:0006800
UBERON:8500001	UBERON:0006983
UBERON:8500002	UBERON:0013685
UBERON:8500003	UBERON:0006983
UBERON:8500004	UBERON:0006983
UBERON:8500005	UBERON:0005813
UBERON:8500005	UBERON:4100000
UBERON:8500006	UBERON:0006983
UBERON:8500007	UBERON:0006983
UBERON:8600000	UBERON:0002186
UBERON:8600001	UBERON:0002051
UBERON:8600002	UBERON:0005039
UBERON:8600003	UBERON:0004515
UBERON:8600004	UBERON:0002385
UBERON:8600005	UBERON:0001135
UBERON:8600005	UBERON:8600004
UBERON:8600006	UBERON:0002036
UBERON:8600006	UBERON:8600004
UBERON:8600007	UBERON:8600006
UBERON:8600008	UBERON:8600006
UBERON:8600009	UBERON:0035767
UBERON:8600010	UBERON:8600014
UBERON:8600011	UBERON:8600014
UBERON:8600012	UBERON:0014717
UBERON:8600013	UBERON:0000058
UBERON:8600014	UBERON:0000058
UBERON:8600015	UBERON:0001062
UBERON:8600016	UBERON:0001062
UBERON:8600017	UBERON:0000063
UBERON:8600018	UBERON:0000467
UBERON:8600019	UBERON:0005156
UBERON:8600020	UBERON:0003037
UBERON:8600021	UBERON:0022358
UBERON:8600022	UBERON:0000114
UBERON:8600022	UBERON:0003037
UBERON:8600023	UBERON:0003891
UBERON:8600024	UBERON:0003494
UBERON:8600024	UBERON:0003512
UBERON:8600025	UBERON:0012466
UBERON:8600026	UBERON:0000061
UBERON:8600027	UBERON:0007106
UBERON:8600028	UBERON:0009995
UBERON:8600029	UBERON:0007106
UBERON:8600030	UBERON:8600032
UBERON:8600031	UBERON:8600032
UBERON:8600032	UBERON:0007106
UBERON:8600033	UBERON:8600027
UBERON:8600034	UBERON:0001238
UBERON:8600035	UBERON:0001238
UBERON:8600036	UBERON:0000064
UBERON:8600037	UBERON:0000064
UBERON:8600038	UBERON:0000061
UBERON:8600039	UBERON:0002050
UBERON:8600039	UBERON:0003265
UBERON:8600039	UBERON:0005291
UBERON:8600040	UBERON:0022358
UBERON:8600041	UBERON:0001982
UBERON:8600041	UBERON:0022358
UBERON:8600042	UBERON:0001473
UBERON:8600042	UBERON:0005156
UBERON:8600043	UBERON:0001256
UBERON:8600044	UBERON:8600043
UBERON:8600045	UBERON:8600043
UBERON:8600046	UBERON:0001256
UBERON:8600047	UBERON:0001256
UBERON:8600048	UBERON:0000064
UBERON:8600049	UBERON:0006984
UBERON:8600050	UBERON:0000061
UBERON:8600051	UBERON:0003512
UBERON:8600051	UBERON:0005194
UBERON:8600052	UBERON:0003512
UBERON:8600052	UBERON:0005194
UBERON:8600053	UBERON:0001638
UBERON:8600053	UBERON:0003502
UBERON:8600054	UBERON:0005194
UBERON:8600055	UBERON:0001637
UBERON:8600055	UBERON:0003498
UBERON:8600056	UBERON:0001638
UBERON:8600056	UBERON:0003520
UBERON:8600057	UBERON:0001638
UBERON:8600058	UBERON:0001638
UBERON:8600058	UBERON:0005156
UBERON:8600059	UBERON:0001638
UBERON:8600059	UBERON:0003502
UBERON:8600060	UBERON:0003469
UBERON:8600060	UBERON:0003512
UBERON:8600061	UBERON:8600024
UBERON:8600062	UBERON:0012320
UBERON:8600063	UBERON:0001637
UBERON:8600063	UBERON:0003834
UBERON:8600064	UBERON:0001637
UBERON:8600064	UBERON:0003834
UBERON:8600065	UBERON:0001638
UBERON:8600065	UBERON:0003516
UBERON:8600066	UBERON:0001638
UBERON:8600066	UBERON:0004258
UBERON:8600067	UBERON:8600024
UBERON:8600068	UBERON:0003496
UBERON:8600068	UBERON:0009141
UBERON:8600069	UBERON:0003496
UBERON:8600069	UBERON:0009141
UBERON:8600070	UBERON:0003496
UBERON:8600070	UBERON:0009141
UBERON:8600071	UBERON:0003496
UBERON:8600071	UBERON:0009141
UBERON:8600072	UBERON:0001593
UBERON:8600072	UBERON:0006876
UBERON:8600073	UBERON:0001638
UBERON:8600074	UBERON:0001638
UBERON:8600075	UBERON:0001638
UBERON:8600075	UBERON:0003502
UBERON:8600076	UBERON:0001593
UBERON:8600076	UBERON:0006876
UBERON:8600076	UBERON:0036303
UBERON:8600077	UBERON:0003512
UBERON:8600077	UBERON:0010369
UBERON:8600078	UBERON:0012320
UBERON:8600078	UBERON:0035398
UBERON:8600079	UBERON:0001637
UBERON:8600079	UBERON:0003496
UBERON:8600080	UBERON:0001637
UBERON:8600080	UBERON:0003834
UBERON:8600081	UBERON:0003469
UBERON:8600081	UBERON:0003834
UBERON:8600082	UBERON:0001638
UBERON:8600082	UBERON:0003516
UBERON:8600083	UBERON:0001638
UBERON:8600083	UBERON:0003516
UBERON:8600084	UBERON:0001979
UBERON:8600084	UBERON:0003520
UBERON:8600085	UBERON:0001979
UBERON:8600085	UBERON:0015796
UBERON:8600086	UBERON:0001637
UBERON:8600086	UBERON:0003496
UBERON:8600087	UBERON:0003496
UBERON:8600087	UBERON:0009141
UBERON:8600088	UBERON:0003496
UBERON:8600088	UBERON:0009141
UBERON:8600089	UBERON:0003496
UBERON:8600089	UBERON:0009141
UBERON:8600090	UBERON:0001638
UBERON:8600090	UBERON:0003499
UBERON:8600090	UBERON:0005156
UBERON:8600091	UBERON:0003496
UBERON:8600091	UBERON:0009141
UBERON:8600092	UBERON:0001638
UBERON:8600092	UBERON:0003507
UBERON:8600093	UBERON:0001638
UBERON:8600093	UBERON:0003507
UBERON:8600094	UBERON:0003495
UBERON:8600094	UBERON:0003512
UBERON:8600095	UBERON:0001637
UBERON:8600095	UBERON:0003496
UBERON:8600096	UBERON:0001637
UBERON:8600096	UBERON:0003496
UBERON:8600097	UBERON:0001610
UBERON:8600097	UBERON:0003496
UBERON:8600098	UBERON:0001637
UBERON:8600098	UBERON:0003496
UBERON:8600099	UBERON:0001637
UBERON:8600099	UBERON:0003496
UBERON:8600100	UBERON:0001637
UBERON:8600100	UBERON:0003496
UBERON:8600101	UBERON:0001637
UBERON:8600101	UBERON:0003496
UBERON:8600102	UBERON:0003834
UBERON:8600102	UBERON:0035395
UBERON:8600103	UBERON:0001593
UBERON:8600103	UBERON:0006876
UBERON:8600103	UBERON:0036303
UBERON:8600104	UBERON:0001638
UBERON:8600104	UBERON:0004258
UBERON:8600105	UBERON:0001638
UBERON:8600105	UBERON:0003520
UBERON:8600106	UBERON:0001637
UBERON:8600107	UBERON:0001637
UBERON:8600108	UBERON:0006555
UBERON:8600109	UBERON:0006555
UBERON:8600110	UBERON:0006555
UBERON:8600111	UBERON:8600109
UBERON:8600112	UBERON:8600109
UBERON:8600113	UBERON:8600108
UBERON:8600114	UBERON:8600108
UBERON:8600115	UBERON:8600110
UBERON:8600116	UBERON:8600110
UBERON:8600117	UBERON:0002095
UBERON:8600118	UBERON:0001805
UBERON:8600119	UBERON:8600118
UBERON:8600120	UBERON:0007134
UBERON:8600120	UBERON:0014463
UBERON:8600121	UBERON:0001807
UBERON:8600121	UBERON:0009758
UBERON:8600122	UBERON:0001807
UBERON:8600122	UBERON:0009758
UBERON:8600123	UBERON:0001808
UBERON:8600124	UBERON:0004804
UBERON:8600124	UBERON:0012274
UBERON:8600125	UBERON:0000064
UBERON:8600125	UBERON:0005156
UBERON:8600126	UBERON:0000064
UBERON:8600126	UBERON:0005156
UBERON:8600127	UBERON:0000064
UBERON:8600127	UBERON:0005156
UBERON:8600128	UBERON:0000064
UBERON:8600128	UBERON:0005156
UBERON:8600129	UBERON:0004120
UBERON:8600130	UBERON:0000064
UBERON:8600130	UBERON:0005156
UBERON:8600131	UBERON:0000064
UBERON:8600131	UBERON:0005156
UBERON:8600132	UBERON:0000064
UBERON:8600132	UBERON:0005156
UBERON:8600133	UBERON:0000064
UBERON:8600133	UBERON:0005156
UBERON:8600134	UBERON:0011189
UBERON:8600135	UBERON:0011189
UBERON:8600136	UBERON:0011189
UBERON:8600137	UBERON:0011189
UBERON:8600138	UBERON:0004780
UBERON:8600139	UBERON:0011189
UBERON:8600140	UBERON:0011189
UBERON:8600141	UBERON:8600148
UBERON:8600142	UBERON:8600148
UBERON:8600143	UBERON:8600147
UBERON:8600144	UBERON:8600148
UBERON:8600145	UBERON:8600148
UBERON:8600146	UBERON:8600147
UBERON:8600147	UBERON:8600148
UBERON:8600148	UBERON:0003102
UBERON:8600149	UBERON:8600148
UBERON:8700000	UBERON:0002050
UBERON:8700001	UBERON:0004693
UBERON:8700002	UBERON:0006920
UBERON:8700002	UBERON:0010304
UBERON:8700003	UBERON:0006920
UBERON:8700003	UBERON:0010304
UBERON:8850000	UBERON:0002553
UBERON:8850001	UBERON:0001278
UBERON:8900000	UBERON:0012449
UBERON:8910000	UBERON:0011216
UBERON:8910001	UBERON:0011216
UBERON:8910010	UBERON:0035014
UBERON:8910011	UBERON:0035014
UBERON:8910012	UBERON:0035014
UBERON:8910013	UBERON:0035014
UBERON:8910014	UBERON:0035014
UBERON:8910015	UBERON:0035014
UBERON:8910016	UBERON:0035014
UBERON:8910017	UBERON:0035014
UBERON:8910018	UBERON:0035014
UBERON:8910019	UBERON:0035014
UBERON:8910020	UBERON:0035014
UBERON:8910021	UBERON:0035014
UBERON:8910022	UBERON:0035014
UBERON:8910023	UBERON:0035014
UBERON:8910024	UBERON:0000487
UBERON:8910024	UBERON:0008397
UBERON:8920000	UBERON:0001637
UBERON:8920001	UBERON:0001637
UBERON:8920002	UBERON:0001637
UBERON:8920003	UBERON:0001637
UBERON:8920003	UBERON:0003498
UBERON:8920004	UBERON:0001184
UBERON:8920004	UBERON:0003644
UBERON:8920005	UBERON:0009885
UBERON:8920005	UBERON:8920004
UBERON:8920006	UBERON:0009885
UBERON:8920006	UBERON:8920004
UBERON:8920007	UBERON:0009885
UBERON:8920007	UBERON:8920004
UBERON:8920008	UBERON:0009885
UBERON:8920008	UBERON:8920004
UBERON:8920009	UBERON:0009885
UBERON:8920009	UBERON:8920004
UBERON:8920010	UBERON:0003498
UBERON:8920010	UBERON:0005194
UBERON:8920011	UBERON:0005269
UBERON:8920012	UBERON:0013126
UBERON:8920012	UBERON:0014401
UBERON:8920013	UBERON:0001638
UBERON:8920014	UBERON:0001592
UBERON:8920014	UBERON:0003512
UBERON:8920014	UBERON:0005194
UBERON:8920015	UBERON:0001592
UBERON:8920015	UBERON:0003512
UBERON:8920015	UBERON:0005194
UBERON:8920016	UBERON:0002016
UBERON:8920016	UBERON:0003512
UBERON:8920016	UBERON:0005194
UBERON:8920017	UBERON:0002016
UBERON:8920017	UBERON:0003512
UBERON:8920017	UBERON:0005194
UBERON:8920018	UBERON:0002016
UBERON:8920018	UBERON:0003512
UBERON:8920018	UBERON:0005194
UBERON:8920019	UBERON:0002016
UBERON:8920019	UBERON:0003512
UBERON:8920019	UBERON:0005194
UBERON:8920020	UBERON:0003497
UBERON:8920020	UBERON:0039261
UBERON:8920021	UBERON:0001637
UBERON:8920021	UBERON:0003497
UBERON:8920022	UBERON:0001637
UBERON:8920022	UBERON:0003497
UBERON:8920023	UBERON:0001637
UBERON:8920023	UBERON:0003497
UBERON:8920024	UBERON:0002070
UBERON:8920024	UBERON:0003497
UBERON:8920025	UBERON:0002070
UBERON:8920025	UBERON:0003497
UBERON:8920026	UBERON:0001637
UBERON:8920026	UBERON:0003497
UBERON:8920027	UBERON:0001637
UBERON:8920027	UBERON:0003497
UBERON:8920028	UBERON:0011384
UBERON:8920028	UBERON:0013126
UBERON:8920029	UBERON:0011384
UBERON:8920029	UBERON:0013126
UBERON:8920030	UBERON:0011383
UBERON:8920030	UBERON:0013126
UBERON:8920031	UBERON:0011383
UBERON:8920031	UBERON:0013126
UBERON:8920032	UBERON:0001637
UBERON:8920032	UBERON:0003497
UBERON:8920033	UBERON:0001637
UBERON:8920033	UBERON:0003497
UBERON:8920034	UBERON:0001637
UBERON:8920034	UBERON:0003497
UBERON:8920035	UBERON:0003497
UBERON:8920035	UBERON:0035548
UBERON:8920036	UBERON:0001637
UBERON:8920036	UBERON:0003497
UBERON:8920037	UBERON:0001637
UBERON:8920037	UBERON:0003497
UBERON:8920038	UBERON:0003497
UBERON:8920038	UBERON:0035548
UBERON:8920039	UBERON:0001637
UBERON:8920039	UBERON:0015796
UBERON:8920040	UBERON:0001637
UBERON:8920040	UBERON:0015796
UBERON:8920041	UBERON:0035304
UBERON:8920042	UBERON:0001637
UBERON:8920042	UBERON:0003497
UBERON:8920043	UBERON:0001637
UBERON:8920043	UBERON:0003497
UBERON:8920044	UBERON:0001637
UBERON:8920044	UBERON:0003497
UBERON:8920045	UBERON:0001637
UBERON:8920045	UBERON:0003497
UBERON:8920046	UBERON:0001637
UBERON:8920046	UBERON:0003497
UBERON:8920047	UBERON:0013126
UBERON:8920048	UBERON:0013126
UBERON:8920049	UBERON:0001194
UBERON:8920049	UBERON:0003497
UBERON:8920050	UBERON:0003497
UBERON:8920050	UBERON:0035539
UBERON:8920051	UBERON:0001637
UBERON:8920051	UBERON:0003520
UBERON:8920052	UBERON:0001637
UBERON:8920052	UBERON:0003520
UBERON:8920053	UBERON:0001638
UBERON:8920053	UBERON:0003520
UBERON:8920054	UBERON:0001638
UBERON:8920054	UBERON:0003520
UBERON:8920055	UBERON:0001638
UBERON:8920055	UBERON:0003520
_:riog00245096	CL:0000164
_:riog00245101	CL:0000164
_:riog00245106	CL:0000164
_:riog00245503	UBERON:0003461
_:riog00245752	UBERON:0011965
_:riog00245933	UBERON:0010304
_:riog00245939	UBERON:0000488
_:riog00245973	UBERON:0000200
_:riog00246100	UBERON:0006915
_:riog00246141	UBERON:0000200
_:riog00246207	UBERON:0000490
_:riog00246484	UBERON:0002238
_:riog00246490	UBERON:0002238
_:riog00246496	UBERON:0002239
_:riog00246502	UBERON:0002239
_:riog00246959	UBERON:0002238
_:riog00246965	UBERON:0010938
_:riog00246985	UBERON:0011965
_:riog00247164	CL:0000000
